session_id,user_id,product_id,dwell_time_seconds,scroll_depth_pct,variant_clicks,reviews_expanded,added_to_cart,purchased
S-10000,U-1000,P-1423,99,0.24,5,1,0,0
S-10001,U-1001,P-1369,239,0.83,8,1,0,0
S-10002,U-1002,P-1057,38,0.21,6,1,1,1
S-10003,U-1003,P-1063,291,0.96,1,0,0,0
S-10004,U-1004,P-1349,76,0.91,6,0,0,0
S-10005,U-1005,P-1996,145,0.17,1,1,0,0
S-10006,U-1006,P-1026,275,0.9,9,0,0,0
S-10007,U-1007,P-1464,189,0.41,2,0,0,0
S-10008,U-1008,P-1980,83,0.38,2,1,0,0
S-10009,U-1009,P-1365,299,0.56,4,1,0,0
S-10010,U-1010,P-1043,112,0.93,3,1,0,0
S-10011,U-1011,P-1725,258,0.54,7,0,0,0
S-10012,U-1012,P-1865,262,0.51,3,1,0,0
S-10013,U-1013,P-1935,171,0.96,7,0,0,0
S-10014,U-1014,P-1100,280,0.3,5,1,0,0
S-10015,U-1015,P-1933,288,0.39,9,0,0,0
S-10016,U-1016,P-1820,96,0.15,4,1,0,0
S-10017,U-1017,P-1352,18,0.59,8,0,0,0
S-10018,U-1018,P-1622,59,0.15,0,1,0,0
S-10019,U-1019,P-1588,184,0.86,3,1,0,0
S-10020,U-1020,P-1667,296,0.12,9,0,0,0
S-10021,U-1021,P-1045,51,0.47,9,0,0,0
S-10022,U-1022,P-1317,239,0.53,4,1,0,0
S-10023,U-1023,P-1171,16,0.15,6,1,0,0
S-10024,U-1024,P-1651,130,0.51,2,1,0,0
S-10025,U-1025,P-1542,99,0.26,4,0,0,0
S-10026,U-1026,P-1090,247,0.38,3,0,0,0
S-10027,U-1027,P-1488,41,0.86,1,1,0,0
S-10028,U-1028,P-1940,151,0.22,2,0,0,0
S-10029,U-1029,P-1230,114,0.22,5,1,1,1
S-10030,U-1030,P-1216,286,0.61,5,0,0,0
S-10031,U-1031,P-1865,74,0.23,6,1,1,0
S-10032,U-1032,P-1285,97,0.45,0,0,0,0
S-10033,U-1033,P-1258,177,0.34,0,0,0,0
S-10034,U-1034,P-1944,61,0.88,5,0,0,0
S-10035,U-1035,P-1700,264,0.57,0,1,1,0
S-10036,U-1036,P-1917,130,0.36,0,0,0,0
S-10037,U-1037,P-1716,44,0.69,4,1,0,0
S-10038,U-1038,P-1505,242,0.28,2,1,0,0
S-10039,U-1039,P-1035,256,0.85,7,0,0,0
S-10040,U-1040,P-1465,262,0.66,3,1,0,0
S-10041,U-1041,P-1917,254,0.43,8,1,1,0
S-10042,U-1042,P-1829,39,0.4,5,1,0,0
S-10043,U-1043,P-1966,264,0.47,1,1,0,0
S-10044,U-1044,P-1214,93,0.48,5,1,0,0
S-10045,U-1045,P-1938,235,0.7,1,0,1,0
S-10046,U-1046,P-1337,265,0.38,4,1,0,0
S-10047,U-1047,P-1757,283,0.45,2,1,0,0
S-10048,U-1048,P-1148,58,0.96,5,0,0,0
S-10049,U-1049,P-1814,241,0.76,4,0,1,0
S-10050,U-1050,P-1116,249,0.71,4,1,0,0
S-10051,U-1051,P-1394,187,0.48,0,0,0,0
S-10052,U-1052,P-1798,61,0.87,9,1,0,0
S-10053,U-1053,P-1303,53,0.55,1,1,0,0
S-10054,U-1054,P-1574,15,0.16,9,1,1,1
S-10055,U-1055,P-1627,66,0.23,6,0,0,0
S-10056,U-1056,P-1879,209,0.97,4,1,0,0
S-10057,U-1057,P-1916,188,0.74,6,0,0,0
S-10058,U-1058,P-1672,273,0.28,0,0,0,0
S-10059,U-1059,P-1140,234,0.19,3,0,0,0
S-10060,U-1060,P-1679,265,0.25,5,0,0,0
S-10061,U-1061,P-1835,172,0.42,8,1,0,0
S-10062,U-1062,P-1818,227,0.31,1,1,0,0
S-10063,U-1063,P-1932,160,0.38,2,1,0,0
S-10064,U-1064,P-1583,114,0.46,7,0,0,0
S-10065,U-1065,P-1993,177,0.16,1,0,0,0
S-10066,U-1066,P-1978,292,0.95,7,0,0,0
S-10067,U-1067,P-1934,230,0.68,3,1,0,0
S-10068,U-1068,P-1461,274,0.45,9,0,1,0
S-10069,U-1069,P-1388,6,0.4,3,1,0,0
S-10070,U-1070,P-1115,112,0.48,5,0,0,0
S-10071,U-1071,P-1252,285,0.21,3,0,0,0
S-10072,U-1072,P-1559,273,0.71,1,0,0,0
S-10073,U-1073,P-1744,284,0.33,8,0,0,0
S-10074,U-1074,P-1779,269,0.84,7,1,0,0
S-10075,U-1075,P-1370,177,0.67,4,1,0,0
S-10076,U-1076,P-1887,159,0.45,7,0,0,0
S-10077,U-1077,P-1160,62,0.9,9,1,0,0
S-10078,U-1078,P-1068,137,0.83,9,0,0,0
S-10079,U-1079,P-1143,294,0.88,2,1,0,0
S-10080,U-1080,P-1327,181,0.9,6,1,0,0
S-10081,U-1081,P-1634,77,0.84,6,0,0,0
S-10082,U-1082,P-1714,12,0.88,4,0,0,0
S-10083,U-1083,P-1965,63,0.45,1,1,0,0
S-10084,U-1084,P-1009,268,0.32,2,1,0,0
S-10085,U-1085,P-1306,89,0.82,9,1,0,0
S-10086,U-1086,P-1638,138,0.53,7,0,0,0
S-10087,U-1087,P-1792,223,0.26,0,0,0,0
S-10088,U-1088,P-1304,194,0.4,1,0,0,0
S-10089,U-1089,P-1287,217,0.93,4,0,0,0
S-10090,U-1090,P-1815,9,0.71,0,0,0,0
S-10091,U-1091,P-1849,287,0.7,4,1,0,0
S-10092,U-1092,P-1001,48,0.98,3,1,0,0
S-10093,U-1093,P-1732,6,0.33,9,0,1,0
S-10094,U-1094,P-1912,33,0.26,8,1,0,0
S-10095,U-1095,P-1375,134,0.18,1,0,0,0
S-10096,U-1096,P-1387,183,0.91,5,1,0,0
S-10097,U-1097,P-1804,223,0.26,0,0,0,0
S-10098,U-1098,P-1236,131,0.78,2,1,0,0
S-10099,U-1099,P-1545,113,0.2,8,0,0,0
S-10100,U-1100,P-1530,11,0.41,8,1,0,0
S-10101,U-1101,P-1105,190,0.21,5,1,0,0
S-10102,U-1102,P-1473,287,0.65,8,0,0,0
S-10103,U-1103,P-1216,92,0.75,7,0,0,0
S-10104,U-1104,P-1634,99,0.18,9,0,0,0
S-10105,U-1105,P-1106,111,0.32,5,1,0,0
S-10106,U-1106,P-1960,299,0.77,3,1,0,0
S-10107,U-1107,P-1260,125,0.68,1,0,0,0
S-10108,U-1108,P-1433,263,0.31,7,1,0,0
S-10109,U-1109,P-1623,196,0.69,8,0,0,0
S-10110,U-1110,P-1084,140,0.25,7,0,0,0
S-10111,U-1111,P-1735,121,0.63,1,1,1,0
S-10112,U-1112,P-1690,176,0.52,2,0,0,0
S-10113,U-1113,P-1709,177,1.0,7,0,0,0
S-10114,U-1114,P-1896,245,0.46,9,0,0,0
S-10115,U-1115,P-1607,213,0.1,6,0,1,0
S-10116,U-1116,P-1844,88,0.54,0,1,0,0
S-10117,U-1117,P-1628,219,0.61,3,0,0,0
S-10118,U-1118,P-1419,219,0.96,2,1,0,0
S-10119,U-1119,P-1233,47,0.39,2,1,1,0
S-10120,U-1120,P-1701,267,0.7,7,1,0,0
S-10121,U-1121,P-1547,14,0.94,8,1,0,0
S-10122,U-1122,P-1673,210,0.73,2,1,0,0
S-10123,U-1123,P-1870,69,0.21,3,0,0,0
S-10124,U-1124,P-1717,175,0.33,8,1,0,0
S-10125,U-1125,P-1229,208,0.12,2,1,0,0
S-10126,U-1126,P-1323,158,0.91,2,1,0,0
S-10127,U-1127,P-1402,166,0.43,2,1,0,0
S-10128,U-1128,P-1773,7,0.88,4,0,0,0
S-10129,U-1129,P-1633,26,0.12,2,1,0,0
S-10130,U-1130,P-1559,208,0.69,1,0,1,1
S-10131,U-1131,P-1874,134,0.16,1,1,0,0
S-10132,U-1132,P-1223,171,0.26,2,1,0,0
S-10133,U-1133,P-1068,281,0.18,1,1,0,0
S-10134,U-1134,P-1267,281,0.27,3,1,0,0
S-10135,U-1135,P-1816,149,0.99,5,1,0,0
S-10136,U-1136,P-1255,175,0.91,2,0,0,0
S-10137,U-1137,P-1442,242,0.21,2,1,0,0
S-10138,U-1138,P-1437,160,0.75,0,0,0,0
S-10139,U-1139,P-1643,181,0.49,9,1,1,1
S-10140,U-1140,P-1842,238,0.32,2,1,0,0
S-10141,U-1141,P-1490,9,0.29,2,0,0,0
S-10142,U-1142,P-1707,64,0.56,3,1,1,1
S-10143,U-1143,P-1306,34,0.83,1,0,0,0
S-10144,U-1144,P-1480,197,0.65,2,1,0,0
S-10145,U-1145,P-1640,144,0.85,8,1,0,0
S-10146,U-1146,P-1443,5,0.18,4,1,0,0
S-10147,U-1147,P-1629,85,0.5,8,0,0,0
S-10148,U-1148,P-1113,221,0.7,3,0,0,0
S-10149,U-1149,P-1344,121,0.71,7,1,0,0
S-10150,U-1150,P-1535,27,0.63,3,0,0,0
S-10151,U-1151,P-1232,1,0.18,7,0,0,0
S-10152,U-1152,P-1697,156,0.73,2,1,1,0
S-10153,U-1153,P-1191,17,0.51,2,0,0,0
S-10154,U-1154,P-1659,140,0.3,3,1,0,0
S-10155,U-1155,P-1323,131,0.65,2,1,0,0
S-10156,U-1156,P-1679,18,0.5,4,0,1,1
S-10157,U-1157,P-1004,112,0.14,5,0,0,0
S-10158,U-1158,P-1332,4,0.2,7,1,0,0
S-10159,U-1159,P-1962,290,0.11,3,0,0,0
S-10160,U-1160,P-1041,77,0.73,8,1,0,0
S-10161,U-1161,P-1515,53,0.21,1,1,1,1
S-10162,U-1162,P-1360,147,0.98,1,1,0,0
S-10163,U-1163,P-1549,212,0.87,4,0,0,0
S-10164,U-1164,P-1125,39,0.21,4,1,0,0
S-10165,U-1165,P-1239,9,0.35,8,1,0,0
S-10166,U-1166,P-1709,297,0.3,4,0,0,0
S-10167,U-1167,P-1151,240,0.41,2,1,0,0
S-10168,U-1168,P-1110,288,0.39,6,0,0,0
S-10169,U-1169,P-1013,282,0.25,5,0,0,0
S-10170,U-1170,P-1662,186,0.75,4,0,0,0
S-10171,U-1171,P-1239,200,0.45,0,0,0,0
S-10172,U-1172,P-1518,76,0.48,0,0,0,0
S-10173,U-1173,P-1436,151,0.96,1,1,0,0
S-10174,U-1174,P-1140,192,0.3,7,1,0,0
S-10175,U-1175,P-1505,289,0.54,2,0,0,0
S-10176,U-1176,P-1902,201,0.25,0,1,0,0
S-10177,U-1177,P-1216,100,0.55,0,1,0,0
S-10178,U-1178,P-1181,99,0.69,1,1,0,0
S-10179,U-1179,P-1640,27,0.79,9,0,1,0
S-10180,U-1180,P-1972,13,0.16,0,1,0,0
S-10181,U-1181,P-1867,90,0.38,9,0,0,0
S-10182,U-1182,P-1229,190,0.57,7,1,0,0
S-10183,U-1183,P-1712,48,0.45,4,1,1,1
S-10184,U-1184,P-1637,20,0.98,8,0,0,0
S-10185,U-1185,P-1025,77,0.34,3,1,0,0
S-10186,U-1186,P-1919,164,0.46,1,0,0,0
S-10187,U-1187,P-1095,251,0.54,7,1,0,0
S-10188,U-1188,P-1064,3,0.36,0,1,0,0
S-10189,U-1189,P-1897,60,0.26,6,0,0,0
S-10190,U-1190,P-1555,217,0.36,9,0,0,0
S-10191,U-1191,P-1105,180,0.77,0,1,1,1
S-10192,U-1192,P-1634,29,0.36,8,0,0,0
S-10193,U-1193,P-1537,166,0.94,9,1,0,0
S-10194,U-1194,P-1517,140,0.81,4,0,1,1
S-10195,U-1195,P-1225,115,0.76,2,1,0,0
S-10196,U-1196,P-1669,69,0.8,2,1,0,0
S-10197,U-1197,P-1451,190,0.7,5,1,0,0
S-10198,U-1198,P-1907,90,0.4,1,0,0,0
S-10199,U-1199,P-1704,165,0.56,2,1,0,0
S-10200,U-1200,P-1374,67,0.44,3,1,0,0
S-10201,U-1201,P-1221,256,0.36,4,1,0,0
S-10202,U-1202,P-1336,167,0.6,3,1,0,0
S-10203,U-1203,P-1114,11,0.27,5,0,0,0
S-10204,U-1204,P-1971,90,0.64,7,0,0,0
S-10205,U-1205,P-1881,38,0.99,9,1,0,0
S-10206,U-1206,P-1750,142,0.2,4,0,0,0
S-10207,U-1207,P-1036,58,0.31,7,0,0,0
S-10208,U-1208,P-1712,260,0.97,8,1,0,0
S-10209,U-1209,P-1519,15,0.96,8,0,0,0
S-10210,U-1210,P-1639,36,0.41,7,0,0,0
S-10211,U-1211,P-1563,88,0.79,6,1,0,0
S-10212,U-1212,P-1718,38,0.15,4,1,0,0
S-10213,U-1213,P-1471,18,0.54,0,0,0,0
S-10214,U-1214,P-1327,141,0.35,2,1,0,0
S-10215,U-1215,P-1120,67,0.34,8,0,0,0
S-10216,U-1216,P-1639,271,0.43,8,0,1,0
S-10217,U-1217,P-1673,198,0.42,9,0,0,0
S-10218,U-1218,P-1612,102,0.76,7,0,0,0
S-10219,U-1219,P-1343,184,0.29,9,0,0,0
S-10220,U-1220,P-1716,235,0.34,2,1,0,0
S-10221,U-1221,P-1403,71,0.79,3,0,0,0
S-10222,U-1222,P-1334,190,0.52,3,1,0,0
S-10223,U-1223,P-1417,25,0.28,2,1,0,0
S-10224,U-1224,P-1515,215,0.74,9,1,0,0
S-10225,U-1225,P-1350,148,0.23,4,0,0,0
S-10226,U-1226,P-1359,63,0.57,9,1,0,0
S-10227,U-1227,P-1328,203,0.65,4,0,0,0
S-10228,U-1228,P-1562,126,1.0,7,1,0,0
S-10229,U-1229,P-1874,68,0.7,9,1,0,0
S-10230,U-1230,P-1373,254,0.61,8,0,0,0
S-10231,U-1231,P-1104,137,0.18,9,0,0,0
S-10232,U-1232,P-1314,7,0.82,4,1,0,0
S-10233,U-1233,P-1756,128,0.97,9,1,0,0
S-10234,U-1234,P-1629,126,0.65,4,1,0,0
S-10235,U-1235,P-1938,147,0.31,5,1,0,0
S-10236,U-1236,P-1634,248,0.15,7,1,0,0
S-10237,U-1237,P-1808,29,0.96,9,1,0,0
S-10238,U-1238,P-1171,194,0.8,4,1,0,0
S-10239,U-1239,P-1360,125,0.8,3,1,0,0
S-10240,U-1240,P-1032,107,0.33,2,0,0,0
S-10241,U-1241,P-1482,103,0.43,6,0,1,0
S-10242,U-1242,P-1140,240,0.31,5,1,0,0
S-10243,U-1243,P-1716,155,0.13,9,0,0,0
S-10244,U-1244,P-1268,201,0.68,0,1,0,0
S-10245,U-1245,P-1467,131,0.14,8,0,0,0
S-10246,U-1246,P-1541,170,0.16,5,1,0,0
S-10247,U-1247,P-1871,145,0.75,0,0,1,0
S-10248,U-1248,P-1222,289,0.37,1,0,0,0
S-10249,U-1249,P-1601,129,0.69,5,0,1,1
S-10250,U-1250,P-1277,283,0.59,2,0,0,0
S-10251,U-1251,P-1585,197,0.9,7,1,1,0
S-10252,U-1252,P-1033,225,0.91,3,0,0,0
S-10253,U-1253,P-1979,236,0.44,4,1,0,0
S-10254,U-1254,P-1697,213,0.46,4,0,0,0
S-10255,U-1255,P-1620,73,0.94,2,1,0,0
S-10256,U-1256,P-1174,184,0.97,3,0,0,0
S-10257,U-1257,P-1161,197,0.91,0,1,0,0
S-10258,U-1258,P-1120,274,0.1,5,0,0,0
S-10259,U-1259,P-1875,98,0.58,3,0,0,0
S-10260,U-1260,P-1468,128,0.27,7,1,0,0
S-10261,U-1261,P-1725,53,0.87,0,0,0,0
S-10262,U-1262,P-1308,4,0.22,5,0,0,0
S-10263,U-1263,P-1713,297,0.54,4,0,0,0
S-10264,U-1264,P-1475,19,0.5,4,1,0,0
S-10265,U-1265,P-1770,108,0.74,3,1,0,0
S-10266,U-1266,P-1646,194,0.82,1,1,0,0
S-10267,U-1267,P-1119,276,0.43,7,0,0,0
S-10268,U-1268,P-1608,297,0.69,1,1,0,0
S-10269,U-1269,P-1225,179,0.37,7,1,0,0
S-10270,U-1270,P-1432,273,0.11,1,1,0,0
S-10271,U-1271,P-1697,82,0.24,7,0,0,0
S-10272,U-1272,P-1791,231,0.99,1,1,1,1
S-10273,U-1273,P-1239,211,0.58,3,0,0,0
S-10274,U-1274,P-1560,114,0.84,4,0,0,0
S-10275,U-1275,P-1786,166,0.87,0,0,0,0
S-10276,U-1276,P-1245,60,0.51,9,1,0,0
S-10277,U-1277,P-1564,234,0.82,8,0,0,0
S-10278,U-1278,P-1689,106,0.4,2,1,0,0
S-10279,U-1279,P-1643,19,0.95,1,1,0,0
S-10280,U-1280,P-1288,95,0.38,4,1,0,0
S-10281,U-1281,P-1200,248,0.46,2,0,0,0
S-10282,U-1282,P-1192,66,0.48,4,1,0,0
S-10283,U-1283,P-1741,213,0.53,9,0,0,0
S-10284,U-1284,P-1759,12,0.97,6,0,0,0
S-10285,U-1285,P-1130,264,0.62,5,0,0,0
S-10286,U-1286,P-1305,245,0.48,6,1,0,0
S-10287,U-1287,P-1166,43,0.64,1,1,0,0
S-10288,U-1288,P-1272,205,0.37,5,0,0,0
S-10289,U-1289,P-1545,263,0.21,7,0,0,0
S-10290,U-1290,P-1776,92,0.27,6,1,0,0
S-10291,U-1291,P-1566,52,0.7,4,0,0,0
S-10292,U-1292,P-1831,268,0.78,9,1,0,0
S-10293,U-1293,P-1445,172,0.71,4,1,1,0
S-10294,U-1294,P-1702,279,0.63,0,0,0,0
S-10295,U-1295,P-1983,32,0.47,9,1,0,0
S-10296,U-1296,P-1723,236,0.64,9,1,0,0
S-10297,U-1297,P-1373,26,0.48,7,1,1,1
S-10298,U-1298,P-1013,289,0.18,7,0,0,0
S-10299,U-1299,P-1341,64,0.52,0,0,0,0
S-10300,U-1300,P-1440,170,0.75,3,1,0,0
S-10301,U-1301,P-1993,290,0.96,6,0,0,0
S-10302,U-1302,P-1940,83,0.15,6,0,0,0
S-10303,U-1303,P-1463,84,0.11,4,0,0,0
S-10304,U-1304,P-1678,235,0.92,4,1,0,0
S-10305,U-1305,P-1150,186,0.86,2,0,0,0
S-10306,U-1306,P-1312,117,0.37,9,1,1,1
S-10307,U-1307,P-1944,38,0.81,2,0,0,0
S-10308,U-1308,P-1545,261,0.38,6,0,0,0
S-10309,U-1309,P-1282,180,0.65,9,0,0,0
S-10310,U-1310,P-1484,276,0.31,0,0,0,0
S-10311,U-1311,P-1160,155,0.98,1,1,0,0
S-10312,U-1312,P-1709,58,0.95,2,1,0,0
S-10313,U-1313,P-1042,132,0.63,9,0,0,0
S-10314,U-1314,P-1133,84,0.32,6,1,0,0
S-10315,U-1315,P-1845,271,0.12,1,1,0,0
S-10316,U-1316,P-1930,106,0.32,7,1,0,0
S-10317,U-1317,P-1192,58,0.69,6,1,0,0
S-10318,U-1318,P-1354,11,0.54,0,1,0,0
S-10319,U-1319,P-1319,48,0.57,9,0,0,0
S-10320,U-1320,P-1680,72,0.21,4,1,0,0
S-10321,U-1321,P-1213,240,0.89,9,1,0,0
S-10322,U-1322,P-1568,281,0.7,2,1,0,0
S-10323,U-1323,P-1497,174,0.67,2,0,0,0
S-10324,U-1324,P-1890,76,0.63,1,1,0,0
S-10325,U-1325,P-1221,24,0.95,7,1,0,0
S-10326,U-1326,P-1590,244,0.71,8,0,0,0
S-10327,U-1327,P-1219,33,0.56,1,0,0,0
S-10328,U-1328,P-1233,293,0.31,8,0,0,0
S-10329,U-1329,P-1646,222,0.81,9,0,0,0
S-10330,U-1330,P-1313,97,0.72,1,1,0,0
S-10331,U-1331,P-1944,187,0.3,5,1,1,0
S-10332,U-1332,P-1111,288,0.91,6,0,1,0
S-10333,U-1333,P-1319,243,0.98,1,0,0,0
S-10334,U-1334,P-1353,166,0.76,8,1,0,0
S-10335,U-1335,P-1567,75,0.18,1,0,0,0
S-10336,U-1336,P-1684,167,0.38,5,1,0,0
S-10337,U-1337,P-1887,109,0.15,9,0,0,0
S-10338,U-1338,P-1773,86,0.72,6,0,0,0
S-10339,U-1339,P-1517,120,0.63,2,0,0,0
S-10340,U-1340,P-1681,245,0.37,7,1,0,0
S-10341,U-1341,P-1155,33,0.75,3,0,0,0
S-10342,U-1342,P-1351,118,0.3,4,1,0,0
S-10343,U-1343,P-1703,3,0.23,0,1,0,0
S-10344,U-1344,P-1707,60,0.42,7,1,1,1
S-10345,U-1345,P-1735,251,0.99,4,0,0,0
S-10346,U-1346,P-1393,24,0.21,9,1,0,0
S-10347,U-1347,P-1360,190,0.68,3,0,0,0
S-10348,U-1348,P-1254,188,0.83,1,0,0,0
S-10349,U-1349,P-1475,93,0.88,0,0,0,0
S-10350,U-1350,P-1130,169,0.78,9,1,0,0
S-10351,U-1351,P-1097,188,0.18,7,1,0,0
S-10352,U-1352,P-1726,268,0.37,2,0,0,0
S-10353,U-1353,P-1253,1,0.84,2,0,0,0
S-10354,U-1354,P-1527,224,0.91,5,1,0,0
S-10355,U-1355,P-1099,188,0.48,9,1,0,0
S-10356,U-1356,P-1869,86,0.76,1,1,0,0
S-10357,U-1357,P-1988,194,0.7,5,1,0,0
S-10358,U-1358,P-1461,165,0.74,5,1,0,0
S-10359,U-1359,P-1453,299,0.21,4,0,0,0
S-10360,U-1360,P-1029,215,0.31,4,0,0,0
S-10361,U-1361,P-1142,12,0.37,5,1,0,0
S-10362,U-1362,P-1856,83,0.87,8,0,0,0
S-10363,U-1363,P-1818,61,0.99,9,1,0,0
S-10364,U-1364,P-1517,162,0.7,2,0,0,0
S-10365,U-1365,P-1032,216,0.71,3,0,0,0
S-10366,U-1366,P-1303,185,0.57,9,0,0,0
S-10367,U-1367,P-1604,29,0.54,2,1,0,0
S-10368,U-1368,P-1056,7,0.95,9,1,0,0
S-10369,U-1369,P-1023,146,0.58,3,0,0,0
S-10370,U-1370,P-1668,178,0.21,0,1,0,0
S-10371,U-1371,P-1811,85,0.33,3,1,1,1
S-10372,U-1372,P-1511,117,0.6,6,0,0,0
S-10373,U-1373,P-1869,176,0.4,0,0,1,1
S-10374,U-1374,P-1097,167,0.12,3,0,0,0
S-10375,U-1375,P-1549,21,0.18,4,1,0,0
S-10376,U-1376,P-1097,192,0.67,8,0,0,0
S-10377,U-1377,P-1323,236,0.19,4,0,0,0
S-10378,U-1378,P-1078,245,0.92,3,0,0,0
S-10379,U-1379,P-1589,117,0.51,7,1,0,0
S-10380,U-1380,P-1854,2,0.67,3,0,0,0
S-10381,U-1381,P-1946,19,0.65,4,0,0,0
S-10382,U-1382,P-1646,87,0.37,0,0,0,0
S-10383,U-1383,P-1257,185,0.91,8,0,0,0
S-10384,U-1384,P-1968,273,0.78,7,0,0,0
S-10385,U-1385,P-1585,107,0.25,1,0,0,0
S-10386,U-1386,P-1677,43,0.26,7,1,0,0
S-10387,U-1387,P-1726,292,0.54,4,0,0,0
S-10388,U-1388,P-1379,86,0.36,5,0,0,0
S-10389,U-1389,P-1034,113,0.16,2,0,1,0
S-10390,U-1390,P-1927,112,0.91,7,1,0,0
S-10391,U-1391,P-1400,97,0.62,6,0,0,0
S-10392,U-1392,P-1467,173,0.27,5,0,0,0
S-10393,U-1393,P-1816,176,0.78,5,1,0,0
S-10394,U-1394,P-1921,153,0.67,3,0,0,0
S-10395,U-1395,P-1283,264,0.37,0,1,1,1
S-10396,U-1396,P-1686,40,0.33,0,1,0,0
S-10397,U-1397,P-1339,260,0.56,0,1,0,0
S-10398,U-1398,P-1374,188,0.64,2,1,0,0
S-10399,U-1399,P-1011,160,0.35,0,1,0,0
S-10400,U-1400,P-1683,288,0.32,0,1,0,0
S-10401,U-1401,P-1709,293,0.92,3,1,0,0
S-10402,U-1402,P-1821,178,0.15,4,1,0,0
S-10403,U-1403,P-1541,134,0.12,6,0,0,0
S-10404,U-1404,P-1510,23,0.21,9,0,0,0
S-10405,U-1405,P-1749,258,0.13,8,0,0,0
S-10406,U-1406,P-1546,279,0.89,7,1,0,0
S-10407,U-1407,P-1160,60,0.84,0,1,0,0
S-10408,U-1408,P-1732,198,0.69,7,1,0,0
S-10409,U-1409,P-1985,42,0.88,8,0,0,0
S-10410,U-1410,P-1329,74,0.15,7,0,0,0
S-10411,U-1411,P-1937,254,0.53,4,1,0,0
S-10412,U-1412,P-1266,283,0.22,7,0,0,0
S-10413,U-1413,P-1656,197,0.21,7,1,0,0
S-10414,U-1414,P-1284,204,0.95,1,0,0,0
S-10415,U-1415,P-1600,186,0.2,1,1,0,0
S-10416,U-1416,P-1679,296,0.18,0,0,0,0
S-10417,U-1417,P-1366,48,0.52,2,0,0,0
S-10418,U-1418,P-1569,17,0.87,0,1,1,1
S-10419,U-1419,P-1963,158,0.15,5,1,1,1
S-10420,U-1420,P-1366,31,0.76,6,0,0,0
S-10421,U-1421,P-1690,169,0.75,2,1,0,0
S-10422,U-1422,P-1197,240,0.81,3,0,0,0
S-10423,U-1423,P-1083,20,0.96,4,0,0,0
S-10424,U-1424,P-1516,215,0.59,9,0,0,0
S-10425,U-1425,P-1176,188,0.77,7,1,0,0
S-10426,U-1426,P-1634,251,0.77,4,1,0,0
S-10427,U-1427,P-1696,72,0.45,4,1,0,0
S-10428,U-1428,P-1093,296,0.51,5,0,0,0
S-10429,U-1429,P-1877,92,0.58,8,0,0,0
S-10430,U-1430,P-1961,139,0.62,6,1,1,0
S-10431,U-1431,P-1654,238,0.81,8,1,0,0
S-10432,U-1432,P-1372,157,0.51,1,0,0,0
S-10433,U-1433,P-1090,175,0.7,9,1,0,0
S-10434,U-1434,P-1319,134,0.46,9,1,0,0
S-10435,U-1435,P-1339,59,0.24,6,0,0,0
S-10436,U-1436,P-1681,173,0.52,9,0,0,0
S-10437,U-1437,P-1004,27,0.52,2,0,0,0
S-10438,U-1438,P-1205,242,0.36,9,0,0,0
S-10439,U-1439,P-1255,204,0.88,1,0,0,0
S-10440,U-1440,P-1497,174,0.59,0,1,0,0
S-10441,U-1441,P-1021,13,0.56,1,0,0,0
S-10442,U-1442,P-1440,59,0.57,8,0,0,0
S-10443,U-1443,P-1962,146,0.75,2,0,0,0
S-10444,U-1444,P-1626,63,0.39,9,0,0,0
S-10445,U-1445,P-1918,265,0.62,5,0,0,0
S-10446,U-1446,P-1495,223,0.76,9,1,0,0
S-10447,U-1447,P-1874,18,0.61,8,1,0,0
S-10448,U-1448,P-1118,248,0.59,8,0,0,0
S-10449,U-1449,P-1160,38,0.11,3,1,0,0
S-10450,U-1450,P-1972,52,0.85,6,0,0,0
S-10451,U-1451,P-1096,87,0.98,3,1,0,0
S-10452,U-1452,P-1000,6,0.85,9,0,0,0
S-10453,U-1453,P-1494,133,0.2,3,1,1,0
S-10454,U-1454,P-1744,287,0.39,4,1,0,0
S-10455,U-1455,P-1670,7,0.2,2,0,0,0
S-10456,U-1456,P-1909,87,0.25,7,1,0,0
S-10457,U-1457,P-1446,81,0.65,8,0,0,0
S-10458,U-1458,P-1305,154,0.5,5,0,0,0
S-10459,U-1459,P-1538,32,0.92,8,1,0,0
S-10460,U-1460,P-1475,178,0.64,4,0,0,0
S-10461,U-1461,P-1663,189,0.89,0,1,0,0
S-10462,U-1462,P-1282,103,0.55,1,1,0,0
S-10463,U-1463,P-1195,230,0.7,1,0,0,0
S-10464,U-1464,P-1306,4,0.94,1,0,0,0
S-10465,U-1465,P-1813,10,0.96,9,0,0,0
S-10466,U-1466,P-1970,104,0.84,5,1,0,0
S-10467,U-1467,P-1264,5,0.49,0,0,0,0
S-10468,U-1468,P-1318,110,0.29,9,1,0,0
S-10469,U-1469,P-1068,246,0.67,2,0,0,0
S-10470,U-1470,P-1962,30,0.17,4,1,0,0
S-10471,U-1471,P-1524,161,0.84,8,1,0,0
S-10472,U-1472,P-1429,26,0.58,9,0,0,0
S-10473,U-1473,P-1770,166,0.36,8,1,0,0
S-10474,U-1474,P-1099,17,0.15,8,0,0,0
S-10475,U-1475,P-1655,207,0.68,6,0,0,0
S-10476,U-1476,P-1097,271,0.97,8,0,0,0
S-10477,U-1477,P-1388,160,0.63,8,1,0,0
S-10478,U-1478,P-1458,260,0.18,7,0,0,0
S-10479,U-1479,P-1535,243,0.69,0,1,0,0
S-10480,U-1480,P-1672,108,0.83,5,1,0,0
S-10481,U-1481,P-1043,68,0.18,4,0,0,0
S-10482,U-1482,P-1088,260,0.15,2,0,0,0
S-10483,U-1483,P-1587,131,0.98,0,1,0,0
S-10484,U-1484,P-1052,68,0.54,4,0,0,0
S-10485,U-1485,P-1541,17,0.49,5,0,0,0
S-10486,U-1486,P-1154,50,0.5,5,1,0,0
S-10487,U-1487,P-1980,107,0.56,3,0,0,0
S-10488,U-1488,P-1862,140,0.32,9,1,0,0
S-10489,U-1489,P-1301,169,0.46,2,1,0,0
S-10490,U-1490,P-1502,154,0.13,9,0,0,0
S-10491,U-1491,P-1553,159,0.26,5,0,1,0
S-10492,U-1492,P-1909,228,0.27,1,1,0,0
S-10493,U-1493,P-1801,63,0.28,3,0,0,0
S-10494,U-1494,P-1477,170,0.81,2,0,0,0
S-10495,U-1495,P-1758,66,0.66,5,1,0,0
S-10496,U-1496,P-1257,23,0.38,5,1,0,0
S-10497,U-1497,P-1332,3,0.46,4,1,0,0
S-10498,U-1498,P-1728,130,0.92,4,0,0,0
S-10499,U-1499,P-1143,184,0.36,0,1,1,0
S-10500,U-1500,P-1088,8,0.85,2,1,0,0
S-10501,U-1501,P-1270,281,0.29,4,1,0,0
S-10502,U-1502,P-1881,70,0.39,4,1,0,0
S-10503,U-1503,P-1493,2,0.29,7,0,0,0
S-10504,U-1504,P-1191,130,0.55,7,1,0,0
S-10505,U-1505,P-1432,172,0.75,8,0,0,0
S-10506,U-1506,P-1094,241,0.8,2,1,0,0
S-10507,U-1507,P-1891,62,0.81,1,1,0,0
S-10508,U-1508,P-1019,54,0.62,9,0,0,0
S-10509,U-1509,P-1589,44,0.91,1,1,0,0
S-10510,U-1510,P-1690,262,0.55,9,0,0,0
S-10511,U-1511,P-1113,194,0.16,3,1,0,0
S-10512,U-1512,P-1339,271,0.15,2,1,1,1
S-10513,U-1513,P-1741,173,0.72,1,1,0,0
S-10514,U-1514,P-1380,41,0.67,3,1,0,0
S-10515,U-1515,P-1513,97,0.9,0,0,1,1
S-10516,U-1516,P-1706,91,0.4,9,0,0,0
S-10517,U-1517,P-1543,48,0.26,7,0,0,0
S-10518,U-1518,P-1445,154,0.45,6,1,0,0
S-10519,U-1519,P-1738,117,0.83,2,1,0,0
S-10520,U-1520,P-1526,10,0.31,6,0,0,0
S-10521,U-1521,P-1695,274,0.76,5,0,0,0
S-10522,U-1522,P-1193,215,0.49,4,1,0,0
S-10523,U-1523,P-1013,261,0.46,3,1,0,0
S-10524,U-1524,P-1304,242,0.18,8,1,0,0
S-10525,U-1525,P-1669,102,0.57,3,1,0,0
S-10526,U-1526,P-1454,180,0.31,7,1,0,0
S-10527,U-1527,P-1907,200,0.53,7,0,0,0
S-10528,U-1528,P-1117,255,0.28,9,0,0,0
S-10529,U-1529,P-1927,151,0.59,8,0,0,0
S-10530,U-1530,P-1793,289,0.24,5,0,0,0
S-10531,U-1531,P-1039,246,0.63,8,1,0,0
S-10532,U-1532,P-1879,70,0.23,8,0,0,0
S-10533,U-1533,P-1606,51,0.57,3,1,0,0
S-10534,U-1534,P-1946,109,0.62,8,0,1,1
S-10535,U-1535,P-1260,2,0.84,1,1,0,0
S-10536,U-1536,P-1360,13,0.49,3,1,0,0
S-10537,U-1537,P-1812,272,0.44,2,0,0,0
S-10538,U-1538,P-1364,286,0.99,6,0,0,0
S-10539,U-1539,P-1440,288,0.45,7,0,0,0
S-10540,U-1540,P-1010,4,0.15,0,1,0,0
S-10541,U-1541,P-1722,296,0.92,6,1,0,0
S-10542,U-1542,P-1745,204,0.28,5,1,1,0
S-10543,U-1543,P-1644,240,0.97,7,0,0,0
S-10544,U-1544,P-1147,33,0.22,4,0,0,0
S-10545,U-1545,P-1055,289,0.6,3,0,0,0
S-10546,U-1546,P-1802,261,0.19,2,1,0,0
S-10547,U-1547,P-1229,157,0.96,0,1,0,0
S-10548,U-1548,P-1044,213,0.14,2,1,0,0
S-10549,U-1549,P-1127,72,0.57,6,1,0,0
S-10550,U-1550,P-1920,198,0.12,2,0,0,0
S-10551,U-1551,P-1383,268,0.58,2,1,0,0
S-10552,U-1552,P-1132,184,0.35,0,0,0,0
S-10553,U-1553,P-1174,169,0.61,8,1,0,0
S-10554,U-1554,P-1204,185,0.92,2,1,0,0
S-10555,U-1555,P-1235,2,0.34,2,0,0,0
S-10556,U-1556,P-1433,103,0.44,1,0,0,0
S-10557,U-1557,P-1975,229,0.12,0,1,0,0
S-10558,U-1558,P-1703,235,0.62,2,1,0,0
S-10559,U-1559,P-1497,49,0.5,0,0,0,0
S-10560,U-1560,P-1106,40,0.36,5,0,0,0
S-10561,U-1561,P-1803,85,0.17,9,0,0,0
S-10562,U-1562,P-1559,39,0.94,2,1,0,0
S-10563,U-1563,P-1665,55,0.94,6,1,0,0
S-10564,U-1564,P-1604,168,0.68,0,1,0,0
S-10565,U-1565,P-1841,25,0.91,3,1,1,0
S-10566,U-1566,P-1543,281,0.93,1,1,0,0
S-10567,U-1567,P-1608,199,0.45,6,1,0,0
S-10568,U-1568,P-1771,230,0.6,0,0,0,0
S-10569,U-1569,P-1652,132,0.49,8,1,0,0
S-10570,U-1570,P-1009,53,1.0,0,1,0,0
S-10571,U-1571,P-1177,245,0.41,1,1,0,0
S-10572,U-1572,P-1205,165,0.79,3,1,0,0
S-10573,U-1573,P-1154,244,0.38,5,1,1,1
S-10574,U-1574,P-1612,39,0.23,2,0,0,0
S-10575,U-1575,P-1146,268,0.54,2,0,0,0
S-10576,U-1576,P-1756,222,0.52,9,0,1,0
S-10577,U-1577,P-1704,298,0.96,5,0,0,0
S-10578,U-1578,P-1604,110,0.31,7,1,0,0
S-10579,U-1579,P-1859,124,0.45,2,1,0,0
S-10580,U-1580,P-1514,87,0.54,3,1,0,0
S-10581,U-1581,P-1485,154,0.95,5,1,1,0
S-10582,U-1582,P-1627,204,0.14,6,0,0,0
S-10583,U-1583,P-1544,285,0.88,5,0,0,0
S-10584,U-1584,P-1402,43,0.39,0,1,0,0
S-10585,U-1585,P-1470,251,0.64,2,1,0,0
S-10586,U-1586,P-1320,15,0.28,5,1,0,0
S-10587,U-1587,P-1051,88,0.34,4,0,0,0
S-10588,U-1588,P-1413,2,0.48,0,0,0,0
S-10589,U-1589,P-1029,1,0.97,4,0,0,0
S-10590,U-1590,P-1516,67,0.98,2,0,0,0
S-10591,U-1591,P-1017,188,0.16,4,1,0,0
S-10592,U-1592,P-1063,136,0.6,0,0,0,0
S-10593,U-1593,P-1408,209,0.49,9,1,0,0
S-10594,U-1594,P-1549,96,0.21,3,1,0,0
S-10595,U-1595,P-1353,19,0.95,1,1,0,0
S-10596,U-1596,P-1136,263,0.56,8,0,0,0
S-10597,U-1597,P-1751,159,0.96,0,1,0,0
S-10598,U-1598,P-1451,252,0.16,0,1,0,0
S-10599,U-1599,P-1543,186,0.55,4,0,0,0
S-10600,U-1600,P-1233,29,0.43,1,0,0,0
S-10601,U-1601,P-1019,11,0.27,5,1,0,0
S-10602,U-1602,P-1150,199,0.16,1,1,0,0
S-10603,U-1603,P-1524,261,0.27,1,1,0,0
S-10604,U-1604,P-1495,185,0.35,3,0,0,0
S-10605,U-1605,P-1296,223,0.23,8,0,0,0
S-10606,U-1606,P-1341,117,0.51,2,1,0,0
S-10607,U-1607,P-1930,274,0.12,3,1,0,0
S-10608,U-1608,P-1482,67,0.4,8,1,0,0
S-10609,U-1609,P-1866,38,0.93,2,1,0,0
S-10610,U-1610,P-1892,151,0.84,7,1,0,0
S-10611,U-1611,P-1272,92,0.68,5,1,0,0
S-10612,U-1612,P-1532,107,0.95,3,0,0,0
S-10613,U-1613,P-1969,232,0.52,4,0,1,1
S-10614,U-1614,P-1455,240,0.83,2,1,0,0
S-10615,U-1615,P-1510,180,0.23,6,1,0,0
S-10616,U-1616,P-1423,149,0.51,5,1,0,0
S-10617,U-1617,P-1338,161,0.11,7,1,0,0
S-10618,U-1618,P-1204,268,0.82,3,0,0,0
S-10619,U-1619,P-1296,61,0.61,6,1,0,0
S-10620,U-1620,P-1573,72,0.46,7,0,0,0
S-10621,U-1621,P-1279,203,0.62,5,1,0,0
S-10622,U-1622,P-1465,72,0.24,1,0,0,0
S-10623,U-1623,P-1361,261,0.34,1,0,0,0
S-10624,U-1624,P-1789,52,0.95,4,1,0,0
S-10625,U-1625,P-1348,75,0.36,1,1,0,0
S-10626,U-1626,P-1520,16,0.69,2,0,0,0
S-10627,U-1627,P-1928,26,0.84,8,0,0,0
S-10628,U-1628,P-1993,100,0.33,2,0,0,0
S-10629,U-1629,P-1534,196,0.41,0,0,0,0
S-10630,U-1630,P-1070,35,0.4,4,0,0,0
S-10631,U-1631,P-1541,249,0.74,8,1,0,0
S-10632,U-1632,P-1603,284,0.6,6,0,0,0
S-10633,U-1633,P-1972,239,0.53,2,1,1,0
S-10634,U-1634,P-1596,240,0.27,6,0,0,0
S-10635,U-1635,P-1589,9,0.23,5,0,0,0
S-10636,U-1636,P-1143,176,0.78,7,0,0,0
S-10637,U-1637,P-1497,257,0.8,9,1,0,0
S-10638,U-1638,P-1687,58,0.92,2,0,0,0
S-10639,U-1639,P-1142,196,0.62,8,0,0,0
S-10640,U-1640,P-1888,279,0.23,1,1,0,0
S-10641,U-1641,P-1123,55,0.24,0,0,0,0
S-10642,U-1642,P-1392,136,0.48,3,0,0,0
S-10643,U-1643,P-1772,235,0.94,9,1,0,0
S-10644,U-1644,P-1854,2,0.91,0,1,0,0
S-10645,U-1645,P-1457,221,0.25,0,0,0,0
S-10646,U-1646,P-1296,106,0.79,2,1,0,0
S-10647,U-1647,P-1045,60,0.13,1,0,0,0
S-10648,U-1648,P-1629,251,0.33,8,1,1,0
S-10649,U-1649,P-1554,129,0.78,6,1,0,0
S-10650,U-1650,P-1026,255,0.32,9,0,1,0
S-10651,U-1651,P-1980,227,0.8,2,1,0,0
S-10652,U-1652,P-1492,108,0.26,1,0,0,0
S-10653,U-1653,P-1352,9,0.41,1,1,0,0
S-10654,U-1654,P-1627,102,0.21,1,1,0,0
S-10655,U-1655,P-1128,293,0.42,6,1,0,0
S-10656,U-1656,P-1908,119,0.58,7,1,0,0
S-10657,U-1657,P-1346,248,0.72,0,1,0,0
S-10658,U-1658,P-1665,115,0.5,3,0,0,0
S-10659,U-1659,P-1904,161,0.76,5,0,0,0
S-10660,U-1660,P-1712,204,0.79,7,0,1,1
S-10661,U-1661,P-1629,201,0.46,2,0,0,0
S-10662,U-1662,P-1862,129,0.13,4,1,0,0
S-10663,U-1663,P-1111,57,0.9,3,1,0,0
S-10664,U-1664,P-1443,161,0.16,3,0,0,0
S-10665,U-1665,P-1113,250,0.97,0,0,0,0
S-10666,U-1666,P-1487,221,0.33,8,0,0,0
S-10667,U-1667,P-1095,224,0.55,3,1,0,0
S-10668,U-1668,P-1482,262,0.89,1,0,0,0
S-10669,U-1669,P-1308,4,0.13,1,1,0,0
S-10670,U-1670,P-1640,143,0.92,3,1,0,0
S-10671,U-1671,P-1488,153,0.23,8,1,0,0
S-10672,U-1672,P-1457,190,0.13,1,1,1,0
S-10673,U-1673,P-1643,275,0.25,6,0,1,1
S-10674,U-1674,P-1158,74,0.67,9,1,0,0
S-10675,U-1675,P-1243,287,0.56,1,0,0,0
S-10676,U-1676,P-1217,122,0.87,8,1,0,0
S-10677,U-1677,P-1458,264,0.52,6,0,1,0
S-10678,U-1678,P-1486,181,0.46,4,0,0,0
S-10679,U-1679,P-1801,202,0.78,8,1,0,0
S-10680,U-1680,P-1300,105,0.53,6,0,1,0
S-10681,U-1681,P-1627,165,0.7,0,0,0,0
S-10682,U-1682,P-1991,297,0.25,1,0,0,0
S-10683,U-1683,P-1096,120,0.94,5,1,0,0
S-10684,U-1684,P-1155,106,0.89,4,0,0,0
S-10685,U-1685,P-1625,132,0.39,6,1,0,0
S-10686,U-1686,P-1165,279,0.96,2,0,0,0
S-10687,U-1687,P-1212,5,0.38,2,1,0,0
S-10688,U-1688,P-1164,93,0.68,3,1,0,0
S-10689,U-1689,P-1514,25,0.89,3,1,0,0
S-10690,U-1690,P-1431,181,0.49,5,1,0,0
S-10691,U-1691,P-1445,239,0.56,2,1,0,0
S-10692,U-1692,P-1042,140,0.83,2,1,0,0
S-10693,U-1693,P-1354,7,0.35,5,0,0,0
S-10694,U-1694,P-1435,38,0.98,9,1,0,0
S-10695,U-1695,P-1733,252,0.67,6,1,0,0
S-10696,U-1696,P-1980,277,0.27,5,1,0,0
S-10697,U-1697,P-1174,123,0.25,9,1,0,0
S-10698,U-1698,P-1488,243,0.83,0,0,0,0
S-10699,U-1699,P-1236,196,0.44,1,0,0,0
S-10700,U-1700,P-1061,128,0.55,0,1,0,0
S-10701,U-1701,P-1349,140,0.45,2,0,0,0
S-10702,U-1702,P-1553,281,0.59,4,1,0,0
S-10703,U-1703,P-1602,105,0.59,2,1,0,0
S-10704,U-1704,P-1445,235,0.15,8,1,0,0
S-10705,U-1705,P-1261,98,0.39,3,0,0,0
S-10706,U-1706,P-1167,156,0.97,8,1,0,0
S-10707,U-1707,P-1812,29,0.68,2,1,0,0
S-10708,U-1708,P-1650,124,0.86,6,1,0,0
S-10709,U-1709,P-1679,219,0.76,1,0,0,0
S-10710,U-1710,P-1231,241,0.38,2,1,0,0
S-10711,U-1711,P-1536,292,0.77,7,1,0,0
S-10712,U-1712,P-1983,170,0.25,3,0,0,0
S-10713,U-1713,P-1252,123,0.31,2,0,0,0
S-10714,U-1714,P-1129,101,0.16,2,1,0,0
S-10715,U-1715,P-1656,12,0.84,1,1,0,0
S-10716,U-1716,P-1239,18,0.64,2,0,0,0
S-10717,U-1717,P-1619,129,0.47,3,1,0,0
S-10718,U-1718,P-1179,53,0.76,4,0,0,0
S-10719,U-1719,P-1021,276,0.86,0,0,0,0
S-10720,U-1720,P-1991,113,0.81,1,0,0,0
S-10721,U-1721,P-1667,232,0.4,7,1,0,0
S-10722,U-1722,P-1947,243,0.64,1,1,0,0
S-10723,U-1723,P-1556,122,0.86,3,0,0,0
S-10724,U-1724,P-1354,128,0.25,3,0,0,0
S-10725,U-1725,P-1049,292,0.51,0,0,0,0
S-10726,U-1726,P-1908,161,0.81,6,0,0,0
S-10727,U-1727,P-1633,56,0.53,1,0,0,0
S-10728,U-1728,P-1322,29,0.91,7,0,0,0
S-10729,U-1729,P-1501,60,0.83,9,0,0,0
S-10730,U-1730,P-1596,176,0.69,2,0,0,0
S-10731,U-1731,P-1834,258,0.36,9,0,0,0
S-10732,U-1732,P-1826,8,0.2,5,1,0,0
S-10733,U-1733,P-1524,8,0.27,6,1,0,0
S-10734,U-1734,P-1406,34,0.88,0,0,0,0
S-10735,U-1735,P-1172,86,0.97,4,1,0,0
S-10736,U-1736,P-1036,22,0.48,1,0,0,0
S-10737,U-1737,P-1363,286,0.75,1,0,0,0
S-10738,U-1738,P-1140,86,0.11,9,1,0,0
S-10739,U-1739,P-1641,28,0.74,7,0,1,0
S-10740,U-1740,P-1677,67,0.14,2,1,0,0
S-10741,U-1741,P-1108,242,0.48,5,0,0,0
S-10742,U-1742,P-1134,179,0.49,2,1,0,0
S-10743,U-1743,P-1089,156,0.84,0,0,0,0
S-10744,U-1744,P-1936,133,0.93,3,0,0,0
S-10745,U-1745,P-1640,285,0.97,1,0,1,1
S-10746,U-1746,P-1288,261,0.84,0,1,0,0
S-10747,U-1747,P-1830,177,0.76,6,1,0,0
S-10748,U-1748,P-1724,262,0.56,2,0,0,0
S-10749,U-1749,P-1448,185,0.27,0,0,0,0
S-10750,U-1750,P-1513,19,0.21,5,0,0,0
S-10751,U-1751,P-1653,188,0.92,5,1,0,0
S-10752,U-1752,P-1119,141,0.57,0,1,0,0
S-10753,U-1753,P-1931,164,0.81,4,0,0,0
S-10754,U-1754,P-1232,3,0.22,3,1,0,0
S-10755,U-1755,P-1335,237,0.85,7,0,0,0
S-10756,U-1756,P-1728,22,0.68,0,0,0,0
S-10757,U-1757,P-1850,223,0.56,7,1,0,0
S-10758,U-1758,P-1952,51,0.98,2,0,0,0
S-10759,U-1759,P-1313,12,0.19,9,0,0,0
S-10760,U-1760,P-1436,244,0.91,2,1,0,0
S-10761,U-1761,P-1186,201,0.87,0,0,0,0
S-10762,U-1762,P-1083,212,0.93,6,1,0,0
S-10763,U-1763,P-1720,249,0.74,2,1,0,0
S-10764,U-1764,P-1491,64,0.1,7,1,1,0
S-10765,U-1765,P-1639,21,0.19,7,0,0,0
S-10766,U-1766,P-1919,68,0.5,7,1,0,0
S-10767,U-1767,P-1697,57,0.74,2,1,0,0
S-10768,U-1768,P-1112,64,0.44,2,0,0,0
S-10769,U-1769,P-1071,285,0.8,8,0,0,0
S-10770,U-1770,P-1038,148,0.92,1,1,0,0
S-10771,U-1771,P-1722,24,0.32,7,1,0,0
S-10772,U-1772,P-1027,103,0.58,7,1,0,0
S-10773,U-1773,P-1517,106,0.58,9,0,0,0
S-10774,U-1774,P-1674,214,0.47,4,0,0,0
S-10775,U-1775,P-1677,51,0.51,9,1,0,0
S-10776,U-1776,P-1888,225,0.79,5,1,0,0
S-10777,U-1777,P-1722,240,0.75,8,0,0,0
S-10778,U-1778,P-1333,218,0.91,6,0,0,0
S-10779,U-1779,P-1413,4,0.29,7,1,0,0
S-10780,U-1780,P-1116,125,0.55,1,0,0,0
S-10781,U-1781,P-1896,249,0.3,7,0,0,0
S-10782,U-1782,P-1991,294,0.89,1,0,0,0
S-10783,U-1783,P-1775,39,0.2,7,0,0,0
S-10784,U-1784,P-1076,159,0.97,1,0,0,0
S-10785,U-1785,P-1497,147,0.18,1,0,0,0
S-10786,U-1786,P-1578,127,0.89,9,0,0,0
S-10787,U-1787,P-1544,297,0.85,8,0,0,0
S-10788,U-1788,P-1905,220,0.41,5,0,0,0
S-10789,U-1789,P-1454,54,0.37,0,0,0,0
S-10790,U-1790,P-1916,270,0.88,2,1,0,0
S-10791,U-1791,P-1235,1,0.95,8,0,0,0
S-10792,U-1792,P-1667,153,0.74,9,0,0,0
S-10793,U-1793,P-1691,1,0.42,7,1,0,0
S-10794,U-1794,P-1993,183,0.64,9,1,0,0
S-10795,U-1795,P-1813,5,0.73,7,1,0,0
S-10796,U-1796,P-1573,280,0.2,3,0,0,0
S-10797,U-1797,P-1274,109,0.13,1,1,0,0
S-10798,U-1798,P-1804,196,0.84,7,1,1,0
S-10799,U-1799,P-1637,34,0.23,8,1,0,0
S-10800,U-1800,P-1844,136,0.66,4,0,0,0
S-10801,U-1801,P-1989,91,0.9,6,1,0,0
S-10802,U-1802,P-1143,160,0.25,5,1,0,0
S-10803,U-1803,P-1549,153,0.35,5,1,0,0
S-10804,U-1804,P-1659,161,0.81,2,0,0,0
S-10805,U-1805,P-1745,25,0.32,5,0,0,0
S-10806,U-1806,P-1516,287,0.83,7,1,0,0
S-10807,U-1807,P-1957,223,0.37,9,0,0,0
S-10808,U-1808,P-1924,2,0.93,0,1,0,0
S-10809,U-1809,P-1355,247,0.81,9,0,0,0
S-10810,U-1810,P-1627,53,0.56,2,1,0,0
S-10811,U-1811,P-1050,243,0.8,5,0,0,0
S-10812,U-1812,P-1411,101,0.64,0,0,0,0
S-10813,U-1813,P-1636,5,0.73,8,1,0,0
S-10814,U-1814,P-1731,111,0.94,8,1,0,0
S-10815,U-1815,P-1244,196,0.45,1,1,0,0
S-10816,U-1816,P-1541,210,0.27,3,1,0,0
S-10817,U-1817,P-1899,269,0.53,6,1,0,0
S-10818,U-1818,P-1214,254,0.87,8,1,0,0
S-10819,U-1819,P-1181,181,0.67,0,0,0,0
S-10820,U-1820,P-1566,95,0.75,6,1,0,0
S-10821,U-1821,P-1923,195,0.4,3,1,0,0
S-10822,U-1822,P-1184,112,0.34,0,1,0,0
S-10823,U-1823,P-1516,104,0.18,9,0,1,1
S-10824,U-1824,P-1136,265,0.44,4,1,0,0
S-10825,U-1825,P-1341,280,0.51,1,1,0,0
S-10826,U-1826,P-1769,257,0.72,7,0,0,0
S-10827,U-1827,P-1243,268,0.48,8,1,0,0
S-10828,U-1828,P-1088,273,0.87,0,1,0,0
S-10829,U-1829,P-1902,271,0.71,7,1,0,0
S-10830,U-1830,P-1545,64,0.57,8,1,0,0
S-10831,U-1831,P-1351,14,0.75,5,0,0,0
S-10832,U-1832,P-1051,116,0.13,5,1,0,0
S-10833,U-1833,P-1846,208,0.3,5,1,0,0
S-10834,U-1834,P-1897,254,0.92,4,0,0,0
S-10835,U-1835,P-1027,50,0.48,7,0,0,0
S-10836,U-1836,P-1237,71,0.84,0,0,0,0
S-10837,U-1837,P-1399,231,0.79,4,1,0,0
S-10838,U-1838,P-1306,1,0.53,4,0,0,0
S-10839,U-1839,P-1358,104,1.0,7,0,0,0
S-10840,U-1840,P-1195,56,0.7,5,0,0,0
S-10841,U-1841,P-1178,265,0.59,2,1,0,0
S-10842,U-1842,P-1624,100,0.32,8,1,0,0
S-10843,U-1843,P-1054,246,0.93,8,1,0,0
S-10844,U-1844,P-1832,146,0.42,8,0,0,0
S-10845,U-1845,P-1147,177,0.54,9,1,0,0
S-10846,U-1846,P-1618,267,0.91,1,1,0,0
S-10847,U-1847,P-1236,285,0.92,3,0,0,0
S-10848,U-1848,P-1103,108,0.39,6,0,0,0
S-10849,U-1849,P-1285,229,0.63,3,0,0,0
S-10850,U-1850,P-1006,85,0.82,5,0,0,0
S-10851,U-1851,P-1264,4,0.87,4,0,0,0
S-10852,U-1852,P-1224,201,0.93,8,0,0,0
S-10853,U-1853,P-1834,296,0.5,5,0,0,0
S-10854,U-1854,P-1642,235,0.65,2,1,0,0
S-10855,U-1855,P-1147,118,0.93,7,1,0,0
S-10856,U-1856,P-1838,209,0.54,9,1,0,0
S-10857,U-1857,P-1361,210,0.97,3,1,0,0
S-10858,U-1858,P-1181,103,0.11,3,1,0,0
S-10859,U-1859,P-1389,86,0.34,4,0,0,0
S-10860,U-1860,P-1552,298,0.75,5,0,0,0
S-10861,U-1861,P-1258,169,0.26,5,1,0,0
S-10862,U-1862,P-1875,60,0.27,6,0,0,0
S-10863,U-1863,P-1144,142,0.42,5,0,0,0
S-10864,U-1864,P-1341,124,0.25,6,0,0,0
S-10865,U-1865,P-1629,217,0.58,3,1,0,0
S-10866,U-1866,P-1807,153,0.16,9,1,0,0
S-10867,U-1867,P-1820,217,0.18,2,0,0,0
S-10868,U-1868,P-1821,298,0.27,1,1,0,0
S-10869,U-1869,P-1471,20,0.98,6,1,0,0
S-10870,U-1870,P-1802,60,0.7,9,1,0,0
S-10871,U-1871,P-1073,114,0.62,3,1,0,0
S-10872,U-1872,P-1213,18,0.13,6,1,0,0
S-10873,U-1873,P-1017,183,0.22,6,1,0,0
S-10874,U-1874,P-1723,125,0.92,3,0,0,0
S-10875,U-1875,P-1663,232,0.34,3,0,0,0
S-10876,U-1876,P-1244,236,0.91,0,1,0,0
S-10877,U-1877,P-1983,184,0.7,9,0,0,0
S-10878,U-1878,P-1124,75,0.17,5,1,0,0
S-10879,U-1879,P-1562,218,0.86,6,1,0,0
S-10880,U-1880,P-1235,3,0.19,8,1,0,0
S-10881,U-1881,P-1636,5,0.71,5,0,0,0
S-10882,U-1882,P-1807,176,0.95,7,0,0,0
S-10883,U-1883,P-1887,232,0.77,1,0,0,0
S-10884,U-1884,P-1082,291,0.78,9,1,0,0
S-10885,U-1885,P-1740,4,0.22,8,0,0,0
S-10886,U-1886,P-1005,2,0.38,7,1,0,0
S-10887,U-1887,P-1739,134,0.12,9,0,0,0
S-10888,U-1888,P-1942,12,0.49,8,1,0,0
S-10889,U-1889,P-1806,88,0.84,7,1,0,0
S-10890,U-1890,P-1038,103,0.18,3,0,0,0
S-10891,U-1891,P-1202,224,0.13,0,0,0,0
S-10892,U-1892,P-1464,276,0.19,8,0,0,0
S-10893,U-1893,P-1407,260,0.31,1,1,1,0
S-10894,U-1894,P-1334,262,0.9,2,1,0,0
S-10895,U-1895,P-1892,256,0.34,2,1,0,0
S-10896,U-1896,P-1023,54,0.54,5,1,1,1
S-10897,U-1897,P-1668,116,0.41,1,1,0,0
S-10898,U-1898,P-1840,215,0.94,1,0,0,0
S-10899,U-1899,P-1335,218,0.86,5,1,0,0
S-10900,U-1900,P-1343,46,0.53,5,1,0,0
S-10901,U-1901,P-1038,7,0.83,9,1,0,0
S-10902,U-1902,P-1211,57,0.13,8,0,0,0
S-10903,U-1903,P-1688,3,0.28,5,0,0,0
S-10904,U-1904,P-1098,107,0.87,2,1,0,0
S-10905,U-1905,P-1214,205,0.13,8,1,0,0
S-10906,U-1906,P-1268,182,0.64,7,0,0,0
S-10907,U-1907,P-1072,238,0.98,4,0,0,0
S-10908,U-1908,P-1561,297,0.69,9,0,0,0
S-10909,U-1909,P-1673,173,0.56,7,1,0,0
S-10910,U-1910,P-1283,73,0.17,2,0,1,0
S-10911,U-1911,P-1558,1,0.83,2,0,0,0
S-10912,U-1912,P-1133,101,0.61,8,1,0,0
S-10913,U-1913,P-1330,26,0.37,7,0,0,0
S-10914,U-1914,P-1796,141,0.65,3,1,0,0
S-10915,U-1915,P-1909,147,0.28,8,0,0,0
S-10916,U-1916,P-1253,5,0.9,5,0,0,0
S-10917,U-1917,P-1102,178,0.17,1,1,0,0
S-10918,U-1918,P-1998,212,0.66,1,1,0,0
S-10919,U-1919,P-1654,56,0.37,3,0,0,0
S-10920,U-1920,P-1744,53,0.62,3,1,0,0
S-10921,U-1921,P-1448,260,0.28,7,0,1,0
S-10922,U-1922,P-1091,208,0.41,7,0,0,0
S-10923,U-1923,P-1723,149,0.22,1,1,0,0
S-10924,U-1924,P-1017,26,0.22,3,0,0,0
S-10925,U-1925,P-1010,4,0.71,2,0,0,0
S-10926,U-1926,P-1494,241,0.37,1,0,0,0
S-10927,U-1927,P-1161,63,0.31,2,1,0,0
S-10928,U-1928,P-1812,50,0.26,4,1,0,0
S-10929,U-1929,P-1980,61,0.63,6,0,0,0
S-10930,U-1930,P-1907,205,0.85,0,1,0,0
S-10931,U-1931,P-1540,174,0.5,8,0,0,0
S-10932,U-1932,P-1756,223,0.77,0,0,0,0
S-10933,U-1933,P-1386,116,0.25,5,1,0,0
S-10934,U-1934,P-1980,217,0.88,5,1,0,0
S-10935,U-1935,P-1193,226,0.15,2,0,0,0
S-10936,U-1936,P-1752,163,0.25,9,1,0,0
S-10937,U-1937,P-1337,22,0.69,3,1,1,1
S-10938,U-1938,P-1383,59,0.83,2,0,0,0
S-10939,U-1939,P-1551,282,0.93,7,0,0,0
S-10940,U-1940,P-1132,49,0.69,4,1,0,0
S-10941,U-1941,P-1957,207,0.35,9,0,0,0
S-10942,U-1942,P-1883,220,0.73,6,0,0,0
S-10943,U-1943,P-1565,213,0.53,6,1,0,0
S-10944,U-1944,P-1433,85,0.92,9,1,0,0
S-10945,U-1945,P-1859,28,0.49,9,0,0,0
S-10946,U-1946,P-1123,239,0.33,6,1,0,0
S-10947,U-1947,P-1210,89,0.7,6,0,0,0
S-10948,U-1948,P-1021,264,0.73,5,0,0,0
S-10949,U-1949,P-1333,284,0.94,8,1,0,0
S-10950,U-1950,P-1069,220,0.43,0,0,0,0
S-10951,U-1951,P-1060,147,0.93,7,0,0,0
S-10952,U-1952,P-1358,286,0.44,1,0,0,0
S-10953,U-1953,P-1742,26,0.52,0,1,0,0
S-10954,U-1954,P-1776,203,0.23,0,0,0,0
S-10955,U-1955,P-1379,269,0.93,5,0,0,0
S-10956,U-1956,P-1007,102,0.12,1,0,0,0
S-10957,U-1957,P-1836,165,0.93,6,1,0,0
S-10958,U-1958,P-1637,23,0.44,7,1,0,0
S-10959,U-1959,P-1296,290,0.77,3,1,0,0
S-10960,U-1960,P-1640,273,0.35,6,0,0,0
S-10961,U-1961,P-1836,247,0.96,2,0,0,0
S-10962,U-1962,P-1349,90,0.7,4,0,0,0
S-10963,U-1963,P-1428,221,0.73,9,0,0,0
S-10964,U-1964,P-1954,61,0.39,6,0,0,0
S-10965,U-1965,P-1312,156,0.52,0,1,0,0
S-10966,U-1966,P-1766,56,0.86,8,0,0,0
S-10967,U-1967,P-1568,242,0.67,3,1,0,0
S-10968,U-1968,P-1302,78,0.95,8,1,0,0
S-10969,U-1969,P-1732,8,0.24,1,1,0,0
S-10970,U-1970,P-1022,20,0.6,0,1,0,0
S-10971,U-1971,P-1774,98,0.26,9,1,0,0
S-10972,U-1972,P-1490,183,0.62,0,0,0,0
S-10973,U-1973,P-1051,134,0.99,2,0,0,0
S-10974,U-1974,P-1263,256,0.38,9,0,0,0
S-10975,U-1975,P-1739,144,0.19,4,0,0,0
S-10976,U-1976,P-1522,217,0.67,3,1,0,0
S-10977,U-1977,P-1043,202,0.52,5,1,0,0
S-10978,U-1978,P-1657,222,0.91,2,1,0,0
S-10979,U-1979,P-1187,159,0.23,0,1,0,0
S-10980,U-1980,P-1791,263,0.26,8,0,0,0
S-10981,U-1981,P-1694,186,0.13,1,0,0,0
S-10982,U-1982,P-1286,277,0.72,7,1,0,0
S-10983,U-1983,P-1967,219,0.52,1,0,0,0
S-10984,U-1984,P-1488,101,0.51,3,1,0,0
S-10985,U-1985,P-1895,184,0.62,7,1,0,0
S-10986,U-1986,P-1648,2,0.23,3,0,0,0
S-10987,U-1987,P-1987,271,0.61,3,1,0,0
S-10988,U-1988,P-1789,168,0.16,0,1,0,0
S-10989,U-1989,P-1595,239,0.64,5,0,0,0
S-10990,U-1990,P-1209,178,0.3,5,1,0,0
S-10991,U-1991,P-1913,8,0.84,9,1,0,0
S-10992,U-1992,P-1225,76,0.83,3,1,0,0
S-10993,U-1993,P-1600,249,0.61,8,0,0,0
S-10994,U-1994,P-1871,160,0.7,0,0,0,0
S-10995,U-1995,P-1510,53,0.24,6,0,0,0
S-10996,U-1996,P-1059,73,0.64,4,0,0,0
S-10997,U-1997,P-1424,295,0.45,0,1,0,0
S-10998,U-1998,P-1443,2,0.95,7,0,0,0
S-10999,U-1999,P-1948,74,0.96,4,0,0,0
S-11000,U-2000,P-1325,204,0.64,8,1,0,0
S-11001,U-2001,P-1697,83,0.22,1,1,0,0
S-11002,U-2002,P-1743,272,0.14,7,0,0,0
S-11003,U-2003,P-1095,138,0.49,9,1,0,0
S-11004,U-2004,P-1894,178,0.51,8,0,0,0
S-11005,U-2005,P-1789,139,0.73,8,1,0,0
S-11006,U-2006,P-1600,256,0.66,1,0,0,0
S-11007,U-2007,P-1015,295,0.91,6,1,0,0
S-11008,U-2008,P-1276,224,0.94,8,0,0,0
S-11009,U-2009,P-1449,5,0.21,4,1,0,0
S-11010,U-2010,P-1668,268,0.57,0,1,0,0
S-11011,U-2011,P-1349,22,0.83,3,0,0,0
S-11012,U-2012,P-1319,222,0.74,4,1,0,0
S-11013,U-2013,P-1133,152,0.21,1,0,0,0
S-11014,U-2014,P-1038,282,0.99,7,1,0,0
S-11015,U-2015,P-1855,177,0.21,8,1,1,1
S-11016,U-2016,P-1223,143,0.98,0,0,0,0
S-11017,U-2017,P-1353,139,0.39,9,0,0,0
S-11018,U-2018,P-1907,255,0.91,3,0,0,0
S-11019,U-2019,P-1108,73,0.91,2,0,0,0
S-11020,U-2020,P-1847,244,0.19,1,1,0,0
S-11021,U-2021,P-1972,64,0.98,7,1,0,0
S-11022,U-2022,P-1998,114,0.31,2,1,0,0
S-11023,U-2023,P-1013,264,0.88,5,0,0,0
S-11024,U-2024,P-1835,161,0.26,4,0,0,0
S-11025,U-2025,P-1017,166,0.15,1,1,0,0
S-11026,U-2026,P-1454,129,0.34,1,1,0,0
S-11027,U-2027,P-1231,220,0.88,1,0,0,0
S-11028,U-2028,P-1261,153,0.49,8,1,1,1
S-11029,U-2029,P-1918,162,0.19,6,0,0,0
S-11030,U-2030,P-1647,6,0.67,8,0,0,0
S-11031,U-2031,P-1760,211,0.71,2,0,0,0
S-11032,U-2032,P-1276,85,0.52,1,0,0,0
S-11033,U-2033,P-1596,120,0.2,2,1,0,0
S-11034,U-2034,P-1406,251,0.85,9,1,0,0
S-11035,U-2035,P-1387,192,0.1,3,0,0,0
S-11036,U-2036,P-1556,33,0.14,7,1,0,0
S-11037,U-2037,P-1445,19,0.79,5,1,0,0
S-11038,U-2038,P-1970,21,0.36,8,0,0,0
S-11039,U-2039,P-1099,7,0.81,9,0,1,0
S-11040,U-2040,P-1361,245,0.23,5,1,0,0
S-11041,U-2041,P-1263,207,0.84,7,1,0,0
S-11042,U-2042,P-1442,108,0.2,6,1,0,0
S-11043,U-2043,P-1575,223,0.44,7,1,0,0
S-11044,U-2044,P-1307,85,0.72,6,0,0,0
S-11045,U-2045,P-1791,132,0.32,7,1,0,0
S-11046,U-2046,P-1926,218,0.46,0,1,0,0
S-11047,U-2047,P-1946,73,0.87,0,1,0,0
S-11048,U-2048,P-1135,26,0.9,3,0,0,0
S-11049,U-2049,P-1412,166,0.45,1,0,0,0
S-11050,U-2050,P-1910,45,0.33,8,1,0,0
S-11051,U-2051,P-1341,16,0.78,3,1,0,0
S-11052,U-2052,P-1916,72,0.32,8,1,0,0
S-11053,U-2053,P-1676,188,0.16,4,0,0,0
S-11054,U-2054,P-1726,199,0.7,7,0,1,0
S-11055,U-2055,P-1311,197,0.55,9,1,0,0
S-11056,U-2056,P-1158,269,0.12,2,1,0,0
S-11057,U-2057,P-1521,174,0.62,3,0,0,0
S-11058,U-2058,P-1450,22,0.64,0,0,0,0
S-11059,U-2059,P-1229,297,0.23,8,1,1,0
S-11060,U-2060,P-1523,180,0.79,8,0,0,0
S-11061,U-2061,P-1756,80,0.92,2,1,0,0
S-11062,U-2062,P-1359,31,0.35,5,0,0,0
S-11063,U-2063,P-1044,192,0.41,0,0,0,0
S-11064,U-2064,P-1058,273,0.76,2,0,0,0
S-11065,U-2065,P-1012,266,0.31,3,0,0,0
S-11066,U-2066,P-1889,273,0.97,5,0,0,0
S-11067,U-2067,P-1475,151,0.8,0,1,0,0
S-11068,U-2068,P-1047,186,0.87,6,0,0,0
S-11069,U-2069,P-1467,130,0.89,0,0,0,0
S-11070,U-2070,P-1068,243,0.64,0,1,0,0
S-11071,U-2071,P-1008,224,0.78,0,0,0,0
S-11072,U-2072,P-1096,27,0.93,4,1,0,0
S-11073,U-2073,P-1331,54,0.95,1,1,1,0
S-11074,U-2074,P-1666,272,0.44,8,0,0,0
S-11075,U-2075,P-1205,110,0.73,6,0,0,0
S-11076,U-2076,P-1266,238,0.17,3,1,0,0
S-11077,U-2077,P-1664,21,0.41,9,0,0,0
S-11078,U-2078,P-1624,246,0.25,4,1,0,0
S-11079,U-2079,P-1672,88,0.89,6,0,0,0
S-11080,U-2080,P-1539,21,0.31,8,1,0,0
S-11081,U-2081,P-1791,220,0.38,9,0,0,0
S-11082,U-2082,P-1990,190,0.28,8,0,0,0
S-11083,U-2083,P-1818,218,0.56,9,0,0,0
S-11084,U-2084,P-1798,160,0.72,2,0,0,0
S-11085,U-2085,P-1336,115,0.27,9,0,0,0
S-11086,U-2086,P-1079,122,0.5,7,1,0,0
S-11087,U-2087,P-1019,139,0.72,0,0,0,0
S-11088,U-2088,P-1733,176,0.35,8,0,0,0
S-11089,U-2089,P-1433,194,0.74,5,1,0,0
S-11090,U-2090,P-1098,167,0.44,5,1,0,0
S-11091,U-2091,P-1808,19,0.44,4,1,0,0
S-11092,U-2092,P-1517,37,0.98,5,1,1,0
S-11093,U-2093,P-1973,27,0.95,6,0,0,0
S-11094,U-2094,P-1623,96,0.15,4,1,0,0
S-11095,U-2095,P-1095,224,0.25,8,1,0,0
S-11096,U-2096,P-1917,134,0.79,4,1,0,0
S-11097,U-2097,P-1738,68,0.51,4,0,0,0
S-11098,U-2098,P-1993,213,0.49,2,1,0,0
S-11099,U-2099,P-1347,284,0.98,5,0,0,0
S-11100,U-2100,P-1231,56,0.43,2,1,0,0
S-11101,U-2101,P-1512,152,0.95,9,0,1,0
S-11102,U-2102,P-1710,271,0.75,3,1,0,0
S-11103,U-2103,P-1763,163,0.97,4,1,0,0
S-11104,U-2104,P-1713,211,0.77,7,0,0,0
S-11105,U-2105,P-1299,30,0.66,2,1,0,0
S-11106,U-2106,P-1383,282,1.0,3,1,1,1
S-11107,U-2107,P-1921,291,0.96,2,0,0,0
S-11108,U-2108,P-1413,2,0.18,1,1,0,0
S-11109,U-2109,P-1499,10,0.27,0,1,0,0
S-11110,U-2110,P-1946,68,0.49,0,1,0,0
S-11111,U-2111,P-1386,130,0.14,4,1,0,0
S-11112,U-2112,P-1512,234,0.56,8,0,0,0
S-11113,U-2113,P-1391,16,0.81,4,0,0,0
S-11114,U-2114,P-1244,89,0.89,6,1,0,0
S-11115,U-2115,P-1777,98,0.61,3,0,0,0
S-11116,U-2116,P-1099,52,0.19,7,0,0,0
S-11117,U-2117,P-1769,131,0.92,3,0,0,0
S-11118,U-2118,P-1845,187,0.34,2,1,0,0
S-11119,U-2119,P-1510,102,0.18,3,1,1,0
S-11120,U-2120,P-1761,200,0.42,9,1,0,0
S-11121,U-2121,P-1847,108,0.33,8,1,0,0
S-11122,U-2122,P-1802,179,0.26,8,1,0,0
S-11123,U-2123,P-1994,79,0.69,4,0,0,0
S-11124,U-2124,P-1667,34,0.46,0,0,0,0
S-11125,U-2125,P-1046,203,0.17,1,0,0,0
S-11126,U-2126,P-1709,251,0.49,9,0,0,0
S-11127,U-2127,P-1431,106,0.56,2,1,0,0
S-11128,U-2128,P-1406,37,0.49,9,1,0,0
S-11129,U-2129,P-1344,160,0.27,1,1,0,0
S-11130,U-2130,P-1582,139,0.35,5,1,0,0
S-11131,U-2131,P-1885,250,0.79,3,1,0,0
S-11132,U-2132,P-1663,233,0.46,8,0,0,0
S-11133,U-2133,P-1428,18,0.69,5,0,0,0
S-11134,U-2134,P-1221,170,0.61,8,1,0,0
S-11135,U-2135,P-1638,296,0.19,1,1,0,0
S-11136,U-2136,P-1938,291,0.25,3,1,0,0
S-11137,U-2137,P-1924,107,0.7,0,1,0,0
S-11138,U-2138,P-1384,187,0.7,1,0,0,0
S-11139,U-2139,P-1989,30,0.67,0,0,0,0
S-11140,U-2140,P-1899,32,0.14,3,1,0,0
S-11141,U-2141,P-1168,3,0.33,5,1,0,0
S-11142,U-2142,P-1653,184,0.77,7,0,0,0
S-11143,U-2143,P-1995,64,0.14,6,0,0,0
S-11144,U-2144,P-1976,127,0.73,9,1,0,0
S-11145,U-2145,P-1700,26,0.68,1,0,0,0
S-11146,U-2146,P-1138,147,0.87,8,1,0,0
S-11147,U-2147,P-1213,9,0.64,4,0,0,0
S-11148,U-2148,P-1783,152,0.73,1,0,0,0
S-11149,U-2149,P-1036,51,0.63,2,1,0,0
S-11150,U-2150,P-1780,296,0.6,7,0,0,0
S-11151,U-2151,P-1607,132,0.21,6,0,0,0
S-11152,U-2152,P-1362,86,0.27,6,0,0,0
S-11153,U-2153,P-1146,178,0.98,0,1,0,0
S-11154,U-2154,P-1434,17,0.19,3,1,0,0
S-11155,U-2155,P-1205,61,0.73,0,1,0,0
S-11156,U-2156,P-1156,80,0.51,3,1,0,0
S-11157,U-2157,P-1916,61,0.49,1,1,0,0
S-11158,U-2158,P-1784,162,0.99,8,1,0,0
S-11159,U-2159,P-1499,56,0.93,0,1,0,0
S-11160,U-2160,P-1513,291,0.85,1,0,0,0
S-11161,U-2161,P-1610,82,0.72,0,0,0,0
S-11162,U-2162,P-1600,165,0.62,0,0,1,0
S-11163,U-2163,P-1410,103,0.49,6,0,1,0
S-11164,U-2164,P-1718,225,0.87,9,0,0,0
S-11165,U-2165,P-1034,217,0.28,5,0,0,0
S-11166,U-2166,P-1436,82,0.72,5,1,1,1
S-11167,U-2167,P-1321,101,0.83,2,1,0,0
S-11168,U-2168,P-1861,12,0.74,0,0,0,0
S-11169,U-2169,P-1983,119,0.95,2,0,0,0
S-11170,U-2170,P-1542,74,0.71,0,1,1,1
S-11171,U-2171,P-1154,37,0.62,8,0,0,0
S-11172,U-2172,P-1617,201,0.17,0,0,0,0
S-11173,U-2173,P-1367,141,0.91,8,0,0,0
S-11174,U-2174,P-1017,213,0.64,8,0,0,0
S-11175,U-2175,P-1577,180,0.13,6,1,0,0
S-11176,U-2176,P-1070,43,0.28,0,1,0,0
S-11177,U-2177,P-1247,163,0.12,6,0,0,0
S-11178,U-2178,P-1913,153,0.17,1,1,0,0
S-11179,U-2179,P-1743,131,0.8,8,1,1,0
S-11180,U-2180,P-1659,198,0.79,5,1,0,0
S-11181,U-2181,P-1595,104,0.66,9,0,0,0
S-11182,U-2182,P-1914,1,0.89,4,0,0,0
S-11183,U-2183,P-1937,178,0.96,0,0,0,0
S-11184,U-2184,P-1431,18,0.25,1,1,0,0
S-11185,U-2185,P-1114,149,0.88,9,1,0,0
S-11186,U-2186,P-1387,19,0.36,1,1,0,0
S-11187,U-2187,P-1600,188,0.89,9,0,0,0
S-11188,U-2188,P-1001,82,0.73,7,1,0,0
S-11189,U-2189,P-1569,62,0.51,2,0,0,0
S-11190,U-2190,P-1152,262,0.59,5,1,0,0
S-11191,U-2191,P-1360,93,0.59,7,1,0,0
S-11192,U-2192,P-1382,66,0.59,7,1,0,0
S-11193,U-2193,P-1901,68,0.6,5,0,0,0
S-11194,U-2194,P-1955,136,0.18,7,1,0,0
S-11195,U-2195,P-1630,137,0.11,4,0,0,0
S-11196,U-2196,P-1086,49,0.69,4,0,0,0
S-11197,U-2197,P-1115,85,0.99,4,0,0,0
S-11198,U-2198,P-1409,170,0.3,3,0,0,0
S-11199,U-2199,P-1866,223,0.44,6,1,0,0
S-11200,U-2200,P-1944,139,0.55,5,0,0,0
S-11201,U-2201,P-1144,184,0.87,7,0,0,0
S-11202,U-2202,P-1668,158,0.45,0,0,0,0
S-11203,U-2203,P-1196,170,0.52,4,1,0,0
S-11204,U-2204,P-1537,89,0.14,6,0,0,0
S-11205,U-2205,P-1147,274,0.35,4,1,0,0
S-11206,U-2206,P-1013,266,0.27,1,1,0,0
S-11207,U-2207,P-1064,3,0.39,7,1,0,0
S-11208,U-2208,P-1259,273,0.48,9,0,0,0
S-11209,U-2209,P-1261,187,0.9,4,1,0,0
S-11210,U-2210,P-1784,178,0.54,9,1,1,1
S-11211,U-2211,P-1596,66,0.54,8,0,0,0
S-11212,U-2212,P-1669,91,0.7,1,0,0,0
S-11213,U-2213,P-1311,41,0.47,6,1,0,0
S-11214,U-2214,P-1478,75,0.17,3,1,0,0
S-11215,U-2215,P-1552,183,0.7,5,1,0,0
S-11216,U-2216,P-1138,196,0.52,5,1,0,0
S-11217,U-2217,P-1878,176,0.13,8,1,0,0
S-11218,U-2218,P-1652,191,0.23,7,0,0,0
S-11219,U-2219,P-1990,156,0.46,3,0,0,0
S-11220,U-2220,P-1972,79,0.41,2,0,0,0
S-11221,U-2221,P-1287,133,0.65,7,0,1,0
S-11222,U-2222,P-1517,76,0.73,5,0,0,0
S-11223,U-2223,P-1930,6,0.75,8,1,0,0
S-11224,U-2224,P-1008,128,0.65,6,0,0,0
S-11225,U-2225,P-1702,291,0.57,9,1,1,1
S-11226,U-2226,P-1021,135,0.55,1,0,0,0
S-11227,U-2227,P-1558,4,0.96,3,0,0,0
S-11228,U-2228,P-1799,36,0.13,1,0,0,0
S-11229,U-2229,P-1226,227,0.54,9,0,0,0
S-11230,U-2230,P-1965,202,0.73,9,1,0,0
S-11231,U-2231,P-1901,219,0.84,0,0,0,0
S-11232,U-2232,P-1224,220,0.37,8,1,0,0
S-11233,U-2233,P-1728,149,0.81,9,0,0,0
S-11234,U-2234,P-1816,25,0.2,8,0,1,1
S-11235,U-2235,P-1151,191,0.75,0,1,0,0
S-11236,U-2236,P-1012,215,0.43,8,0,0,0
S-11237,U-2237,P-1630,230,0.81,9,1,0,0
S-11238,U-2238,P-1479,98,0.7,7,1,0,0
S-11239,U-2239,P-1964,240,0.74,5,1,0,0
S-11240,U-2240,P-1153,252,0.29,0,0,0,0
S-11241,U-2241,P-1033,244,0.92,4,1,0,0
S-11242,U-2242,P-1700,287,0.66,7,1,1,0
S-11243,U-2243,P-1533,264,0.4,5,1,0,0
S-11244,U-2244,P-1713,79,0.44,5,0,0,0
S-11245,U-2245,P-1236,157,0.38,8,1,0,0
S-11246,U-2246,P-1709,270,0.94,6,0,0,0
S-11247,U-2247,P-1883,281,0.56,4,0,1,0
S-11248,U-2248,P-1233,148,0.75,9,0,0,0
S-11249,U-2249,P-1264,2,0.41,9,1,0,0
S-11250,U-2250,P-1035,81,0.12,2,0,0,0
S-11251,U-2251,P-1464,175,0.83,9,0,0,0
S-11252,U-2252,P-1905,292,0.61,4,0,0,0
S-11253,U-2253,P-1319,262,0.69,6,0,0,0
S-11254,U-2254,P-1005,2,0.56,9,0,0,0
S-11255,U-2255,P-1773,58,0.87,8,1,0,0
S-11256,U-2256,P-1990,222,0.6,9,0,0,0
S-11257,U-2257,P-1445,297,0.71,2,0,1,1
S-11258,U-2258,P-1082,223,0.51,1,0,1,0
S-11259,U-2259,P-1552,172,0.43,5,1,1,0
S-11260,U-2260,P-1183,102,0.59,9,1,1,1
S-11261,U-2261,P-1104,292,0.68,4,1,0,0
S-11262,U-2262,P-1492,260,0.65,9,0,1,0
S-11263,U-2263,P-1293,175,0.12,4,0,0,0
S-11264,U-2264,P-1402,199,0.69,6,1,0,0
S-11265,U-2265,P-1252,235,0.76,0,1,0,0
S-11266,U-2266,P-1576,117,0.49,4,1,0,0
S-11267,U-2267,P-1156,120,0.32,6,0,0,0
S-11268,U-2268,P-1606,264,0.19,7,1,0,0
S-11269,U-2269,P-1946,14,0.55,3,1,0,0
S-11270,U-2270,P-1593,130,0.83,6,1,0,0
S-11271,U-2271,P-1086,78,0.87,9,1,0,0
S-11272,U-2272,P-1412,291,0.37,9,0,0,0
S-11273,U-2273,P-1407,223,0.99,8,0,0,0
S-11274,U-2274,P-1085,1,0.55,1,1,0,0
S-11275,U-2275,P-1950,122,0.39,3,0,0,0
S-11276,U-2276,P-1141,274,0.29,7,0,0,0
S-11277,U-2277,P-1474,269,0.72,6,0,0,0
S-11278,U-2278,P-1247,180,0.15,7,0,0,0
S-11279,U-2279,P-1277,26,0.43,3,1,0,0
S-11280,U-2280,P-1969,137,0.49,9,0,0,0
S-11281,U-2281,P-1770,134,0.68,4,1,0,0
S-11282,U-2282,P-1703,4,0.68,9,1,0,0
S-11283,U-2283,P-1368,17,0.75,7,0,0,0
S-11284,U-2284,P-1016,271,0.57,7,1,0,0
S-11285,U-2285,P-1639,214,0.84,2,0,0,0
S-11286,U-2286,P-1279,84,0.78,7,0,0,0
S-11287,U-2287,P-1399,281,0.73,2,0,0,0
S-11288,U-2288,P-1564,75,0.67,4,0,0,0
S-11289,U-2289,P-1233,148,0.28,3,0,0,0
S-11290,U-2290,P-1114,146,0.29,7,1,0,0
S-11291,U-2291,P-1939,4,0.21,9,0,0,0
S-11292,U-2292,P-1637,99,0.66,8,0,0,0
S-11293,U-2293,P-1046,68,0.82,7,0,0,0
S-11294,U-2294,P-1017,239,0.4,7,0,0,0
S-11295,U-2295,P-1102,99,0.56,3,1,0,0
S-11296,U-2296,P-1287,202,0.2,3,1,0,0
S-11297,U-2297,P-1463,204,0.21,6,0,1,0
S-11298,U-2298,P-1953,98,0.52,0,0,0,0
S-11299,U-2299,P-1642,78,0.67,6,1,1,0
S-11300,U-2300,P-1251,23,0.36,5,0,0,0
S-11301,U-2301,P-1483,211,0.25,4,0,0,0
S-11302,U-2302,P-1503,35,0.98,6,0,0,0
S-11303,U-2303,P-1180,160,0.54,1,0,0,0
S-11304,U-2304,P-1964,8,0.98,8,0,0,0
S-11305,U-2305,P-1215,133,0.53,8,0,0,0
S-11306,U-2306,P-1706,282,0.55,3,1,0,0
S-11307,U-2307,P-1147,75,0.25,7,1,0,0
S-11308,U-2308,P-1665,134,0.89,4,0,0,0
S-11309,U-2309,P-1489,152,0.23,7,1,0,0
S-11310,U-2310,P-1245,178,0.61,2,0,0,0
S-11311,U-2311,P-1897,252,0.42,4,1,0,0
S-11312,U-2312,P-1356,252,0.65,1,1,0,0
S-11313,U-2313,P-1408,62,0.58,9,0,0,0
S-11314,U-2314,P-1564,168,0.91,1,0,1,1
S-11315,U-2315,P-1114,122,0.36,2,1,0,0
S-11316,U-2316,P-1658,252,0.65,5,0,0,0
S-11317,U-2317,P-1253,88,0.74,6,0,0,0
S-11318,U-2318,P-1966,17,0.73,6,1,0,0
S-11319,U-2319,P-1239,36,0.68,2,0,0,0
S-11320,U-2320,P-1648,1,0.51,0,1,0,0
S-11321,U-2321,P-1869,48,0.69,8,0,0,0
S-11322,U-2322,P-1696,228,0.54,3,1,0,0
S-11323,U-2323,P-1629,41,0.7,2,0,1,0
S-11324,U-2324,P-1560,142,0.67,6,1,0,0
S-11325,U-2325,P-1271,281,0.49,4,1,0,0
S-11326,U-2326,P-1939,4,0.28,6,1,0,0
S-11327,U-2327,P-1870,215,0.24,4,1,0,0
S-11328,U-2328,P-1618,29,0.13,9,1,0,0
S-11329,U-2329,P-1108,94,0.39,0,0,0,0
S-11330,U-2330,P-1394,290,0.57,1,0,0,0
S-11331,U-2331,P-1621,5,0.48,7,0,0,0
S-11332,U-2332,P-1551,50,0.75,7,1,0,0
S-11333,U-2333,P-1119,28,0.98,3,1,0,0
S-11334,U-2334,P-1906,8,0.51,0,0,0,0
S-11335,U-2335,P-1423,118,0.21,7,1,0,0
S-11336,U-2336,P-1442,88,0.85,3,0,0,0
S-11337,U-2337,P-1408,270,0.72,2,0,0,0
S-11338,U-2338,P-1502,137,0.36,7,0,0,0
S-11339,U-2339,P-1813,165,0.78,7,0,0,0
S-11340,U-2340,P-1142,229,0.63,0,1,0,0
S-11341,U-2341,P-1953,29,0.21,3,1,0,0
S-11342,U-2342,P-1803,3,0.57,0,0,0,0
S-11343,U-2343,P-1382,219,0.54,6,0,0,0
S-11344,U-2344,P-1163,174,0.31,7,0,0,0
S-11345,U-2345,P-1344,51,0.52,0,1,0,0
S-11346,U-2346,P-1010,3,0.6,9,1,0,0
S-11347,U-2347,P-1445,218,0.32,9,1,0,0
S-11348,U-2348,P-1174,39,0.94,8,0,0,0
S-11349,U-2349,P-1955,131,0.72,4,1,0,0
S-11350,U-2350,P-1726,281,0.99,5,1,0,0
S-11351,U-2351,P-1110,183,0.32,6,0,0,0
S-11352,U-2352,P-1350,279,0.41,1,0,0,0
S-11353,U-2353,P-1726,112,0.43,9,1,0,0
S-11354,U-2354,P-1948,173,0.5,3,0,0,0
S-11355,U-2355,P-1717,204,0.29,0,1,0,0
S-11356,U-2356,P-1041,165,0.19,5,0,1,1
S-11357,U-2357,P-1995,230,0.83,2,0,1,1
S-11358,U-2358,P-1977,41,0.88,9,0,0,0
S-11359,U-2359,P-1260,55,0.2,6,0,0,0
S-11360,U-2360,P-1212,3,0.29,3,1,0,0
S-11361,U-2361,P-1022,11,0.6,2,0,0,0
S-11362,U-2362,P-1672,119,0.79,9,1,0,0
S-11363,U-2363,P-1619,279,0.73,1,0,0,0
S-11364,U-2364,P-1345,117,0.82,8,1,0,0
S-11365,U-2365,P-1403,47,0.13,6,1,0,0
S-11366,U-2366,P-1350,136,0.29,8,1,0,0
S-11367,U-2367,P-1164,69,0.31,7,1,0,0
S-11368,U-2368,P-1475,186,0.31,0,1,0,0
S-11369,U-2369,P-1591,125,0.41,5,0,0,0
S-11370,U-2370,P-1323,257,0.16,3,1,0,0
S-11371,U-2371,P-1910,29,0.64,8,1,0,0
S-11372,U-2372,P-1954,152,0.16,9,0,0,0
S-11373,U-2373,P-1443,3,0.89,3,0,0,0
S-11374,U-2374,P-1587,19,0.64,5,0,1,0
S-11375,U-2375,P-1889,136,0.4,4,1,0,0
S-11376,U-2376,P-1371,32,0.11,9,0,0,0
S-11377,U-2377,P-1193,257,0.88,0,0,0,0
S-11378,U-2378,P-1260,4,0.34,0,1,0,0
S-11379,U-2379,P-1693,125,0.68,6,1,0,0
S-11380,U-2380,P-1709,281,0.62,9,1,0,0
S-11381,U-2381,P-1346,96,0.38,4,0,0,0
S-11382,U-2382,P-1324,42,0.67,3,0,0,0
S-11383,U-2383,P-1767,52,0.82,2,0,0,0
S-11384,U-2384,P-1916,39,0.92,2,0,0,0
S-11385,U-2385,P-1671,283,0.64,0,1,0,0
S-11386,U-2386,P-1086,283,0.78,0,1,0,0
S-11387,U-2387,P-1315,57,0.7,6,0,0,0
S-11388,U-2388,P-1841,129,0.41,0,0,0,0
S-11389,U-2389,P-1337,269,0.35,9,1,0,0
S-11390,U-2390,P-1526,236,0.96,9,0,0,0
S-11391,U-2391,P-1302,127,0.34,3,1,0,0
S-11392,U-2392,P-1649,150,0.73,8,1,0,0
S-11393,U-2393,P-1857,18,0.2,8,1,0,0
S-11394,U-2394,P-1967,182,0.37,4,0,0,0
S-11395,U-2395,P-1341,241,0.52,7,0,0,0
S-11396,U-2396,P-1387,77,0.79,7,1,0,0
S-11397,U-2397,P-1499,168,0.81,3,0,0,0
S-11398,U-2398,P-1067,286,0.33,3,1,1,0
S-11399,U-2399,P-1626,128,0.85,3,0,0,0
S-11400,U-2400,P-1476,21,0.98,0,1,1,1
S-11401,U-2401,P-1881,161,0.18,2,1,0,0
S-11402,U-2402,P-1427,167,0.42,0,0,0,0
S-11403,U-2403,P-1141,132,0.41,0,0,0,0
S-11404,U-2404,P-1487,188,0.47,2,0,0,0
S-11405,U-2405,P-1324,30,0.23,3,1,0,0
S-11406,U-2406,P-1324,172,0.15,5,1,0,0
S-11407,U-2407,P-1019,295,0.34,7,1,0,0
S-11408,U-2408,P-1888,95,0.21,2,1,0,0
S-11409,U-2409,P-1997,189,0.98,5,1,0,0
S-11410,U-2410,P-1969,229,0.68,1,1,0,0
S-11411,U-2411,P-1850,17,0.58,5,0,0,0
S-11412,U-2412,P-1763,69,0.57,0,0,0,0
S-11413,U-2413,P-1702,47,0.59,8,0,0,0
S-11414,U-2414,P-1283,22,0.12,4,1,0,0
S-11415,U-2415,P-1952,105,0.55,9,0,1,0
S-11416,U-2416,P-1744,194,0.93,0,0,0,0
S-11417,U-2417,P-1246,188,0.71,1,1,0,0
S-11418,U-2418,P-1318,9,0.16,5,0,1,0
S-11419,U-2419,P-1221,12,0.35,2,0,0,0
S-11420,U-2420,P-1920,167,0.57,4,0,0,0
S-11421,U-2421,P-1410,219,0.38,8,1,0,0
S-11422,U-2422,P-1972,28,0.83,2,0,0,0
S-11423,U-2423,P-1617,76,0.57,3,1,0,0
S-11424,U-2424,P-1800,157,0.93,2,0,0,0
S-11425,U-2425,P-1768,42,0.47,4,0,1,0
S-11426,U-2426,P-1934,267,0.17,9,1,0,0
S-11427,U-2427,P-1060,172,0.85,6,1,0,0
S-11428,U-2428,P-1173,157,0.8,3,0,0,0
S-11429,U-2429,P-1404,98,0.76,7,0,0,0
S-11430,U-2430,P-1828,159,0.13,7,0,1,0
S-11431,U-2431,P-1831,171,0.25,3,0,0,0
S-11432,U-2432,P-1456,51,0.93,5,0,0,0
S-11433,U-2433,P-1009,169,0.29,7,1,0,0
S-11434,U-2434,P-1988,282,0.87,1,1,0,0
S-11435,U-2435,P-1854,1,0.73,9,0,0,0
S-11436,U-2436,P-1873,159,0.14,8,0,0,0
S-11437,U-2437,P-1187,123,0.7,2,0,0,0
S-11438,U-2438,P-1945,9,0.29,5,0,0,0
S-11439,U-2439,P-1457,74,0.17,7,0,0,0
S-11440,U-2440,P-1543,59,0.41,9,0,0,0
S-11441,U-2441,P-1045,18,0.38,6,1,0,0
S-11442,U-2442,P-1251,164,0.95,6,0,0,0
S-11443,U-2443,P-1758,90,0.89,6,0,1,0
S-11444,U-2444,P-1731,279,0.17,2,0,0,0
S-11445,U-2445,P-1407,206,0.62,4,1,0,0
S-11446,U-2446,P-1867,165,0.13,5,0,0,0
S-11447,U-2447,P-1001,78,0.11,0,0,0,0
S-11448,U-2448,P-1059,81,0.13,8,0,0,0
S-11449,U-2449,P-1594,124,0.74,7,0,0,0
S-11450,U-2450,P-1656,290,0.12,5,0,0,0
S-11451,U-2451,P-1551,83,0.76,0,0,0,0
S-11452,U-2452,P-1441,54,0.72,1,1,0,0
S-11453,U-2453,P-1689,131,0.19,3,0,0,0
S-11454,U-2454,P-1809,216,0.95,7,0,0,0
S-11455,U-2455,P-1844,223,0.14,3,1,0,0
S-11456,U-2456,P-1156,204,0.65,3,1,0,0
S-11457,U-2457,P-1602,125,0.56,9,0,0,0
S-11458,U-2458,P-1118,169,0.78,9,0,0,0
S-11459,U-2459,P-1810,36,0.46,6,0,0,0
S-11460,U-2460,P-1374,74,0.27,4,0,1,0
S-11461,U-2461,P-1187,169,0.31,8,1,0,0
S-11462,U-2462,P-1441,238,0.83,1,1,0,0
S-11463,U-2463,P-1878,67,0.51,1,1,0,0
S-11464,U-2464,P-1907,186,0.19,7,0,0,0
S-11465,U-2465,P-1337,73,0.34,3,0,1,0
S-11466,U-2466,P-1008,102,0.54,1,0,0,0
S-11467,U-2467,P-1967,133,0.31,5,1,0,0
S-11468,U-2468,P-1468,104,0.79,2,1,0,0
S-11469,U-2469,P-1756,297,0.14,4,1,0,0
S-11470,U-2470,P-1206,289,0.83,8,1,0,0
S-11471,U-2471,P-1488,35,0.93,8,1,0,0
S-11472,U-2472,P-1359,145,0.3,8,1,0,0
S-11473,U-2473,P-1576,236,0.57,2,1,0,0
S-11474,U-2474,P-1868,263,0.43,5,1,0,0
S-11475,U-2475,P-1263,98,0.3,0,0,0,0
S-11476,U-2476,P-1622,37,0.96,8,0,0,0
S-11477,U-2477,P-1792,194,0.35,8,0,0,0
S-11478,U-2478,P-1489,248,0.17,0,0,0,0
S-11479,U-2479,P-1899,21,0.14,6,1,0,0
S-11480,U-2480,P-1000,213,0.71,0,0,0,0
S-11481,U-2481,P-1558,2,0.32,7,0,0,0
S-11482,U-2482,P-1992,1,0.93,7,1,0,0
S-11483,U-2483,P-1371,9,0.29,8,0,0,0
S-11484,U-2484,P-1671,205,0.25,9,1,0,0
S-11485,U-2485,P-1046,256,0.86,8,0,0,0
S-11486,U-2486,P-1386,289,0.31,0,0,0,0
S-11487,U-2487,P-1014,194,0.84,4,0,0,0
S-11488,U-2488,P-1471,102,0.95,3,0,0,0
S-11489,U-2489,P-1023,249,0.91,5,0,0,0
S-11490,U-2490,P-1757,75,0.15,0,0,0,0
S-11491,U-2491,P-1604,181,0.34,1,0,0,0
S-11492,U-2492,P-1621,164,0.53,7,0,0,0
S-11493,U-2493,P-1783,288,0.47,7,1,0,0
S-11494,U-2494,P-1190,175,0.77,4,0,1,1
S-11495,U-2495,P-1077,96,0.74,1,1,0,0
S-11496,U-2496,P-1382,222,0.16,3,1,0,0
S-11497,U-2497,P-1632,15,0.62,0,1,0,0
S-11498,U-2498,P-1119,7,0.81,8,1,0,0
S-11499,U-2499,P-1631,32,0.19,0,1,0,0
S-11500,U-2500,P-1199,188,0.4,2,1,0,0
S-11501,U-2501,P-1611,216,0.42,6,1,0,0
S-11502,U-2502,P-1705,251,0.88,1,1,0,0
S-11503,U-2503,P-1741,293,0.63,6,0,0,0
S-11504,U-2504,P-1813,106,0.52,9,1,0,0
S-11505,U-2505,P-1850,219,0.39,9,1,0,0
S-11506,U-2506,P-1700,152,0.9,2,0,0,0
S-11507,U-2507,P-1362,296,0.87,8,0,0,0
S-11508,U-2508,P-1600,246,0.16,3,0,0,0
S-11509,U-2509,P-1466,182,0.31,9,1,1,0
S-11510,U-2510,P-1308,2,0.59,7,0,0,0
S-11511,U-2511,P-1127,118,0.6,5,1,0,0
S-11512,U-2512,P-1314,220,0.57,7,0,0,0
S-11513,U-2513,P-1376,2,0.53,6,0,0,0
S-11514,U-2514,P-1628,125,0.67,7,0,0,0
S-11515,U-2515,P-1728,297,0.16,5,0,0,0
S-11516,U-2516,P-1564,119,0.9,2,0,0,0
S-11517,U-2517,P-1974,49,0.17,8,0,0,0
S-11518,U-2518,P-1883,54,0.13,1,0,0,0
S-11519,U-2519,P-1170,198,0.43,8,0,0,0
S-11520,U-2520,P-1486,216,0.54,2,1,0,0
S-11521,U-2521,P-1504,268,0.48,2,1,0,0
S-11522,U-2522,P-1024,12,0.29,3,0,0,0
S-11523,U-2523,P-1318,169,0.91,4,0,0,0
S-11524,U-2524,P-1987,23,0.17,2,1,0,0
S-11525,U-2525,P-1790,240,0.1,2,0,0,0
S-11526,U-2526,P-1181,272,0.9,8,1,0,0
S-11527,U-2527,P-1025,272,0.99,1,1,0,0
S-11528,U-2528,P-1063,75,0.88,7,1,0,0
S-11529,U-2529,P-1886,228,0.19,9,1,0,0
S-11530,U-2530,P-1917,24,0.49,4,0,1,0
S-11531,U-2531,P-1208,89,0.45,5,0,0,0
S-11532,U-2532,P-1701,137,0.49,4,1,0,0
S-11533,U-2533,P-1554,171,0.25,1,1,0,0
S-11534,U-2534,P-1516,244,0.74,4,1,0,0
S-11535,U-2535,P-1088,244,0.23,5,1,0,0
S-11536,U-2536,P-1748,139,0.99,1,0,0,0
S-11537,U-2537,P-1712,91,0.83,9,1,0,0
S-11538,U-2538,P-1389,165,0.63,0,1,0,0
S-11539,U-2539,P-1127,203,0.47,9,0,0,0
S-11540,U-2540,P-1102,8,0.46,8,1,0,0
S-11541,U-2541,P-1365,107,0.16,7,1,0,0
S-11542,U-2542,P-1263,103,0.82,9,1,0,0
S-11543,U-2543,P-1885,31,0.83,2,0,1,0
S-11544,U-2544,P-1662,296,0.51,6,1,0,0
S-11545,U-2545,P-1980,91,0.37,8,1,0,0
S-11546,U-2546,P-1896,102,1.0,9,0,0,0
S-11547,U-2547,P-1620,97,0.35,1,0,0,0
S-11548,U-2548,P-1430,125,0.51,2,1,0,0
S-11549,U-2549,P-1962,223,0.61,4,0,0,0
S-11550,U-2550,P-1439,75,0.58,7,1,0,0
S-11551,U-2551,P-1174,10,0.36,3,1,0,0
S-11552,U-2552,P-1219,205,0.96,1,0,0,0
S-11553,U-2553,P-1213,270,0.86,6,0,0,0
S-11554,U-2554,P-1755,240,0.84,9,1,0,0
S-11555,U-2555,P-1512,99,0.3,2,0,0,0
S-11556,U-2556,P-1494,174,0.53,1,1,0,0
S-11557,U-2557,P-1874,158,0.89,2,0,0,0
S-11558,U-2558,P-1581,230,0.64,0,1,0,0
S-11559,U-2559,P-1342,159,0.8,0,1,0,0
S-11560,U-2560,P-1548,272,0.3,0,1,0,0
S-11561,U-2561,P-1882,277,0.93,5,0,0,0
S-11562,U-2562,P-1090,6,0.99,0,0,1,1
S-11563,U-2563,P-1593,113,0.33,2,0,0,0
S-11564,U-2564,P-1367,111,0.23,4,0,0,0
S-11565,U-2565,P-1732,48,0.87,4,1,0,0
S-11566,U-2566,P-1973,267,0.3,6,0,0,0
S-11567,U-2567,P-1674,120,0.69,6,1,0,0
S-11568,U-2568,P-1168,5,0.24,4,0,0,0
S-11569,U-2569,P-1472,24,0.49,2,1,0,0
S-11570,U-2570,P-1874,165,0.62,9,0,0,0
S-11571,U-2571,P-1520,230,0.77,7,1,0,0
S-11572,U-2572,P-1299,296,0.25,9,1,0,0
S-11573,U-2573,P-1565,257,0.35,6,1,0,0
S-11574,U-2574,P-1638,102,0.12,5,1,0,0
S-11575,U-2575,P-1585,285,0.25,0,1,0,0
S-11576,U-2576,P-1750,294,0.16,0,1,0,0
S-11577,U-2577,P-1533,255,0.4,5,0,0,0
S-11578,U-2578,P-1292,28,0.95,6,1,1,1
S-11579,U-2579,P-1648,4,0.92,9,1,0,0
S-11580,U-2580,P-1125,165,0.68,5,0,0,0
S-11581,U-2581,P-1643,282,0.71,1,1,0,0
S-11582,U-2582,P-1475,168,0.88,8,1,0,0
S-11583,U-2583,P-1674,76,0.73,3,1,0,0
S-11584,U-2584,P-1336,90,0.76,0,0,0,0
S-11585,U-2585,P-1100,280,0.43,1,1,0,0
S-11586,U-2586,P-1430,75,0.87,2,1,0,0
S-11587,U-2587,P-1335,63,0.74,3,0,0,0
S-11588,U-2588,P-1374,41,0.16,5,0,0,0
S-11589,U-2589,P-1699,112,0.8,9,0,0,0
S-11590,U-2590,P-1729,267,0.8,8,0,0,0
S-11591,U-2591,P-1957,57,0.87,1,0,1,1
S-11592,U-2592,P-1322,180,0.17,9,1,0,0
S-11593,U-2593,P-1671,229,0.95,9,1,0,0
S-11594,U-2594,P-1494,63,0.65,4,0,0,0
S-11595,U-2595,P-1682,294,0.25,7,1,1,1
S-11596,U-2596,P-1518,3,0.54,5,0,0,0
S-11597,U-2597,P-1723,49,0.38,4,1,0,0
S-11598,U-2598,P-1261,160,0.61,1,0,0,0
S-11599,U-2599,P-1233,69,0.68,8,0,0,0
S-11600,U-2600,P-1610,193,0.18,3,0,0,0
S-11601,U-2601,P-1772,55,0.64,3,0,0,0
S-11602,U-2602,P-1881,56,0.54,8,0,0,0
S-11603,U-2603,P-1538,118,0.19,7,1,0,0
S-11604,U-2604,P-1835,244,0.86,6,0,0,0
S-11605,U-2605,P-1720,61,0.58,6,1,0,0
S-11606,U-2606,P-1333,51,0.68,1,1,0,0
S-11607,U-2607,P-1808,76,0.34,9,1,0,0
S-11608,U-2608,P-1805,4,0.39,3,1,0,0
S-11609,U-2609,P-1960,145,0.25,1,1,0,0
S-11610,U-2610,P-1645,86,0.15,2,0,0,0
S-11611,U-2611,P-1238,57,0.58,1,0,0,0
S-11612,U-2612,P-1171,109,0.11,9,0,0,0
S-11613,U-2613,P-1121,17,0.66,5,1,0,0
S-11614,U-2614,P-1751,269,0.88,8,1,0,0
S-11615,U-2615,P-1909,257,0.6,5,0,0,0
S-11616,U-2616,P-1602,245,0.24,6,1,0,0
S-11617,U-2617,P-1030,255,0.6,6,1,0,0
S-11618,U-2618,P-1561,79,0.33,6,1,0,0
S-11619,U-2619,P-1771,160,0.65,8,1,0,0
S-11620,U-2620,P-1753,217,0.64,2,1,0,0
S-11621,U-2621,P-1739,26,0.22,0,0,0,0
S-11622,U-2622,P-1147,11,0.35,3,0,0,0
S-11623,U-2623,P-1474,83,0.18,1,0,0,0
S-11624,U-2624,P-1089,230,0.22,9,1,0,0
S-11625,U-2625,P-1347,252,0.23,6,1,0,0
S-11626,U-2626,P-1555,156,0.55,9,1,0,0
S-11627,U-2627,P-1075,277,0.29,5,0,0,0
S-11628,U-2628,P-1727,25,0.34,6,0,0,0
S-11629,U-2629,P-1200,174,0.24,3,0,0,0
S-11630,U-2630,P-1430,56,0.6,9,0,1,1
S-11631,U-2631,P-1339,165,0.22,3,0,0,0
S-11632,U-2632,P-1792,140,0.63,4,0,0,0
S-11633,U-2633,P-1044,97,0.37,6,0,0,0
S-11634,U-2634,P-1067,61,0.29,4,0,0,0
S-11635,U-2635,P-1762,208,0.43,2,1,1,1
S-11636,U-2636,P-1771,77,0.68,5,1,0,0
S-11637,U-2637,P-1011,189,0.86,0,1,0,0
S-11638,U-2638,P-1455,148,0.51,8,0,0,0
S-11639,U-2639,P-1249,218,0.81,0,0,0,0
S-11640,U-2640,P-1810,222,0.33,0,1,0,0
S-11641,U-2641,P-1767,254,0.9,5,0,0,0
S-11642,U-2642,P-1918,156,0.15,5,1,0,0
S-11643,U-2643,P-1598,216,0.28,2,1,0,0
S-11644,U-2644,P-1503,17,0.76,8,0,0,0
S-11645,U-2645,P-1739,86,0.88,3,1,0,0
S-11646,U-2646,P-1849,88,0.6,1,0,0,0
S-11647,U-2647,P-1268,145,0.38,9,0,0,0
S-11648,U-2648,P-1404,296,0.96,0,1,0,0
S-11649,U-2649,P-1976,111,0.27,5,1,0,0
S-11650,U-2650,P-1290,112,0.13,7,0,0,0
S-11651,U-2651,P-1128,272,0.65,2,1,0,0
S-11652,U-2652,P-1003,32,0.34,3,1,0,0
S-11653,U-2653,P-1301,141,0.2,1,0,0,0
S-11654,U-2654,P-1040,50,0.73,8,0,0,0
S-11655,U-2655,P-1356,118,0.7,5,0,0,0
S-11656,U-2656,P-1114,119,0.46,4,0,0,0
S-11657,U-2657,P-1237,37,0.93,0,0,0,0
S-11658,U-2658,P-1414,139,0.22,4,1,0,0
S-11659,U-2659,P-1344,161,0.93,8,1,0,0
S-11660,U-2660,P-1931,216,0.94,0,0,0,0
S-11661,U-2661,P-1300,63,0.39,1,1,0,0
S-11662,U-2662,P-1509,50,0.71,9,1,0,0
S-11663,U-2663,P-1166,98,0.39,4,0,0,0
S-11664,U-2664,P-1271,272,1.0,9,1,0,0
S-11665,U-2665,P-1172,109,0.44,1,1,0,0
S-11666,U-2666,P-1112,257,0.51,7,0,0,0
S-11667,U-2667,P-1040,155,0.55,7,0,0,0
S-11668,U-2668,P-1980,217,0.36,9,1,1,0
S-11669,U-2669,P-1090,282,0.71,5,1,0,0
S-11670,U-2670,P-1035,252,0.78,5,0,0,0
S-11671,U-2671,P-1062,235,0.69,3,1,0,0
S-11672,U-2672,P-1797,31,0.29,9,1,0,0
S-11673,U-2673,P-1523,5,0.4,3,1,0,0
S-11674,U-2674,P-1040,156,0.53,1,0,0,0
S-11675,U-2675,P-1952,150,0.67,3,1,0,0
S-11676,U-2676,P-1334,155,0.51,4,1,0,0
S-11677,U-2677,P-1916,138,0.61,8,1,0,0
S-11678,U-2678,P-1430,137,0.53,7,1,0,0
S-11679,U-2679,P-1497,36,0.25,4,0,0,0
S-11680,U-2680,P-1699,199,0.66,4,0,0,0
S-11681,U-2681,P-1962,33,0.26,3,1,0,0
S-11682,U-2682,P-1020,263,0.67,7,1,0,0
S-11683,U-2683,P-1863,196,0.12,7,1,0,0
S-11684,U-2684,P-1820,139,0.28,8,1,0,0
S-11685,U-2685,P-1259,153,0.77,8,0,0,0
S-11686,U-2686,P-1609,192,0.25,5,1,0,0
S-11687,U-2687,P-1984,108,0.59,5,1,0,0
S-11688,U-2688,P-1635,209,0.13,9,0,1,0
S-11689,U-2689,P-1132,218,0.9,4,0,0,0
S-11690,U-2690,P-1618,59,0.36,0,1,0,0
S-11691,U-2691,P-1799,10,0.94,2,1,0,0
S-11692,U-2692,P-1045,114,0.18,5,0,0,0
S-11693,U-2693,P-1730,133,0.78,3,0,0,0
S-11694,U-2694,P-1118,103,0.2,4,1,0,0
S-11695,U-2695,P-1068,299,0.38,0,0,0,0
S-11696,U-2696,P-1510,152,0.62,4,1,0,0
S-11697,U-2697,P-1757,133,0.76,4,0,0,0
S-11698,U-2698,P-1920,288,0.56,5,0,0,0
S-11699,U-2699,P-1052,85,0.72,7,1,0,0
S-11700,U-2700,P-1794,297,0.25,1,1,0,0
S-11701,U-2701,P-1385,116,0.78,8,1,0,0
S-11702,U-2702,P-1023,297,0.69,5,0,0,0
S-11703,U-2703,P-1922,119,0.52,5,1,0,0
S-11704,U-2704,P-1422,82,0.62,6,0,0,0
S-11705,U-2705,P-1228,136,0.45,3,0,0,0
S-11706,U-2706,P-1588,140,0.71,5,0,0,0
S-11707,U-2707,P-1308,2,0.4,6,0,0,0
S-11708,U-2708,P-1228,165,0.73,6,0,0,0
S-11709,U-2709,P-1147,238,0.75,9,1,0,0
S-11710,U-2710,P-1356,79,0.9,9,0,0,0
S-11711,U-2711,P-1988,201,0.8,6,0,0,0
S-11712,U-2712,P-1131,203,0.15,4,1,0,0
S-11713,U-2713,P-1541,80,1.0,6,1,0,0
S-11714,U-2714,P-1092,226,0.15,7,1,0,0
S-11715,U-2715,P-1577,250,0.46,4,1,1,0
S-11716,U-2716,P-1438,98,0.74,3,0,0,0
S-11717,U-2717,P-1774,275,0.66,9,1,0,0
S-11718,U-2718,P-1035,51,0.93,5,1,0,0
S-11719,U-2719,P-1989,100,0.46,0,1,0,0
S-11720,U-2720,P-1145,232,0.95,2,1,0,0
S-11721,U-2721,P-1913,154,0.75,6,0,0,0
S-11722,U-2722,P-1217,224,0.79,9,1,0,0
S-11723,U-2723,P-1738,262,0.5,3,0,0,0
S-11724,U-2724,P-1593,41,0.75,0,0,0,0
S-11725,U-2725,P-1402,153,0.96,9,1,0,0
S-11726,U-2726,P-1326,247,0.4,9,0,0,0
S-11727,U-2727,P-1821,243,0.7,8,0,0,0
S-11728,U-2728,P-1205,9,0.88,1,0,0,0
S-11729,U-2729,P-1665,50,0.82,2,1,0,0
S-11730,U-2730,P-1905,87,0.46,8,0,0,0
S-11731,U-2731,P-1616,33,0.11,3,0,0,0
S-11732,U-2732,P-1753,209,0.56,7,1,0,0
S-11733,U-2733,P-1783,240,0.21,5,0,0,0
S-11734,U-2734,P-1964,210,0.37,1,1,0,0
S-11735,U-2735,P-1030,49,0.72,0,1,0,0
S-11736,U-2736,P-1017,260,0.77,9,0,1,1
S-11737,U-2737,P-1717,284,0.97,9,1,0,0
S-11738,U-2738,P-1465,187,0.54,8,0,0,0
S-11739,U-2739,P-1901,13,0.21,2,1,0,0
S-11740,U-2740,P-1554,162,0.89,0,0,0,0
S-11741,U-2741,P-1571,48,0.41,9,0,0,0
S-11742,U-2742,P-1457,32,0.31,1,0,0,0
S-11743,U-2743,P-1052,119,0.52,0,0,0,0
S-11744,U-2744,P-1737,157,0.9,6,0,0,0
S-11745,U-2745,P-1277,180,0.76,4,0,0,0
S-11746,U-2746,P-1057,32,0.11,0,0,0,0
S-11747,U-2747,P-1351,234,0.81,0,1,0,0
S-11748,U-2748,P-1839,277,0.35,2,1,0,0
S-11749,U-2749,P-1348,164,0.14,3,0,0,0
S-11750,U-2750,P-1110,282,0.96,1,0,0,0
S-11751,U-2751,P-1841,157,0.23,8,1,0,0
S-11752,U-2752,P-1647,152,0.52,5,0,0,0
S-11753,U-2753,P-1433,166,0.73,6,0,0,0
S-11754,U-2754,P-1821,84,0.25,2,0,0,0
S-11755,U-2755,P-1932,239,0.23,6,1,0,0
S-11756,U-2756,P-1722,62,0.82,0,0,0,0
S-11757,U-2757,P-1788,284,0.29,4,0,1,1
S-11758,U-2758,P-1237,102,0.15,6,1,0,0
S-11759,U-2759,P-1721,196,0.71,1,0,0,0
S-11760,U-2760,P-1073,270,0.3,0,0,1,1
S-11761,U-2761,P-1293,234,0.31,3,1,1,0
S-11762,U-2762,P-1700,208,0.57,2,0,0,0
S-11763,U-2763,P-1109,108,0.55,6,0,0,0
S-11764,U-2764,P-1254,142,0.7,3,1,0,0
S-11765,U-2765,P-1404,240,0.57,2,0,0,0
S-11766,U-2766,P-1936,196,0.75,4,0,0,0
S-11767,U-2767,P-1456,80,0.19,5,1,0,0
S-11768,U-2768,P-1131,61,0.56,3,1,1,1
S-11769,U-2769,P-1672,147,0.6,1,0,0,0
S-11770,U-2770,P-1521,92,0.67,6,0,0,0
S-11771,U-2771,P-1453,128,0.98,2,0,0,0
S-11772,U-2772,P-1272,29,0.85,0,0,0,0
S-11773,U-2773,P-1842,10,0.15,4,0,0,0
S-11774,U-2774,P-1710,154,0.54,2,1,0,0
S-11775,U-2775,P-1038,157,0.52,8,0,0,0
S-11776,U-2776,P-1430,31,0.5,4,0,0,0
S-11777,U-2777,P-1158,160,0.17,0,1,0,0
S-11778,U-2778,P-1290,161,0.5,5,1,0,0
S-11779,U-2779,P-1740,2,0.35,3,1,0,0
S-11780,U-2780,P-1302,242,0.74,6,0,0,0
S-11781,U-2781,P-1090,138,0.48,2,1,0,0
S-11782,U-2782,P-1759,124,0.82,8,0,0,0
S-11783,U-2783,P-1196,210,0.92,2,1,1,1
S-11784,U-2784,P-1747,40,0.72,1,1,1,0
S-11785,U-2785,P-1897,100,0.42,8,1,0,0
S-11786,U-2786,P-1000,295,0.48,1,0,0,0
S-11787,U-2787,P-1553,259,0.26,0,1,0,0
S-11788,U-2788,P-1091,14,0.72,4,1,0,0
S-11789,U-2789,P-1146,23,0.56,5,0,0,0
S-11790,U-2790,P-1403,278,0.83,6,1,0,0
S-11791,U-2791,P-1163,144,0.76,4,1,0,0
S-11792,U-2792,P-1270,165,0.53,3,1,0,0
S-11793,U-2793,P-1202,125,0.48,1,1,0,0
S-11794,U-2794,P-1958,42,0.81,7,0,0,0
S-11795,U-2795,P-1944,164,0.1,7,1,0,0
S-11796,U-2796,P-1798,50,0.22,4,1,0,0
S-11797,U-2797,P-1446,273,0.55,5,0,0,0
S-11798,U-2798,P-1186,281,0.12,5,1,0,0
S-11799,U-2799,P-1175,110,0.53,2,0,0,0
S-11800,U-2800,P-1373,227,0.59,3,0,0,0
S-11801,U-2801,P-1488,225,0.11,4,0,0,0
S-11802,U-2802,P-1213,112,0.76,7,0,1,0
S-11803,U-2803,P-1692,251,0.46,5,0,0,0
S-11804,U-2804,P-1768,110,0.53,3,1,0,0
S-11805,U-2805,P-1813,100,0.74,0,1,0,0
S-11806,U-2806,P-1729,30,0.19,4,1,0,0
S-11807,U-2807,P-1618,284,0.5,7,1,0,0
S-11808,U-2808,P-1934,284,0.56,4,1,1,0
S-11809,U-2809,P-1777,294,0.57,5,1,0,0
S-11810,U-2810,P-1367,46,0.97,9,1,0,0
S-11811,U-2811,P-1347,265,0.14,6,0,0,0
S-11812,U-2812,P-1702,297,0.78,9,0,1,0
S-11813,U-2813,P-1361,272,0.24,5,1,0,0
S-11814,U-2814,P-1884,215,0.87,1,1,0,0
S-11815,U-2815,P-1091,297,0.19,6,1,0,0
S-11816,U-2816,P-1138,82,0.99,3,0,1,1
S-11817,U-2817,P-1571,110,0.93,3,1,0,0
S-11818,U-2818,P-1825,258,0.17,4,1,0,0
S-11819,U-2819,P-1687,134,0.74,0,0,1,1
S-11820,U-2820,P-1415,282,0.11,5,0,1,0
S-11821,U-2821,P-1745,168,0.28,1,1,0,0
S-11822,U-2822,P-1774,289,0.95,6,1,0,0
S-11823,U-2823,P-1760,247,0.62,7,0,0,0
S-11824,U-2824,P-1859,278,0.72,8,0,0,0
S-11825,U-2825,P-1015,255,0.18,6,0,0,0
S-11826,U-2826,P-1578,173,0.6,4,0,0,0
S-11827,U-2827,P-1003,194,0.87,6,1,0,0
S-11828,U-2828,P-1597,192,0.87,9,0,0,0
S-11829,U-2829,P-1539,277,0.93,3,1,0,0
S-11830,U-2830,P-1572,63,0.57,3,1,0,0
S-11831,U-2831,P-1377,145,0.66,4,0,0,0
S-11832,U-2832,P-1349,9,0.82,9,0,0,0
S-11833,U-2833,P-1338,18,0.79,7,1,0,0
S-11834,U-2834,P-1327,157,0.79,3,0,0,0
S-11835,U-2835,P-1973,118,0.89,5,1,0,0
S-11836,U-2836,P-1297,73,0.3,3,0,0,0
S-11837,U-2837,P-1603,264,0.36,4,1,0,0
S-11838,U-2838,P-1652,160,0.78,8,0,0,0
S-11839,U-2839,P-1724,64,0.65,8,0,0,0
S-11840,U-2840,P-1119,188,0.71,1,1,0,0
S-11841,U-2841,P-1661,87,0.58,9,1,0,0
S-11842,U-2842,P-1517,230,0.89,6,0,0,0
S-11843,U-2843,P-1311,282,0.53,9,0,1,0
S-11844,U-2844,P-1729,76,0.25,6,0,0,0
S-11845,U-2845,P-1060,172,0.88,0,0,0,0
S-11846,U-2846,P-1416,160,0.43,1,0,0,0
S-11847,U-2847,P-1140,149,0.31,2,0,0,0
S-11848,U-2848,P-1415,143,0.36,2,0,0,0
S-11849,U-2849,P-1394,193,0.81,9,1,0,0
S-11850,U-2850,P-1336,95,0.73,6,0,0,0
S-11851,U-2851,P-1936,182,0.48,7,1,1,0
S-11852,U-2852,P-1519,274,0.77,0,0,0,0
S-11853,U-2853,P-1880,3,0.89,0,0,0,0
S-11854,U-2854,P-1448,35,0.84,7,0,0,0
S-11855,U-2855,P-1773,170,0.31,1,0,0,0
S-11856,U-2856,P-1976,9,0.1,7,1,0,0
S-11857,U-2857,P-1933,299,0.46,2,0,0,0
S-11858,U-2858,P-1934,117,0.19,1,1,0,0
S-11859,U-2859,P-1118,257,0.31,5,1,0,0
S-11860,U-2860,P-1137,126,0.54,0,0,0,0
S-11861,U-2861,P-1614,89,0.25,8,0,0,0
S-11862,U-2862,P-1511,70,0.84,6,1,0,0
S-11863,U-2863,P-1687,255,0.72,1,1,0,0
S-11864,U-2864,P-1273,280,0.62,9,0,0,0
S-11865,U-2865,P-1497,60,0.92,9,0,0,0
S-11866,U-2866,P-1760,238,0.59,5,0,0,0
S-11867,U-2867,P-1582,112,0.43,5,1,0,0
S-11868,U-2868,P-1219,156,0.33,9,1,0,0
S-11869,U-2869,P-1027,187,0.64,9,1,0,0
S-11870,U-2870,P-1060,275,0.94,9,0,0,0
S-11871,U-2871,P-1441,247,0.39,9,0,0,0
S-11872,U-2872,P-1292,96,0.2,5,0,1,0
S-11873,U-2873,P-1866,10,0.15,3,0,0,0
S-11874,U-2874,P-1854,225,0.2,5,1,0,0
S-11875,U-2875,P-1001,263,0.89,4,1,1,1
S-11876,U-2876,P-1220,5,0.52,5,1,0,0
S-11877,U-2877,P-1712,210,0.7,1,1,0,0
S-11878,U-2878,P-1594,242,0.85,4,0,1,1
S-11879,U-2879,P-1907,118,0.68,3,0,0,0
S-11880,U-2880,P-1451,126,0.72,9,1,0,0
S-11881,U-2881,P-1540,186,1.0,0,0,0,0
S-11882,U-2882,P-1834,160,0.77,6,0,0,0
S-11883,U-2883,P-1391,291,0.73,7,0,0,0
S-11884,U-2884,P-1004,87,0.58,9,1,0,0
S-11885,U-2885,P-1270,160,0.3,8,1,0,0
S-11886,U-2886,P-1739,272,0.82,4,1,0,0
S-11887,U-2887,P-1673,171,0.32,1,1,1,0
S-11888,U-2888,P-1588,175,0.35,5,1,0,0
S-11889,U-2889,P-1360,295,0.81,4,0,0,0
S-11890,U-2890,P-1682,206,0.4,0,1,0,0
S-11891,U-2891,P-1597,247,0.49,2,0,0,0
S-11892,U-2892,P-1833,70,0.12,6,0,1,1
S-11893,U-2893,P-1680,145,0.84,9,1,0,0
S-11894,U-2894,P-1932,271,0.17,8,1,1,1
S-11895,U-2895,P-1634,112,0.99,5,0,1,1
S-11896,U-2896,P-1425,97,0.61,1,0,0,0
S-11897,U-2897,P-1628,248,0.3,4,0,0,0
S-11898,U-2898,P-1094,144,0.27,2,1,0,0
S-11899,U-2899,P-1897,34,0.71,3,0,0,0
S-11900,U-2900,P-1296,87,0.8,4,1,0,0
S-11901,U-2901,P-1880,1,0.75,7,1,0,0
S-11902,U-2902,P-1854,5,0.55,9,1,0,0
S-11903,U-2903,P-1149,1,0.53,5,0,0,0
S-11904,U-2904,P-1649,110,0.88,1,0,1,1
S-11905,U-2905,P-1943,238,0.93,9,0,0,0
S-11906,U-2906,P-1406,234,0.23,6,0,0,0
S-11907,U-2907,P-1989,187,0.65,5,0,0,0
S-11908,U-2908,P-1065,232,0.94,5,1,1,0
S-11909,U-2909,P-1628,38,0.35,3,0,0,0
S-11910,U-2910,P-1959,214,0.74,1,0,0,0
S-11911,U-2911,P-1919,107,0.76,7,1,0,0
S-11912,U-2912,P-1731,287,0.75,1,0,0,0
S-11913,U-2913,P-1714,47,0.99,3,0,0,0
S-11914,U-2914,P-1542,162,0.53,0,0,0,0
S-11915,U-2915,P-1213,230,0.8,4,1,1,0
S-11916,U-2916,P-1186,158,0.19,0,0,0,0
S-11917,U-2917,P-1703,3,0.37,8,0,0,0
S-11918,U-2918,P-1949,166,0.6,1,0,0,0
S-11919,U-2919,P-1905,96,0.15,8,1,0,0
S-11920,U-2920,P-1508,170,0.29,0,0,0,0
S-11921,U-2921,P-1567,198,0.3,2,0,0,0
S-11922,U-2922,P-1569,81,0.4,1,0,0,0
S-11923,U-2923,P-1144,157,0.39,3,1,0,0
S-11924,U-2924,P-1177,258,0.16,9,1,0,0
S-11925,U-2925,P-1008,240,0.31,5,1,1,1
S-11926,U-2926,P-1560,227,0.14,2,0,0,0
S-11927,U-2927,P-1981,221,0.83,2,1,0,0
S-11928,U-2928,P-1536,154,0.28,6,1,1,0
S-11929,U-2929,P-1977,75,0.64,3,1,0,0
S-11930,U-2930,P-1717,199,0.84,2,1,0,0
S-11931,U-2931,P-1681,131,0.29,1,0,0,0
S-11932,U-2932,P-1063,128,0.47,0,1,0,0
S-11933,U-2933,P-1846,76,0.84,5,1,1,0
S-11934,U-2934,P-1035,280,0.49,9,0,1,1
S-11935,U-2935,P-1937,233,0.74,7,1,0,0
S-11936,U-2936,P-1755,97,0.62,1,0,0,0
S-11937,U-2937,P-1615,13,0.66,1,0,0,0
S-11938,U-2938,P-1149,1,0.23,6,1,0,0
S-11939,U-2939,P-1371,173,0.94,9,1,0,0
S-11940,U-2940,P-1187,195,0.55,7,0,0,0
S-11941,U-2941,P-1968,44,0.61,8,0,0,0
S-11942,U-2942,P-1913,200,0.63,0,1,0,0
S-11943,U-2943,P-1594,35,0.99,7,1,0,0
S-11944,U-2944,P-1759,23,0.5,6,0,0,0
S-11945,U-2945,P-1755,78,0.52,5,1,0,0
S-11946,U-2946,P-1739,104,0.25,9,0,0,0
S-11947,U-2947,P-1579,175,0.84,2,0,0,0
S-11948,U-2948,P-1398,113,0.16,9,0,0,0
S-11949,U-2949,P-1192,287,0.62,7,0,0,0
S-11950,U-2950,P-1771,28,0.82,9,1,1,1
S-11951,U-2951,P-1022,288,0.87,1,1,0,0
S-11952,U-2952,P-1357,161,0.92,9,1,0,0
S-11953,U-2953,P-1447,156,0.4,3,0,0,0
S-11954,U-2954,P-1825,91,0.16,7,1,0,0
S-11955,U-2955,P-1539,227,0.4,7,0,0,0
S-11956,U-2956,P-1208,269,0.78,4,1,1,0
S-11957,U-2957,P-1654,184,0.65,3,1,0,0
S-11958,U-2958,P-1951,281,0.95,0,0,0,0
S-11959,U-2959,P-1704,121,0.57,3,0,0,0
S-11960,U-2960,P-1990,162,0.25,9,0,0,0
S-11961,U-2961,P-1055,175,0.49,0,0,0,0
S-11962,U-2962,P-1572,176,0.35,4,0,1,1
S-11963,U-2963,P-1202,14,0.94,3,1,0,0
S-11964,U-2964,P-1354,17,0.64,9,1,0,0
S-11965,U-2965,P-1720,225,0.23,1,0,0,0
S-11966,U-2966,P-1225,119,0.97,4,0,0,0
S-11967,U-2967,P-1623,144,0.5,2,1,0,0
S-11968,U-2968,P-1874,288,0.25,6,0,0,0
S-11969,U-2969,P-1888,44,0.69,8,0,0,0
S-11970,U-2970,P-1339,12,0.67,8,0,0,0
S-11971,U-2971,P-1102,145,0.36,9,1,0,0
S-11972,U-2972,P-1425,95,0.68,4,1,0,0
S-11973,U-2973,P-1823,235,0.14,4,0,1,0
S-11974,U-2974,P-1200,272,0.38,1,0,0,0
S-11975,U-2975,P-1084,258,0.59,8,0,0,0
S-11976,U-2976,P-1311,173,0.4,3,0,0,0
S-11977,U-2977,P-1882,131,0.28,5,0,1,1
S-11978,U-2978,P-1073,231,0.46,2,1,0,0
S-11979,U-2979,P-1711,108,0.44,5,0,0,0
S-11980,U-2980,P-1044,150,0.66,4,0,0,0
S-11981,U-2981,P-1699,28,0.83,7,1,0,0
S-11982,U-2982,P-1119,163,0.66,3,1,0,0
S-11983,U-2983,P-1689,43,0.21,4,1,0,0
S-11984,U-2984,P-1385,114,0.14,4,1,0,0
S-11985,U-2985,P-1795,125,0.25,6,0,0,0
S-11986,U-2986,P-1765,270,0.17,5,1,0,0
S-11987,U-2987,P-1115,295,0.15,8,0,0,0
S-11988,U-2988,P-1979,147,0.35,2,0,0,0
S-11989,U-2989,P-1373,60,0.66,1,1,0,0
S-11990,U-2990,P-1078,5,0.96,3,0,0,0
S-11991,U-2991,P-1834,54,0.52,2,1,0,0
S-11992,U-2992,P-1992,130,0.2,0,0,0,0
S-11993,U-2993,P-1955,211,0.44,2,1,0,0
S-11994,U-2994,P-1564,15,0.73,1,1,1,0
S-11995,U-2995,P-1483,245,0.11,3,0,0,0
S-11996,U-2996,P-1589,47,0.86,3,1,0,0
S-11997,U-2997,P-1871,246,0.76,1,1,1,0
S-11998,U-2998,P-1909,38,0.65,5,0,0,0
S-11999,U-2999,P-1051,156,0.69,9,0,0,0
S-12000,U-3000,P-1962,43,0.18,5,0,0,0
S-12001,U-3001,P-1830,262,0.44,7,0,0,0
S-12002,U-3002,P-1792,285,0.49,6,1,0,0
S-12003,U-3003,P-1327,190,0.62,9,1,0,0
S-12004,U-3004,P-1993,272,0.51,8,1,0,0
S-12005,U-3005,P-1383,171,0.52,0,0,0,0
S-12006,U-3006,P-1561,269,0.88,4,0,0,0
S-12007,U-3007,P-1810,220,0.92,7,0,0,0
S-12008,U-3008,P-1837,280,0.63,4,0,0,0
S-12009,U-3009,P-1312,132,0.26,5,1,0,0
S-12010,U-3010,P-1236,171,0.39,2,0,0,0
S-12011,U-3011,P-1111,74,0.4,8,1,0,0
S-12012,U-3012,P-1911,242,0.6,7,1,0,0
S-12013,U-3013,P-1978,130,0.89,4,0,0,0
S-12014,U-3014,P-1689,30,0.73,0,1,0,0
S-12015,U-3015,P-1104,225,0.79,7,1,0,0
S-12016,U-3016,P-1100,138,0.96,5,0,0,0
S-12017,U-3017,P-1894,285,0.19,9,0,0,0
S-12018,U-3018,P-1039,226,0.17,2,1,0,0
S-12019,U-3019,P-1478,222,0.88,1,0,0,0
S-12020,U-3020,P-1369,21,0.35,5,1,0,0
S-12021,U-3021,P-1152,202,0.19,6,0,0,0
S-12022,U-3022,P-1329,93,0.15,9,0,0,0
S-12023,U-3023,P-1562,85,0.41,6,0,0,0
S-12024,U-3024,P-1429,250,0.58,5,1,0,0
S-12025,U-3025,P-1627,173,0.48,4,1,0,0
S-12026,U-3026,P-1142,108,0.92,7,1,0,0
S-12027,U-3027,P-1157,187,0.15,7,0,0,0
S-12028,U-3028,P-1119,157,0.6,8,1,0,0
S-12029,U-3029,P-1686,219,0.57,7,0,0,0
S-12030,U-3030,P-1961,257,0.7,4,1,0,0
S-12031,U-3031,P-1484,243,0.2,0,0,0,0
S-12032,U-3032,P-1497,60,0.95,5,0,0,0
S-12033,U-3033,P-1466,71,0.66,1,1,0,0
S-12034,U-3034,P-1223,167,0.95,6,0,0,0
S-12035,U-3035,P-1609,150,0.38,4,1,0,0
S-12036,U-3036,P-1519,238,0.8,6,1,0,0
S-12037,U-3037,P-1199,253,0.18,3,1,0,0
S-12038,U-3038,P-1499,21,0.94,1,0,0,0
S-12039,U-3039,P-1034,47,0.26,1,0,0,0
S-12040,U-3040,P-1458,24,0.94,0,1,0,0
S-12041,U-3041,P-1496,277,0.38,0,0,0,0
S-12042,U-3042,P-1712,71,0.22,5,0,0,0
S-12043,U-3043,P-1060,51,0.86,7,0,1,1
S-12044,U-3044,P-1225,147,0.51,7,0,0,0
S-12045,U-3045,P-1788,106,0.13,1,0,0,0
S-12046,U-3046,P-1934,64,0.84,1,1,0,0
S-12047,U-3047,P-1732,165,0.92,6,1,0,0
S-12048,U-3048,P-1642,109,0.42,9,0,0,0
S-12049,U-3049,P-1133,247,0.33,7,1,0,0
S-12050,U-3050,P-1388,173,0.59,3,0,0,0
S-12051,U-3051,P-1719,290,0.82,6,0,0,0
S-12052,U-3052,P-1200,170,0.43,1,1,0,0
S-12053,U-3053,P-1882,177,0.52,9,0,0,0
S-12054,U-3054,P-1832,249,0.72,3,0,0,0
S-12055,U-3055,P-1971,197,0.75,8,1,0,0
S-12056,U-3056,P-1219,238,0.53,1,0,0,0
S-12057,U-3057,P-1556,89,0.96,3,0,0,0
S-12058,U-3058,P-1170,250,0.46,6,0,0,0
S-12059,U-3059,P-1034,58,0.76,3,0,0,0
S-12060,U-3060,P-1279,251,0.51,0,1,0,0
S-12061,U-3061,P-1633,70,0.62,0,0,0,0
S-12062,U-3062,P-1727,283,0.16,4,0,0,0
S-12063,U-3063,P-1845,212,0.78,4,0,0,0
S-12064,U-3064,P-1576,151,0.65,9,0,0,0
S-12065,U-3065,P-1404,201,0.15,1,1,0,0
S-12066,U-3066,P-1665,237,0.17,7,0,0,0
S-12067,U-3067,P-1550,85,0.45,6,0,0,0
S-12068,U-3068,P-1583,224,0.72,2,1,0,0
S-12069,U-3069,P-1368,101,1.0,8,0,0,0
S-12070,U-3070,P-1946,97,0.29,8,1,0,0
S-12071,U-3071,P-1085,186,0.49,0,1,0,0
S-12072,U-3072,P-1837,274,0.86,2,0,0,0
S-12073,U-3073,P-1615,10,0.15,6,0,0,0
S-12074,U-3074,P-1639,81,1.0,2,1,0,0
S-12075,U-3075,P-1896,71,0.67,0,0,0,0
S-12076,U-3076,P-1592,181,0.99,0,1,0,0
S-12077,U-3077,P-1794,57,0.49,2,0,0,0
S-12078,U-3078,P-1007,202,0.85,3,0,1,0
S-12079,U-3079,P-1491,166,0.62,8,1,0,0
S-12080,U-3080,P-1702,69,0.59,9,0,0,0
S-12081,U-3081,P-1083,137,0.92,0,1,0,0
S-12082,U-3082,P-1795,68,0.14,7,1,0,0
S-12083,U-3083,P-1949,218,0.85,2,1,0,0
S-12084,U-3084,P-1602,55,0.37,2,1,0,0
S-12085,U-3085,P-1084,29,0.38,8,0,0,0
S-12086,U-3086,P-1624,149,0.93,7,0,1,0
S-12087,U-3087,P-1639,126,0.68,1,1,0,0
S-12088,U-3088,P-1448,141,0.12,9,1,0,0
S-12089,U-3089,P-1179,126,0.68,2,1,0,0
S-12090,U-3090,P-1894,122,0.6,1,0,0,0
S-12091,U-3091,P-1309,290,0.78,1,1,0,0
S-12092,U-3092,P-1751,200,0.21,7,1,0,0
S-12093,U-3093,P-1039,288,0.48,5,0,0,0
S-12094,U-3094,P-1649,33,0.35,7,0,0,0
S-12095,U-3095,P-1170,63,0.2,9,1,1,0
S-12096,U-3096,P-1410,223,0.98,7,0,0,0
S-12097,U-3097,P-1406,180,0.99,7,1,0,0
S-12098,U-3098,P-1697,77,0.51,5,1,0,0
S-12099,U-3099,P-1397,45,0.16,0,0,0,0
S-12100,U-3100,P-1391,81,0.2,0,1,0,0
S-12101,U-3101,P-1479,231,0.48,3,1,0,0
S-12102,U-3102,P-1045,260,0.16,0,1,0,0
S-12103,U-3103,P-1197,287,0.61,1,0,0,0
S-12104,U-3104,P-1555,131,0.69,7,0,0,0
S-12105,U-3105,P-1765,251,0.65,7,0,0,0
S-12106,U-3106,P-1529,225,0.57,3,1,0,0
S-12107,U-3107,P-1838,20,0.97,4,1,0,0
S-12108,U-3108,P-1246,272,0.34,7,1,0,0
S-12109,U-3109,P-1002,227,0.5,0,1,0,0
S-12110,U-3110,P-1825,181,0.69,6,0,1,0
S-12111,U-3111,P-1659,298,0.84,9,0,0,0
S-12112,U-3112,P-1465,103,0.57,4,0,0,0
S-12113,U-3113,P-1069,58,0.23,0,1,0,0
S-12114,U-3114,P-1679,53,0.75,1,1,0,0
S-12115,U-3115,P-1008,285,0.94,7,0,0,0
S-12116,U-3116,P-1138,17,0.37,9,1,0,0
S-12117,U-3117,P-1355,121,0.21,1,1,1,1
S-12118,U-3118,P-1189,15,0.73,4,1,0,0
S-12119,U-3119,P-1662,80,0.43,8,1,0,0
S-12120,U-3120,P-1834,170,0.8,6,0,0,0
S-12121,U-3121,P-1949,219,0.44,3,0,0,0
S-12122,U-3122,P-1066,223,0.4,1,0,0,0
S-12123,U-3123,P-1279,291,0.2,9,1,0,0
S-12124,U-3124,P-1415,234,0.71,1,1,0,0
S-12125,U-3125,P-1901,51,0.4,0,1,0,0
S-12126,U-3126,P-1716,289,0.43,1,0,0,0
S-12127,U-3127,P-1233,117,0.98,7,1,0,0
S-12128,U-3128,P-1461,124,0.67,0,1,0,0
S-12129,U-3129,P-1484,69,0.95,1,1,0,0
S-12130,U-3130,P-1627,56,0.96,5,0,0,0
S-12131,U-3131,P-1697,218,0.53,2,1,0,0
S-12132,U-3132,P-1906,168,0.77,7,1,0,0
S-12133,U-3133,P-1472,221,0.65,5,1,0,0
S-12134,U-3134,P-1355,17,0.21,7,0,0,0
S-12135,U-3135,P-1630,130,0.22,6,1,0,0
S-12136,U-3136,P-1178,254,0.19,1,0,0,0
S-12137,U-3137,P-1249,236,0.72,9,0,0,0
S-12138,U-3138,P-1625,299,0.83,7,1,0,0
S-12139,U-3139,P-1275,101,0.81,7,1,0,0
S-12140,U-3140,P-1496,119,0.41,1,0,0,0
S-12141,U-3141,P-1274,144,0.64,3,1,0,0
S-12142,U-3142,P-1106,75,0.89,7,0,0,0
S-12143,U-3143,P-1631,260,0.61,1,1,0,0
S-12144,U-3144,P-1393,112,0.31,2,1,0,0
S-12145,U-3145,P-1113,191,0.12,7,1,0,0
S-12146,U-3146,P-1244,34,0.28,0,1,0,0
S-12147,U-3147,P-1333,5,0.56,7,1,0,0
S-12148,U-3148,P-1689,180,0.63,6,1,0,0
S-12149,U-3149,P-1170,46,0.67,8,0,1,0
S-12150,U-3150,P-1751,208,0.22,9,1,0,0
S-12151,U-3151,P-1549,109,0.61,1,0,0,0
S-12152,U-3152,P-1522,249,0.58,0,0,0,0
S-12153,U-3153,P-1541,87,0.86,5,0,0,0
S-12154,U-3154,P-1809,43,0.92,0,0,1,0
S-12155,U-3155,P-1433,136,0.62,2,0,0,0
S-12156,U-3156,P-1563,161,0.65,7,0,0,0
S-12157,U-3157,P-1475,182,0.18,4,0,0,0
S-12158,U-3158,P-1384,145,0.7,6,1,0,0
S-12159,U-3159,P-1943,243,0.92,1,1,0,0
S-12160,U-3160,P-1241,215,0.61,9,1,0,0
S-12161,U-3161,P-1658,153,0.38,4,1,0,0
S-12162,U-3162,P-1263,278,0.11,2,0,0,0
S-12163,U-3163,P-1202,212,0.52,7,1,0,0
S-12164,U-3164,P-1930,245,0.31,4,1,0,0
S-12165,U-3165,P-1131,95,0.92,5,1,0,0
S-12166,U-3166,P-1791,180,0.86,7,1,0,0
S-12167,U-3167,P-1128,109,0.6,7,1,0,0
S-12168,U-3168,P-1227,178,0.64,5,0,0,0
S-12169,U-3169,P-1427,270,0.47,7,0,0,0
S-12170,U-3170,P-1663,169,0.81,0,1,0,0
S-12171,U-3171,P-1327,120,0.35,6,1,0,0
S-12172,U-3172,P-1960,168,0.31,4,1,0,0
S-12173,U-3173,P-1298,211,0.59,6,0,0,0
S-12174,U-3174,P-1245,118,0.79,9,1,1,1
S-12175,U-3175,P-1806,128,0.79,2,1,0,0
S-12176,U-3176,P-1486,41,0.4,6,1,0,0
S-12177,U-3177,P-1505,243,0.64,4,0,0,0
S-12178,U-3178,P-1945,125,0.35,9,1,0,0
S-12179,U-3179,P-1085,269,0.29,2,0,0,0
S-12180,U-3180,P-1362,140,0.98,9,1,1,1
S-12181,U-3181,P-1093,98,1.0,9,0,0,0
S-12182,U-3182,P-1953,46,0.65,7,0,0,0
S-12183,U-3183,P-1847,59,0.17,7,0,0,0
S-12184,U-3184,P-1922,133,0.98,8,1,0,0
S-12185,U-3185,P-1196,182,0.36,0,0,0,0
S-12186,U-3186,P-1367,41,0.63,5,1,1,0
S-12187,U-3187,P-1317,169,0.33,5,1,0,0
S-12188,U-3188,P-1893,12,0.44,1,0,0,0
S-12189,U-3189,P-1661,129,0.53,5,1,1,1
S-12190,U-3190,P-1626,23,0.74,3,0,0,0
S-12191,U-3191,P-1986,56,0.51,5,0,0,0
S-12192,U-3192,P-1496,32,0.59,1,0,0,0
S-12193,U-3193,P-1106,275,0.11,9,0,0,0
S-12194,U-3194,P-1413,40,0.74,7,0,0,0
S-12195,U-3195,P-1291,274,0.95,7,1,0,0
S-12196,U-3196,P-1855,31,0.39,8,1,1,1
S-12197,U-3197,P-1754,135,0.88,4,0,1,0
S-12198,U-3198,P-1417,181,0.92,9,1,0,0
S-12199,U-3199,P-1607,72,0.76,0,0,1,0
S-12200,U-3200,P-1540,37,0.77,8,1,0,0
S-12201,U-3201,P-1158,102,0.36,6,1,1,0
S-12202,U-3202,P-1597,238,0.97,3,0,0,0
S-12203,U-3203,P-1453,51,0.26,3,1,0,0
S-12204,U-3204,P-1058,260,0.64,4,1,0,0
S-12205,U-3205,P-1093,285,0.24,1,1,0,0
S-12206,U-3206,P-1388,176,0.17,5,0,0,0
S-12207,U-3207,P-1925,94,0.54,6,1,0,0
S-12208,U-3208,P-1931,174,0.77,3,1,0,0
S-12209,U-3209,P-1787,31,0.1,6,1,0,0
S-12210,U-3210,P-1155,231,0.89,7,1,0,0
S-12211,U-3211,P-1858,184,0.59,5,1,0,0
S-12212,U-3212,P-1168,1,0.26,2,0,0,0
S-12213,U-3213,P-1889,71,0.24,1,1,0,0
S-12214,U-3214,P-1109,81,0.74,4,0,0,0
S-12215,U-3215,P-1768,201,0.11,5,0,0,0
S-12216,U-3216,P-1832,271,0.91,5,0,0,0
S-12217,U-3217,P-1536,12,0.11,4,0,0,0
S-12218,U-3218,P-1119,33,0.28,8,0,0,0
S-12219,U-3219,P-1090,232,0.48,0,0,0,0
S-12220,U-3220,P-1454,140,0.6,5,1,0,0
S-12221,U-3221,P-1260,5,0.38,6,0,0,0
S-12222,U-3222,P-1933,70,0.34,0,0,0,0
S-12223,U-3223,P-1742,5,0.9,6,0,0,0
S-12224,U-3224,P-1811,48,0.81,0,0,0,0
S-12225,U-3225,P-1924,171,0.95,0,1,0,0
S-12226,U-3226,P-1188,4,0.99,6,0,0,0
S-12227,U-3227,P-1194,45,0.18,1,1,0,0
S-12228,U-3228,P-1414,210,0.87,1,1,0,0
S-12229,U-3229,P-1886,71,0.65,0,1,0,0
S-12230,U-3230,P-1731,166,0.63,5,1,0,0
S-12231,U-3231,P-1957,98,0.79,6,0,0,0
S-12232,U-3232,P-1226,78,0.42,2,0,0,0
S-12233,U-3233,P-1785,219,0.88,0,0,0,0
S-12234,U-3234,P-1219,154,0.21,5,0,0,0
S-12235,U-3235,P-1128,144,0.75,2,1,0,0
S-12236,U-3236,P-1480,258,0.38,2,0,1,0
S-12237,U-3237,P-1388,195,0.26,5,0,0,0
S-12238,U-3238,P-1334,102,0.86,7,1,0,0
S-12239,U-3239,P-1927,241,0.37,0,0,0,0
S-12240,U-3240,P-1413,5,0.43,9,0,0,0
S-12241,U-3241,P-1936,88,0.63,1,0,0,0
S-12242,U-3242,P-1864,3,0.66,1,1,0,0
S-12243,U-3243,P-1296,239,0.39,8,0,0,0
S-12244,U-3244,P-1294,169,0.97,9,0,0,0
S-12245,U-3245,P-1925,231,0.1,4,0,0,0
S-12246,U-3246,P-1971,50,0.13,8,0,0,0
S-12247,U-3247,P-1808,157,0.95,1,0,0,0
S-12248,U-3248,P-1947,167,0.84,4,0,0,0
S-12249,U-3249,P-1397,174,0.33,0,0,0,0
S-12250,U-3250,P-1919,215,0.13,6,1,0,0
S-12251,U-3251,P-1249,59,0.34,1,0,0,0
S-12252,U-3252,P-1134,13,0.59,1,0,0,0
S-12253,U-3253,P-1756,82,0.77,7,0,0,0
S-12254,U-3254,P-1259,216,0.72,8,1,0,0
S-12255,U-3255,P-1624,151,0.15,2,1,0,0
S-12256,U-3256,P-1362,85,0.94,3,1,0,0
S-12257,U-3257,P-1698,211,0.47,5,1,1,1
S-12258,U-3258,P-1868,103,0.7,3,0,0,0
S-12259,U-3259,P-1594,145,0.62,1,1,0,0
S-12260,U-3260,P-1427,126,0.4,1,1,0,0
S-12261,U-3261,P-1181,125,0.44,4,1,0,0
S-12262,U-3262,P-1451,170,0.25,5,0,0,0
S-12263,U-3263,P-1838,133,0.34,7,0,0,0
S-12264,U-3264,P-1480,72,0.5,6,1,0,0
S-12265,U-3265,P-1864,2,0.59,0,1,0,0
S-12266,U-3266,P-1225,284,0.85,7,0,0,0
S-12267,U-3267,P-1041,220,0.29,0,0,1,0
S-12268,U-3268,P-1775,194,0.71,9,1,0,0
S-12269,U-3269,P-1968,193,0.45,0,1,0,0
S-12270,U-3270,P-1069,149,0.17,7,1,0,0
S-12271,U-3271,P-1979,205,0.18,8,0,0,0
S-12272,U-3272,P-1422,232,0.51,4,1,0,0
S-12273,U-3273,P-1069,293,0.35,9,0,0,0
S-12274,U-3274,P-1996,295,0.11,9,1,0,0
S-12275,U-3275,P-1119,262,0.6,1,1,0,0
S-12276,U-3276,P-1098,238,0.73,9,0,0,0
S-12277,U-3277,P-1773,103,0.61,0,1,0,0
S-12278,U-3278,P-1974,228,0.86,5,0,0,0
S-12279,U-3279,P-1043,255,0.5,8,0,0,0
S-12280,U-3280,P-1840,47,0.83,0,1,0,0
S-12281,U-3281,P-1296,285,0.14,0,1,0,0
S-12282,U-3282,P-1495,52,0.38,9,1,0,0
S-12283,U-3283,P-1189,98,0.37,8,1,0,0
S-12284,U-3284,P-1567,38,0.15,4,1,0,0
S-12285,U-3285,P-1344,73,0.32,0,1,0,0
S-12286,U-3286,P-1777,213,0.81,6,0,0,0
S-12287,U-3287,P-1290,129,0.52,0,1,0,0
S-12288,U-3288,P-1106,54,0.33,7,0,0,0
S-12289,U-3289,P-1058,25,0.38,4,0,0,0
S-12290,U-3290,P-1799,110,0.76,2,1,1,0
S-12291,U-3291,P-1727,191,0.23,0,1,0,0
S-12292,U-3292,P-1985,99,0.24,6,0,1,0
S-12293,U-3293,P-1404,108,0.65,6,0,0,0
S-12294,U-3294,P-1677,208,0.86,6,1,1,0
S-12295,U-3295,P-1703,2,0.67,4,1,0,0
S-12296,U-3296,P-1679,131,0.59,2,0,0,0
S-12297,U-3297,P-1957,96,0.41,0,1,0,0
S-12298,U-3298,P-1560,78,0.68,7,1,0,0
S-12299,U-3299,P-1232,5,0.11,3,1,0,0
S-12300,U-3300,P-1794,293,0.17,3,1,1,1
S-12301,U-3301,P-1845,235,0.35,2,1,0,0
S-12302,U-3302,P-1255,232,0.13,5,0,1,0
S-12303,U-3303,P-1230,107,0.52,4,0,0,0
S-12304,U-3304,P-1136,184,1.0,2,1,0,0
S-12305,U-3305,P-1196,214,0.11,4,1,0,0
S-12306,U-3306,P-1107,198,0.19,5,0,0,0
S-12307,U-3307,P-1500,174,0.31,6,1,1,1
S-12308,U-3308,P-1928,194,0.84,1,1,0,0
S-12309,U-3309,P-1320,151,0.87,8,1,0,0
S-12310,U-3310,P-1917,128,0.25,7,1,0,0
S-12311,U-3311,P-1314,199,0.29,9,0,0,0
S-12312,U-3312,P-1651,54,0.25,0,1,1,1
S-12313,U-3313,P-1252,211,0.33,6,1,0,0
S-12314,U-3314,P-1635,247,0.97,2,0,0,0
S-12315,U-3315,P-1782,134,0.6,4,0,0,0
S-12316,U-3316,P-1602,221,0.46,9,0,0,0
S-12317,U-3317,P-1624,52,0.34,7,0,0,0
S-12318,U-3318,P-1339,233,0.31,8,0,0,0
S-12319,U-3319,P-1366,148,0.85,3,1,0,0
S-12320,U-3320,P-1415,163,0.41,4,1,0,0
S-12321,U-3321,P-1976,134,0.76,3,1,0,0
S-12322,U-3322,P-1051,138,0.93,0,1,0,0
S-12323,U-3323,P-1273,282,0.33,4,1,0,0
S-12324,U-3324,P-1037,207,0.29,2,0,0,0
S-12325,U-3325,P-1567,93,0.59,4,0,0,0
S-12326,U-3326,P-1686,194,0.32,4,0,0,0
S-12327,U-3327,P-1592,75,0.19,2,1,0,0
S-12328,U-3328,P-1175,242,0.58,0,1,0,0
S-12329,U-3329,P-1536,46,0.85,7,1,0,0
S-12330,U-3330,P-1068,139,0.44,1,1,1,1
S-12331,U-3331,P-1221,235,0.13,9,1,0,0
S-12332,U-3332,P-1268,206,0.35,4,1,0,0
S-12333,U-3333,P-1326,194,0.65,7,1,0,0
S-12334,U-3334,P-1656,185,0.9,9,0,0,0
S-12335,U-3335,P-1993,118,0.34,5,0,0,0
S-12336,U-3336,P-1054,213,0.35,7,0,0,0
S-12337,U-3337,P-1216,275,0.64,7,0,0,0
S-12338,U-3338,P-1164,131,0.94,5,1,1,0
S-12339,U-3339,P-1492,250,0.19,3,1,0,0
S-12340,U-3340,P-1198,226,0.81,4,1,0,0
S-12341,U-3341,P-1440,168,0.5,0,1,0,0
S-12342,U-3342,P-1640,66,0.82,6,0,1,0
S-12343,U-3343,P-1881,96,0.45,5,0,0,0
S-12344,U-3344,P-1987,71,0.41,5,1,0,0
S-12345,U-3345,P-1947,164,0.36,0,1,0,0
S-12346,U-3346,P-1733,135,0.26,3,0,0,0
S-12347,U-3347,P-1365,91,0.65,9,0,0,0
S-12348,U-3348,P-1005,5,0.86,4,0,0,0
S-12349,U-3349,P-1818,262,0.36,3,0,0,0
S-12350,U-3350,P-1053,262,0.88,1,1,0,0
S-12351,U-3351,P-1299,99,0.7,5,0,0,0
S-12352,U-3352,P-1670,76,0.2,5,1,0,0
S-12353,U-3353,P-1643,110,0.63,9,1,0,0
S-12354,U-3354,P-1220,2,0.5,7,1,0,0
S-12355,U-3355,P-1685,26,0.83,7,0,0,0
S-12356,U-3356,P-1294,264,0.43,7,1,0,0
S-12357,U-3357,P-1697,51,0.39,9,1,0,0
S-12358,U-3358,P-1555,211,0.99,1,0,0,0
S-12359,U-3359,P-1836,229,0.91,9,0,0,0
S-12360,U-3360,P-1077,121,0.72,0,0,0,0
S-12361,U-3361,P-1517,158,0.65,8,1,0,0
S-12362,U-3362,P-1713,101,0.25,8,0,0,0
S-12363,U-3363,P-1798,203,0.6,1,0,1,0
S-12364,U-3364,P-1568,259,0.63,2,0,0,0
S-12365,U-3365,P-1014,241,0.75,2,0,0,0
S-12366,U-3366,P-1880,5,0.6,4,0,0,0
S-12367,U-3367,P-1706,295,0.5,9,1,0,0
S-12368,U-3368,P-1820,161,0.16,7,1,0,0
S-12369,U-3369,P-1768,180,0.68,8,0,0,0
S-12370,U-3370,P-1794,208,0.41,5,1,0,0
S-12371,U-3371,P-1550,253,0.93,3,1,0,0
S-12372,U-3372,P-1252,116,0.57,2,0,0,0
S-12373,U-3373,P-1323,18,0.2,7,1,0,0
S-12374,U-3374,P-1855,150,0.74,0,0,0,0
S-12375,U-3375,P-1147,216,0.28,7,0,1,1
S-12376,U-3376,P-1116,240,0.55,1,1,0,0
S-12377,U-3377,P-1333,50,0.74,7,0,0,0
S-12378,U-3378,P-1796,68,0.5,6,0,1,1
S-12379,U-3379,P-1131,166,0.97,1,1,0,0
S-12380,U-3380,P-1667,208,0.36,6,0,0,0
S-12381,U-3381,P-1823,66,0.51,1,1,0,0
S-12382,U-3382,P-1643,189,0.24,1,1,0,0
S-12383,U-3383,P-1810,299,0.83,2,0,0,0
S-12384,U-3384,P-1462,168,0.84,3,1,0,0
S-12385,U-3385,P-1764,63,0.12,0,0,0,0
S-12386,U-3386,P-1558,3,0.75,9,0,0,0
S-12387,U-3387,P-1363,189,0.18,3,0,0,0
S-12388,U-3388,P-1404,15,0.25,4,0,0,0
S-12389,U-3389,P-1798,96,0.54,7,0,0,0
S-12390,U-3390,P-1826,144,0.14,3,0,1,1
S-12391,U-3391,P-1309,126,0.49,4,0,0,0
S-12392,U-3392,P-1935,187,0.42,6,1,0,0
S-12393,U-3393,P-1298,75,0.33,1,1,0,0
S-12394,U-3394,P-1315,162,0.45,6,0,0,0
S-12395,U-3395,P-1404,121,0.67,8,0,0,0
S-12396,U-3396,P-1661,209,0.13,7,1,0,0
S-12397,U-3397,P-1717,246,0.87,0,1,0,0
S-12398,U-3398,P-1396,78,0.15,1,1,0,0
S-12399,U-3399,P-1437,81,0.46,5,0,0,0
S-12400,U-3400,P-1824,1,0.5,2,0,0,0
S-12401,U-3401,P-1681,106,0.26,1,0,0,0
S-12402,U-3402,P-1013,218,0.46,4,1,0,0
S-12403,U-3403,P-1538,193,0.84,9,1,0,0
S-12404,U-3404,P-1187,274,0.52,5,0,0,0
S-12405,U-3405,P-1679,164,0.5,2,1,0,0
S-12406,U-3406,P-1561,136,0.82,3,0,0,0
S-12407,U-3407,P-1646,226,0.11,2,1,0,0
S-12408,U-3408,P-1108,109,0.86,1,1,1,0
S-12409,U-3409,P-1189,15,0.64,8,1,0,0
S-12410,U-3410,P-1484,277,0.52,9,1,0,0
S-12411,U-3411,P-1493,5,0.87,1,0,0,0
S-12412,U-3412,P-1877,118,0.94,6,0,0,0
S-12413,U-3413,P-1682,232,0.18,0,0,0,0
S-12414,U-3414,P-1554,22,0.61,4,0,0,0
S-12415,U-3415,P-1485,259,0.99,6,0,0,0
S-12416,U-3416,P-1511,124,0.98,4,0,0,0
S-12417,U-3417,P-1390,180,0.54,9,0,0,0
S-12418,U-3418,P-1100,235,0.3,0,1,0,0
S-12419,U-3419,P-1975,144,0.29,7,0,0,0
S-12420,U-3420,P-1105,174,0.39,5,0,0,0
S-12421,U-3421,P-1792,17,0.61,2,1,0,0
S-12422,U-3422,P-1928,113,0.91,4,0,0,0
S-12423,U-3423,P-1978,269,0.98,1,0,0,0
S-12424,U-3424,P-1334,33,0.27,9,0,0,0
S-12425,U-3425,P-1135,48,0.6,3,1,1,0
S-12426,U-3426,P-1945,64,0.63,2,1,0,0
S-12427,U-3427,P-1320,18,0.74,9,1,0,0
S-12428,U-3428,P-1988,256,0.17,5,1,0,0
S-12429,U-3429,P-1554,264,0.41,2,1,0,0
S-12430,U-3430,P-1690,96,0.93,2,0,0,0
S-12431,U-3431,P-1453,253,0.2,8,1,0,0
S-12432,U-3432,P-1788,52,0.91,0,0,0,0
S-12433,U-3433,P-1103,159,0.6,0,1,0,0
S-12434,U-3434,P-1866,27,0.82,8,0,0,0
S-12435,U-3435,P-1703,1,0.58,4,1,0,0
S-12436,U-3436,P-1328,178,0.53,5,0,0,0
S-12437,U-3437,P-1970,99,0.89,2,1,0,0
S-12438,U-3438,P-1835,84,0.27,7,0,0,0
S-12439,U-3439,P-1545,256,0.14,1,0,0,0
S-12440,U-3440,P-1660,275,0.89,9,0,0,0
S-12441,U-3441,P-1487,258,0.31,4,0,0,0
S-12442,U-3442,P-1453,203,0.64,3,1,0,0
S-12443,U-3443,P-1248,138,0.36,0,1,0,0
S-12444,U-3444,P-1215,218,0.51,2,1,0,0
S-12445,U-3445,P-1520,171,0.46,7,0,0,0
S-12446,U-3446,P-1278,148,0.67,8,1,0,0
S-12447,U-3447,P-1340,231,0.45,3,1,0,0
S-12448,U-3448,P-1864,213,0.53,9,1,0,0
S-12449,U-3449,P-1601,277,0.58,3,1,1,0
S-12450,U-3450,P-1547,220,0.96,9,1,0,0
S-12451,U-3451,P-1159,187,0.15,0,0,0,0
S-12452,U-3452,P-1511,192,0.97,4,1,0,0
S-12453,U-3453,P-1054,148,0.74,9,0,0,0
S-12454,U-3454,P-1911,244,0.93,1,0,0,0
S-12455,U-3455,P-1503,20,0.18,6,0,0,0
S-12456,U-3456,P-1772,147,0.4,5,0,0,0
S-12457,U-3457,P-1658,10,0.37,1,1,0,0
S-12458,U-3458,P-1700,84,0.22,5,0,0,0
S-12459,U-3459,P-1290,257,0.37,3,0,1,0
S-12460,U-3460,P-1375,275,0.89,8,1,0,0
S-12461,U-3461,P-1616,37,0.49,5,0,0,0
S-12462,U-3462,P-1783,59,0.35,8,1,0,0
S-12463,U-3463,P-1044,26,0.2,9,1,0,0
S-12464,U-3464,P-1592,159,0.41,6,1,0,0
S-12465,U-3465,P-1446,183,0.99,4,0,0,0
S-12466,U-3466,P-1230,17,0.98,8,1,0,0
S-12467,U-3467,P-1902,53,0.96,8,0,0,0
S-12468,U-3468,P-1797,30,0.49,0,1,0,0
S-12469,U-3469,P-1526,112,0.33,7,1,0,0
S-12470,U-3470,P-1233,42,0.99,9,1,0,0
S-12471,U-3471,P-1472,134,0.11,6,0,0,0
S-12472,U-3472,P-1798,44,0.43,0,1,0,0
S-12473,U-3473,P-1738,8,0.39,5,0,0,0
S-12474,U-3474,P-1666,209,0.11,0,0,0,0
S-12475,U-3475,P-1521,136,0.62,0,1,0,0
S-12476,U-3476,P-1771,97,0.87,6,0,0,0
S-12477,U-3477,P-1965,38,0.12,7,1,0,0
S-12478,U-3478,P-1338,124,0.75,9,0,0,0
S-12479,U-3479,P-1443,267,0.35,0,0,0,0
S-12480,U-3480,P-1655,204,0.97,7,1,1,0
S-12481,U-3481,P-1312,285,0.86,9,0,1,0
S-12482,U-3482,P-1392,188,0.23,6,0,0,0
S-12483,U-3483,P-1342,59,0.36,4,1,0,0
S-12484,U-3484,P-1796,65,0.72,4,0,0,0
S-12485,U-3485,P-1605,47,0.96,1,1,0,0
S-12486,U-3486,P-1494,11,0.74,9,1,0,0
S-12487,U-3487,P-1498,276,0.48,1,1,0,0
S-12488,U-3488,P-1906,205,0.79,3,1,0,0
S-12489,U-3489,P-1854,3,0.72,3,0,0,0
S-12490,U-3490,P-1107,36,0.82,1,1,0,0
S-12491,U-3491,P-1394,298,0.66,6,0,0,0
S-12492,U-3492,P-1338,260,0.4,9,1,0,0
S-12493,U-3493,P-1763,96,0.93,5,1,0,0
S-12494,U-3494,P-1431,283,0.36,0,0,0,0
S-12495,U-3495,P-1346,185,0.83,8,0,1,1
S-12496,U-3496,P-1464,90,0.7,6,1,0,0
S-12497,U-3497,P-1832,261,0.12,9,1,0,0
S-12498,U-3498,P-1687,274,0.54,6,0,0,0
S-12499,U-3499,P-1312,40,0.87,3,1,0,0
S-12500,U-3500,P-1570,209,0.98,4,0,0,0
S-12501,U-3501,P-1394,147,0.64,6,1,0,0
S-12502,U-3502,P-1798,146,0.71,8,1,0,0
S-12503,U-3503,P-1144,147,0.5,8,1,0,0
S-12504,U-3504,P-1958,257,0.75,7,0,0,0
S-12505,U-3505,P-1766,168,0.56,5,0,0,0
S-12506,U-3506,P-1592,195,0.76,3,1,0,0
S-12507,U-3507,P-1006,268,0.29,3,0,0,0
S-12508,U-3508,P-1372,45,0.29,3,0,0,0
S-12509,U-3509,P-1632,151,0.59,3,0,0,0
S-12510,U-3510,P-1727,246,0.49,7,0,0,0
S-12511,U-3511,P-1883,33,0.61,6,1,0,0
S-12512,U-3512,P-1849,245,0.94,2,0,0,0
S-12513,U-3513,P-1434,98,0.94,5,0,1,0
S-12514,U-3514,P-1936,124,0.77,5,0,1,0
S-12515,U-3515,P-1368,23,0.4,1,0,0,0
S-12516,U-3516,P-1954,102,0.93,8,1,0,0
S-12517,U-3517,P-1359,195,0.13,3,0,0,0
S-12518,U-3518,P-1542,77,0.85,2,1,1,0
S-12519,U-3519,P-1899,260,0.43,0,0,0,0
S-12520,U-3520,P-1815,289,0.88,5,1,1,0
S-12521,U-3521,P-1927,234,0.16,1,0,0,0
S-12522,U-3522,P-1698,216,0.21,8,0,0,0
S-12523,U-3523,P-1893,222,0.41,3,0,0,0
S-12524,U-3524,P-1412,141,0.92,1,1,0,0
S-12525,U-3525,P-1858,36,0.59,3,0,0,0
S-12526,U-3526,P-1851,5,0.94,3,1,0,0
S-12527,U-3527,P-1481,212,0.59,8,0,0,0
S-12528,U-3528,P-1035,184,0.99,3,1,1,0
S-12529,U-3529,P-1576,173,0.74,8,0,0,0
S-12530,U-3530,P-1643,146,0.94,4,0,0,0
S-12531,U-3531,P-1732,276,0.45,2,0,0,0
S-12532,U-3532,P-1293,267,0.45,4,1,0,0
S-12533,U-3533,P-1835,134,0.52,6,1,1,1
S-12534,U-3534,P-1849,57,0.23,2,1,1,1
S-12535,U-3535,P-1864,182,0.59,9,0,0,0
S-12536,U-3536,P-1076,127,0.71,9,0,0,0
S-12537,U-3537,P-1815,112,0.34,1,1,0,0
S-12538,U-3538,P-1930,229,0.74,5,1,0,0
S-12539,U-3539,P-1981,272,0.47,0,1,0,0
S-12540,U-3540,P-1287,248,0.19,4,1,0,0
S-12541,U-3541,P-1176,237,0.11,6,1,0,0
S-12542,U-3542,P-1404,73,0.37,7,1,0,0
S-12543,U-3543,P-1980,175,1.0,6,1,0,0
S-12544,U-3544,P-1452,270,0.22,8,1,0,0
S-12545,U-3545,P-1234,239,0.7,0,0,0,0
S-12546,U-3546,P-1341,251,0.39,9,1,0,0
S-12547,U-3547,P-1021,131,0.34,6,0,0,0
S-12548,U-3548,P-1001,227,0.7,2,1,1,0
S-12549,U-3549,P-1014,170,0.23,6,1,0,0
S-12550,U-3550,P-1181,155,0.99,7,0,0,0
S-12551,U-3551,P-1776,129,0.24,4,1,0,0
S-12552,U-3552,P-1194,173,0.32,0,1,0,0
S-12553,U-3553,P-1568,179,0.94,9,0,0,0
S-12554,U-3554,P-1499,239,0.37,4,0,0,0
S-12555,U-3555,P-1152,205,0.62,8,1,0,0
S-12556,U-3556,P-1269,137,0.75,1,0,0,0
S-12557,U-3557,P-1738,35,0.87,4,0,0,0
S-12558,U-3558,P-1949,128,0.6,7,1,0,0
S-12559,U-3559,P-1378,292,0.9,6,1,0,0
S-12560,U-3560,P-1349,147,0.7,5,1,0,0
S-12561,U-3561,P-1483,169,0.86,8,0,0,0
S-12562,U-3562,P-1033,136,0.54,4,0,0,0
S-12563,U-3563,P-1462,90,0.86,0,0,0,0
S-12564,U-3564,P-1736,168,0.41,2,0,0,0
S-12565,U-3565,P-1229,179,0.88,3,0,0,0
S-12566,U-3566,P-1966,278,0.52,9,1,0,0
S-12567,U-3567,P-1656,296,0.19,9,1,0,0
S-12568,U-3568,P-1973,270,0.91,1,0,0,0
S-12569,U-3569,P-1185,283,0.71,5,1,0,0
S-12570,U-3570,P-1306,4,0.86,0,0,0,0
S-12571,U-3571,P-1946,99,0.73,0,0,0,0
S-12572,U-3572,P-1842,297,0.68,7,0,0,0
S-12573,U-3573,P-1618,83,0.37,9,0,0,0
S-12574,U-3574,P-1948,285,0.19,6,1,0,0
S-12575,U-3575,P-1305,124,0.15,9,1,0,0
S-12576,U-3576,P-1486,85,0.61,1,0,0,0
S-12577,U-3577,P-1704,156,0.33,9,0,0,0
S-12578,U-3578,P-1625,163,0.79,6,1,0,0
S-12579,U-3579,P-1623,294,0.54,3,1,0,0
S-12580,U-3580,P-1468,73,0.27,5,0,0,0
S-12581,U-3581,P-1517,89,0.25,1,1,0,0
S-12582,U-3582,P-1584,251,0.14,1,1,0,0
S-12583,U-3583,P-1009,215,0.75,9,0,0,0
S-12584,U-3584,P-1427,198,0.53,0,1,0,0
S-12585,U-3585,P-1487,90,0.95,2,0,0,0
S-12586,U-3586,P-1287,275,0.85,6,1,0,0
S-12587,U-3587,P-1051,230,0.79,6,0,0,0
S-12588,U-3588,P-1211,268,0.79,4,1,0,0
S-12589,U-3589,P-1846,203,0.22,1,1,1,0
S-12590,U-3590,P-1826,58,0.74,2,1,0,0
S-12591,U-3591,P-1660,265,0.8,2,0,0,0
S-12592,U-3592,P-1687,197,0.32,3,1,0,0
S-12593,U-3593,P-1030,164,0.6,5,1,0,0
S-12594,U-3594,P-1002,195,0.1,7,1,0,0
S-12595,U-3595,P-1308,3,0.89,3,0,0,0
S-12596,U-3596,P-1374,209,0.67,4,1,0,0
S-12597,U-3597,P-1047,252,0.11,3,0,0,0
S-12598,U-3598,P-1578,265,0.9,2,0,0,0
S-12599,U-3599,P-1796,273,0.13,3,1,0,0
S-12600,U-3600,P-1956,291,0.2,1,0,0,0
S-12601,U-3601,P-1470,177,1.0,8,0,0,0
S-12602,U-3602,P-1234,271,0.75,6,1,0,0
S-12603,U-3603,P-1319,291,0.31,8,0,0,0
S-12604,U-3604,P-1579,207,0.58,6,1,0,0
S-12605,U-3605,P-1816,15,0.14,7,1,0,0
S-12606,U-3606,P-1922,157,0.92,0,1,0,0
S-12607,U-3607,P-1003,152,0.47,4,1,0,0
S-12608,U-3608,P-1448,11,0.72,8,1,0,0
S-12609,U-3609,P-1578,231,0.86,9,1,0,0
S-12610,U-3610,P-1613,280,0.35,0,0,0,0
S-12611,U-3611,P-1071,186,0.59,1,1,0,0
S-12612,U-3612,P-1735,172,0.22,0,1,1,0
S-12613,U-3613,P-1295,13,0.37,1,0,0,0
S-12614,U-3614,P-1327,142,0.89,0,0,0,0
S-12615,U-3615,P-1895,44,0.64,1,1,0,0
S-12616,U-3616,P-1146,55,0.17,5,1,0,0
S-12617,U-3617,P-1615,213,0.98,7,1,0,0
S-12618,U-3618,P-1707,191,0.97,9,1,0,0
S-12619,U-3619,P-1390,278,0.23,5,0,0,0
S-12620,U-3620,P-1911,298,0.38,2,1,0,0
S-12621,U-3621,P-1171,276,0.11,5,1,0,0
S-12622,U-3622,P-1363,146,0.33,1,0,0,0
S-12623,U-3623,P-1654,21,0.78,3,1,0,0
S-12624,U-3624,P-1572,81,0.21,8,1,0,0
S-12625,U-3625,P-1046,63,0.14,3,1,0,0
S-12626,U-3626,P-1690,120,0.64,3,1,0,0
S-12627,U-3627,P-1169,276,0.66,4,0,0,0
S-12628,U-3628,P-1820,15,0.98,8,1,0,0
S-12629,U-3629,P-1498,8,0.97,3,0,0,0
S-12630,U-3630,P-1084,197,0.24,5,1,0,0
S-12631,U-3631,P-1395,96,0.23,5,0,0,0
S-12632,U-3632,P-1034,133,0.47,4,0,1,1
S-12633,U-3633,P-1535,164,0.18,8,0,0,0
S-12634,U-3634,P-1545,98,0.23,7,0,0,0
S-12635,U-3635,P-1055,24,0.69,3,0,1,0
S-12636,U-3636,P-1357,151,0.1,8,0,0,0
S-12637,U-3637,P-1038,126,0.67,8,0,0,0
S-12638,U-3638,P-1600,260,0.43,6,0,0,0
S-12639,U-3639,P-1855,250,0.12,4,1,0,0
S-12640,U-3640,P-1856,293,0.46,5,1,0,0
S-12641,U-3641,P-1560,21,0.32,8,0,0,0
S-12642,U-3642,P-1455,190,0.77,4,0,0,0
S-12643,U-3643,P-1682,219,0.43,9,1,0,0
S-12644,U-3644,P-1058,253,0.87,1,0,0,0
S-12645,U-3645,P-1561,63,0.88,1,0,0,0
S-12646,U-3646,P-1074,32,0.86,3,1,0,0
S-12647,U-3647,P-1580,275,0.91,9,1,1,1
S-12648,U-3648,P-1553,86,0.31,8,1,1,0
S-12649,U-3649,P-1906,37,0.93,0,1,0,0
S-12650,U-3650,P-1448,187,0.44,1,1,0,0
S-12651,U-3651,P-1237,96,0.61,3,0,0,0
S-12652,U-3652,P-1848,201,0.52,5,0,0,0
S-12653,U-3653,P-1591,114,0.51,6,1,0,0
S-12654,U-3654,P-1829,84,0.22,5,0,0,0
S-12655,U-3655,P-1251,68,0.18,7,0,0,0
S-12656,U-3656,P-1034,175,0.69,1,0,0,0
S-12657,U-3657,P-1248,101,0.35,5,1,0,0
S-12658,U-3658,P-1716,128,0.39,6,0,0,0
S-12659,U-3659,P-1124,278,0.55,1,0,0,0
S-12660,U-3660,P-1758,125,0.56,8,1,0,0
S-12661,U-3661,P-1586,207,0.26,5,1,0,0
S-12662,U-3662,P-1491,149,0.24,7,0,0,0
S-12663,U-3663,P-1219,230,0.67,6,1,0,0
S-12664,U-3664,P-1813,71,0.95,2,0,0,0
S-12665,U-3665,P-1668,49,0.5,2,0,0,0
S-12666,U-3666,P-1720,134,0.78,3,1,0,0
S-12667,U-3667,P-1422,186,0.6,3,0,1,0
S-12668,U-3668,P-1863,266,0.7,2,0,0,0
S-12669,U-3669,P-1751,223,0.93,4,0,0,0
S-12670,U-3670,P-1708,131,0.25,6,1,0,0
S-12671,U-3671,P-1724,192,0.64,2,1,0,0
S-12672,U-3672,P-1860,24,0.28,9,0,1,0
S-12673,U-3673,P-1883,210,0.95,5,0,0,0
S-12674,U-3674,P-1590,180,0.97,7,0,0,0
S-12675,U-3675,P-1050,7,0.27,1,0,0,0
S-12676,U-3676,P-1907,51,0.94,2,1,0,0
S-12677,U-3677,P-1945,245,0.5,9,0,0,0
S-12678,U-3678,P-1667,276,0.15,2,1,0,0
S-12679,U-3679,P-1310,212,0.63,2,0,0,0
S-12680,U-3680,P-1833,218,0.14,5,0,0,0
S-12681,U-3681,P-1160,196,0.2,2,1,0,0
S-12682,U-3682,P-1482,12,0.77,9,0,0,0
S-12683,U-3683,P-1438,159,0.65,2,1,0,0
S-12684,U-3684,P-1985,67,0.43,2,1,0,0
S-12685,U-3685,P-1641,72,0.53,2,0,0,0
S-12686,U-3686,P-1240,287,0.95,7,1,0,0
S-12687,U-3687,P-1072,165,0.4,5,0,0,0
S-12688,U-3688,P-1998,139,0.4,7,0,0,0
S-12689,U-3689,P-1373,21,0.35,7,1,0,0
S-12690,U-3690,P-1368,88,0.22,6,1,0,0
S-12691,U-3691,P-1622,201,0.44,7,1,0,0
S-12692,U-3692,P-1676,66,0.48,4,1,0,0
S-12693,U-3693,P-1939,5,0.7,8,0,0,0
S-12694,U-3694,P-1882,217,0.74,9,0,0,0
S-12695,U-3695,P-1631,183,0.4,8,1,0,0
S-12696,U-3696,P-1926,212,0.92,8,0,0,0
S-12697,U-3697,P-1133,210,0.71,6,1,0,0
S-12698,U-3698,P-1805,2,0.56,5,0,0,0
S-12699,U-3699,P-1490,53,0.69,9,1,0,0
S-12700,U-3700,P-1118,216,0.62,9,0,0,0
S-12701,U-3701,P-1701,156,0.2,3,0,0,0
S-12702,U-3702,P-1967,104,0.89,2,0,0,0
S-12703,U-3703,P-1358,141,0.65,3,1,0,0
S-12704,U-3704,P-1252,171,0.38,6,1,0,0
S-12705,U-3705,P-1663,80,0.32,0,1,0,0
S-12706,U-3706,P-1104,203,0.8,6,1,0,0
S-12707,U-3707,P-1905,23,0.32,4,1,0,0
S-12708,U-3708,P-1220,1,0.24,1,0,0,0
S-12709,U-3709,P-1459,232,0.53,5,1,0,0
S-12710,U-3710,P-1478,238,0.47,3,0,0,0
S-12711,U-3711,P-1123,268,0.65,0,1,0,0
S-12712,U-3712,P-1019,153,0.87,2,0,1,1
S-12713,U-3713,P-1985,80,0.45,6,0,1,1
S-12714,U-3714,P-1405,169,0.54,4,0,0,0
S-12715,U-3715,P-1843,19,0.89,6,0,0,0
S-12716,U-3716,P-1987,211,0.55,5,1,0,0
S-12717,U-3717,P-1373,224,0.47,9,1,0,0
S-12718,U-3718,P-1137,236,0.22,2,1,0,0
S-12719,U-3719,P-1485,265,0.77,1,0,0,0
S-12720,U-3720,P-1766,211,0.22,4,1,0,0
S-12721,U-3721,P-1108,11,0.67,6,1,0,0
S-12722,U-3722,P-1051,248,0.51,8,1,0,0
S-12723,U-3723,P-1478,43,0.45,2,0,0,0
S-12724,U-3724,P-1248,178,0.41,9,0,0,0
S-12725,U-3725,P-1550,126,0.19,8,1,0,0
S-12726,U-3726,P-1023,36,0.14,5,0,0,0
S-12727,U-3727,P-1880,3,0.72,4,0,0,0
S-12728,U-3728,P-1388,5,0.47,6,0,0,0
S-12729,U-3729,P-1186,265,0.15,4,0,0,0
S-12730,U-3730,P-1454,216,0.34,0,0,0,0
S-12731,U-3731,P-1267,223,0.66,9,1,0,0
S-12732,U-3732,P-1773,74,0.96,7,0,0,0
S-12733,U-3733,P-1832,223,0.13,1,0,0,0
S-12734,U-3734,P-1249,250,0.75,3,0,0,0
S-12735,U-3735,P-1235,5,0.11,3,1,0,0
S-12736,U-3736,P-1021,184,0.15,1,1,0,0
S-12737,U-3737,P-1665,105,0.71,9,0,0,0
S-12738,U-3738,P-1024,231,0.72,2,0,0,0
S-12739,U-3739,P-1943,148,0.21,6,1,0,0
S-12740,U-3740,P-1314,253,0.62,4,1,0,0
S-12741,U-3741,P-1514,115,0.9,8,1,0,0
S-12742,U-3742,P-1734,154,0.77,0,1,0,0
S-12743,U-3743,P-1195,278,0.23,4,0,0,0
S-12744,U-3744,P-1455,168,0.62,9,1,0,0
S-12745,U-3745,P-1229,170,0.87,4,1,1,1
S-12746,U-3746,P-1762,153,0.64,7,0,0,0
S-12747,U-3747,P-1036,70,0.54,7,1,0,0
S-12748,U-3748,P-1954,229,0.85,3,1,0,0
S-12749,U-3749,P-1512,169,0.66,0,0,0,0
S-12750,U-3750,P-1397,75,0.22,8,0,0,0
S-12751,U-3751,P-1983,272,0.19,1,0,0,0
S-12752,U-3752,P-1311,192,0.85,3,0,0,0
S-12753,U-3753,P-1055,41,0.94,2,1,0,0
S-12754,U-3754,P-1361,104,0.98,2,0,0,0
S-12755,U-3755,P-1761,212,0.28,9,0,0,0
S-12756,U-3756,P-1448,83,0.1,9,0,0,0
S-12757,U-3757,P-1594,17,0.98,4,0,0,0
S-12758,U-3758,P-1702,150,0.9,0,0,0,0
S-12759,U-3759,P-1551,207,0.85,4,1,0,0
S-12760,U-3760,P-1490,128,0.6,2,0,0,0
S-12761,U-3761,P-1709,272,0.79,1,1,0,0
S-12762,U-3762,P-1363,250,0.83,0,1,0,0
S-12763,U-3763,P-1538,51,0.26,2,0,0,0
S-12764,U-3764,P-1664,48,0.14,9,1,0,0
S-12765,U-3765,P-1410,289,0.93,7,1,0,0
S-12766,U-3766,P-1208,169,0.54,7,1,1,0
S-12767,U-3767,P-1873,98,0.23,0,0,0,0
S-12768,U-3768,P-1824,30,0.95,3,1,0,0
S-12769,U-3769,P-1700,227,0.67,5,0,0,0
S-12770,U-3770,P-1618,54,0.16,1,0,1,1
S-12771,U-3771,P-1595,82,0.65,6,0,0,0
S-12772,U-3772,P-1826,252,0.24,0,1,0,0
S-12773,U-3773,P-1930,21,0.9,8,0,0,0
S-12774,U-3774,P-1149,88,0.31,1,0,0,0
S-12775,U-3775,P-1846,293,0.38,1,0,0,0
S-12776,U-3776,P-1311,116,0.83,2,0,0,0
S-12777,U-3777,P-1424,192,0.13,5,1,0,0
S-12778,U-3778,P-1892,22,0.85,6,0,0,0
S-12779,U-3779,P-1616,264,0.61,7,1,0,0
S-12780,U-3780,P-1828,195,0.32,5,0,0,0
S-12781,U-3781,P-1015,297,0.55,1,0,1,1
S-12782,U-3782,P-1013,58,0.35,2,1,0,0
S-12783,U-3783,P-1939,2,0.69,9,0,0,0
S-12784,U-3784,P-1472,212,0.81,0,0,0,0
S-12785,U-3785,P-1911,90,0.2,5,0,0,0
S-12786,U-3786,P-1782,110,0.87,2,1,0,0
S-12787,U-3787,P-1022,276,0.33,9,1,0,0
S-12788,U-3788,P-1418,119,0.87,3,1,0,0
S-12789,U-3789,P-1389,28,0.94,8,0,0,0
S-12790,U-3790,P-1137,239,0.37,8,1,0,0
S-12791,U-3791,P-1392,177,0.14,8,1,0,0
S-12792,U-3792,P-1287,296,0.3,6,1,0,0
S-12793,U-3793,P-1262,52,0.23,1,1,0,0
S-12794,U-3794,P-1644,282,0.61,9,1,0,0
S-12795,U-3795,P-1199,40,0.66,9,0,0,0
S-12796,U-3796,P-1645,98,0.6,0,1,0,0
S-12797,U-3797,P-1485,174,0.7,7,0,0,0
S-12798,U-3798,P-1207,13,0.39,8,1,0,0
S-12799,U-3799,P-1542,66,0.34,0,1,0,0
S-12800,U-3800,P-1222,77,0.92,3,1,0,0
S-12801,U-3801,P-1635,168,0.76,5,1,0,0
S-12802,U-3802,P-1634,163,0.77,6,1,0,0
S-12803,U-3803,P-1310,42,0.73,9,1,0,0
S-12804,U-3804,P-1723,92,0.68,6,1,0,0
S-12805,U-3805,P-1508,74,0.96,8,1,0,0
S-12806,U-3806,P-1315,274,0.61,0,1,0,0
S-12807,U-3807,P-1191,64,0.7,2,1,0,0
S-12808,U-3808,P-1228,65,0.61,5,1,0,0
S-12809,U-3809,P-1919,53,0.92,6,0,0,0
S-12810,U-3810,P-1920,255,0.99,5,0,1,0
S-12811,U-3811,P-1756,9,0.49,1,1,0,0
S-12812,U-3812,P-1974,163,0.87,1,1,0,0
S-12813,U-3813,P-1148,268,0.56,2,1,0,0
S-12814,U-3814,P-1890,108,0.53,3,1,0,0
S-12815,U-3815,P-1348,196,0.77,1,0,0,0
S-12816,U-3816,P-1291,280,0.66,4,1,0,0
S-12817,U-3817,P-1912,93,0.86,6,1,0,0
S-12818,U-3818,P-1277,142,0.17,9,0,0,0
S-12819,U-3819,P-1839,251,0.27,8,1,0,0
S-12820,U-3820,P-1428,82,0.97,3,1,0,0
S-12821,U-3821,P-1483,200,0.81,9,0,0,0
S-12822,U-3822,P-1165,139,0.19,9,1,0,0
S-12823,U-3823,P-1913,114,0.86,3,0,0,0
S-12824,U-3824,P-1354,139,0.98,7,1,0,0
S-12825,U-3825,P-1610,189,0.15,0,0,0,0
S-12826,U-3826,P-1478,98,0.15,9,1,0,0
S-12827,U-3827,P-1841,100,0.24,7,0,0,0
S-12828,U-3828,P-1690,287,0.35,9,0,0,0
S-12829,U-3829,P-1617,146,0.37,6,0,0,0
S-12830,U-3830,P-1017,129,1.0,9,1,0,0
S-12831,U-3831,P-1392,106,0.56,6,0,0,0
S-12832,U-3832,P-1026,37,0.83,3,1,0,0
S-12833,U-3833,P-1831,93,0.12,7,1,0,0
S-12834,U-3834,P-1882,98,0.79,9,0,0,0
S-12835,U-3835,P-1286,156,0.53,8,0,0,0
S-12836,U-3836,P-1076,173,0.24,9,1,0,0
S-12837,U-3837,P-1134,138,0.84,0,0,0,0
S-12838,U-3838,P-1312,54,0.61,9,0,0,0
S-12839,U-3839,P-1949,59,0.8,9,0,0,0
S-12840,U-3840,P-1986,235,0.3,4,1,0,0
S-12841,U-3841,P-1832,30,0.54,9,0,0,0
S-12842,U-3842,P-1690,79,0.63,2,1,0,0
S-12843,U-3843,P-1084,170,0.11,0,0,0,0
S-12844,U-3844,P-1013,291,0.44,0,1,0,0
S-12845,U-3845,P-1794,280,0.99,6,0,0,0
S-12846,U-3846,P-1708,35,0.62,3,1,0,0
S-12847,U-3847,P-1817,16,0.44,8,1,0,0
S-12848,U-3848,P-1978,233,0.48,9,1,0,0
S-12849,U-3849,P-1620,230,0.74,5,0,0,0
S-12850,U-3850,P-1613,149,0.72,1,0,0,0
S-12851,U-3851,P-1423,276,0.7,5,0,0,0
S-12852,U-3852,P-1343,124,0.41,8,1,1,0
S-12853,U-3853,P-1403,297,0.35,9,0,0,0
S-12854,U-3854,P-1765,186,0.11,8,0,0,0
S-12855,U-3855,P-1567,230,0.1,4,1,0,0
S-12856,U-3856,P-1026,108,0.94,1,1,1,0
S-12857,U-3857,P-1313,150,0.74,2,0,0,0
S-12858,U-3858,P-1484,239,0.41,0,1,0,0
S-12859,U-3859,P-1688,290,0.56,3,1,0,0
S-12860,U-3860,P-1345,226,0.46,2,1,0,0
S-12861,U-3861,P-1399,48,0.64,1,0,0,0
S-12862,U-3862,P-1650,48,0.4,8,1,0,0
S-12863,U-3863,P-1413,191,0.62,9,0,0,0
S-12864,U-3864,P-1518,5,0.95,0,0,0,0
S-12865,U-3865,P-1548,248,0.2,3,1,0,0
S-12866,U-3866,P-1964,260,0.86,7,1,0,0
S-12867,U-3867,P-1596,82,0.13,8,1,0,0
S-12868,U-3868,P-1196,100,0.67,0,1,0,0
S-12869,U-3869,P-1801,166,0.38,7,0,0,0
S-12870,U-3870,P-1016,155,0.66,8,0,0,0
S-12871,U-3871,P-1313,273,0.69,4,0,0,0
S-12872,U-3872,P-1943,12,0.66,1,1,0,0
S-12873,U-3873,P-1013,286,0.91,3,0,0,0
S-12874,U-3874,P-1316,100,0.68,1,0,0,0
S-12875,U-3875,P-1638,79,0.28,9,1,0,0
S-12876,U-3876,P-1094,280,0.92,3,0,0,0
S-12877,U-3877,P-1982,5,0.27,1,1,0,0
S-12878,U-3878,P-1786,282,0.88,5,1,0,0
S-12879,U-3879,P-1015,65,0.67,4,1,0,0
S-12880,U-3880,P-1591,134,0.3,1,0,0,0
S-12881,U-3881,P-1772,287,0.32,5,0,1,1
S-12882,U-3882,P-1701,179,0.51,4,0,0,0
S-12883,U-3883,P-1209,146,0.74,3,1,0,0
S-12884,U-3884,P-1739,98,0.74,5,0,0,0
S-12885,U-3885,P-1457,161,0.69,7,0,0,0
S-12886,U-3886,P-1036,84,0.29,7,1,0,0
S-12887,U-3887,P-1096,291,0.74,4,1,0,0
S-12888,U-3888,P-1229,126,0.46,6,1,0,0
S-12889,U-3889,P-1576,196,0.7,0,0,0,0
S-12890,U-3890,P-1138,235,0.52,4,0,0,0
S-12891,U-3891,P-1996,51,0.11,1,0,0,0
S-12892,U-3892,P-1404,51,0.11,6,1,1,0
S-12893,U-3893,P-1674,142,0.48,0,0,1,0
S-12894,U-3894,P-1164,191,0.25,0,1,0,0
S-12895,U-3895,P-1625,273,0.41,4,0,0,0
S-12896,U-3896,P-1221,198,0.81,6,1,0,0
S-12897,U-3897,P-1715,229,0.43,5,0,0,0
S-12898,U-3898,P-1395,297,0.67,8,1,0,0
S-12899,U-3899,P-1807,90,0.18,3,0,0,0
S-12900,U-3900,P-1346,206,0.7,8,1,0,0
S-12901,U-3901,P-1994,261,0.73,6,1,0,0
S-12902,U-3902,P-1169,246,0.85,3,0,0,0
S-12903,U-3903,P-1065,239,0.18,9,1,0,0
S-12904,U-3904,P-1281,82,0.16,4,0,0,0
S-12905,U-3905,P-1122,5,0.11,7,1,0,0
S-12906,U-3906,P-1399,8,0.86,5,1,0,0
S-12907,U-3907,P-1657,234,0.43,5,1,0,0
S-12908,U-3908,P-1159,193,0.49,6,1,0,0
S-12909,U-3909,P-1147,134,0.22,7,0,0,0
S-12910,U-3910,P-1988,173,0.12,8,1,0,0
S-12911,U-3911,P-1486,216,0.51,1,1,0,0
S-12912,U-3912,P-1725,212,0.65,4,0,0,0
S-12913,U-3913,P-1038,159,0.31,2,0,0,0
S-12914,U-3914,P-1072,131,0.16,3,1,1,1
S-12915,U-3915,P-1982,26,0.5,6,1,0,0
S-12916,U-3916,P-1996,119,0.65,2,0,0,0
S-12917,U-3917,P-1194,293,0.99,3,0,0,0
S-12918,U-3918,P-1019,225,0.61,0,0,0,0
S-12919,U-3919,P-1242,1,0.67,4,1,0,0
S-12920,U-3920,P-1886,173,0.36,7,1,0,0
S-12921,U-3921,P-1365,258,0.46,7,1,0,0
S-12922,U-3922,P-1999,113,0.26,7,1,0,0
S-12923,U-3923,P-1779,282,0.87,1,1,0,0
S-12924,U-3924,P-1964,87,0.84,1,1,0,0
S-12925,U-3925,P-1492,93,0.51,7,1,0,0
S-12926,U-3926,P-1284,86,0.15,0,0,0,0
S-12927,U-3927,P-1121,10,0.75,7,0,0,0
S-12928,U-3928,P-1073,290,0.98,6,1,0,0
S-12929,U-3929,P-1383,205,0.96,1,0,0,0
S-12930,U-3930,P-1414,254,0.22,3,0,0,0
S-12931,U-3931,P-1343,12,0.47,6,1,0,0
S-12932,U-3932,P-1006,293,0.15,8,0,0,0
S-12933,U-3933,P-1272,145,0.35,6,1,0,0
S-12934,U-3934,P-1389,290,0.75,0,1,0,0
S-12935,U-3935,P-1723,201,0.32,6,1,0,0
S-12936,U-3936,P-1551,245,0.35,2,0,0,0
S-12937,U-3937,P-1043,163,0.6,9,1,0,0
S-12938,U-3938,P-1925,73,0.71,1,1,0,0
S-12939,U-3939,P-1097,38,0.67,7,1,0,0
S-12940,U-3940,P-1326,80,0.25,8,0,0,0
S-12941,U-3941,P-1149,2,0.77,7,0,0,0
S-12942,U-3942,P-1651,141,0.72,9,1,0,0
S-12943,U-3943,P-1814,7,0.78,8,1,0,0
S-12944,U-3944,P-1597,65,0.56,4,0,0,0
S-12945,U-3945,P-1926,151,0.79,5,0,0,0
S-12946,U-3946,P-1242,6,0.37,0,1,0,0
S-12947,U-3947,P-1943,149,0.66,8,0,1,1
S-12948,U-3948,P-1697,66,0.38,5,0,0,0
S-12949,U-3949,P-1189,29,0.73,1,1,0,0
S-12950,U-3950,P-1822,101,0.74,4,0,0,0
S-12951,U-3951,P-1536,168,0.45,0,1,0,0
S-12952,U-3952,P-1254,150,0.53,1,1,0,0
S-12953,U-3953,P-1844,12,0.71,8,1,0,0
S-12954,U-3954,P-1429,219,0.17,8,1,0,0
S-12955,U-3955,P-1423,118,0.52,5,1,0,0
S-12956,U-3956,P-1488,164,0.54,3,1,0,0
S-12957,U-3957,P-1186,110,0.37,6,0,0,0
S-12958,U-3958,P-1578,194,0.6,2,0,0,0
S-12959,U-3959,P-1294,16,0.71,4,1,0,0
S-12960,U-3960,P-1994,70,0.78,6,1,0,0
S-12961,U-3961,P-1264,3,0.8,4,1,0,0
S-12962,U-3962,P-1129,140,0.16,7,1,0,0
S-12963,U-3963,P-1150,6,0.87,9,0,0,0
S-12964,U-3964,P-1608,271,0.28,7,0,0,0
S-12965,U-3965,P-1410,296,0.44,0,1,0,0
S-12966,U-3966,P-1263,118,0.79,1,0,0,0
S-12967,U-3967,P-1997,58,0.59,5,1,0,0
S-12968,U-3968,P-1343,232,0.77,0,0,0,0
S-12969,U-3969,P-1765,129,0.49,6,0,0,0
S-12970,U-3970,P-1847,64,0.26,4,1,0,0
S-12971,U-3971,P-1632,68,0.34,0,1,0,0
S-12972,U-3972,P-1664,13,0.32,1,0,0,0
S-12973,U-3973,P-1913,286,0.55,0,1,0,0
S-12974,U-3974,P-1118,282,0.63,9,1,0,0
S-12975,U-3975,P-1055,65,0.83,3,1,0,0
S-12976,U-3976,P-1121,40,0.88,5,1,0,0
S-12977,U-3977,P-1071,252,0.58,6,1,0,0
S-12978,U-3978,P-1157,22,0.32,1,1,0,0
S-12979,U-3979,P-1077,58,0.63,5,1,0,0
S-12980,U-3980,P-1107,76,0.67,4,1,0,0
S-12981,U-3981,P-1452,74,0.89,7,1,0,0
S-12982,U-3982,P-1270,147,0.29,1,0,0,0
S-12983,U-3983,P-1780,38,0.57,0,0,0,0
S-12984,U-3984,P-1043,126,0.95,3,1,0,0
S-12985,U-3985,P-1318,112,0.89,8,0,0,0
S-12986,U-3986,P-1229,278,0.35,7,1,0,0
S-12987,U-3987,P-1409,80,0.16,8,1,0,0
S-12988,U-3988,P-1739,131,0.38,3,1,0,0
S-12989,U-3989,P-1138,28,0.73,5,0,0,0
S-12990,U-3990,P-1812,146,0.16,2,0,0,0
S-12991,U-3991,P-1038,81,0.45,3,1,0,0
S-12992,U-3992,P-1990,34,0.92,2,0,1,1
S-12993,U-3993,P-1067,82,0.78,3,1,0,0
S-12994,U-3994,P-1712,83,0.17,9,0,0,0
S-12995,U-3995,P-1198,283,0.74,7,1,0,0
S-12996,U-3996,P-1628,94,0.6,6,1,0,0
S-12997,U-3997,P-1096,256,0.6,9,0,0,0
S-12998,U-3998,P-1276,182,0.85,9,0,0,0
S-12999,U-3999,P-1872,61,0.53,7,1,0,0
S-13000,U-4000,P-1773,99,0.57,4,0,0,0
S-13001,U-4001,P-1721,152,0.26,3,0,0,0
S-13002,U-4002,P-1231,24,0.3,9,1,0,0
S-13003,U-4003,P-1716,271,0.6,7,1,0,0
S-13004,U-4004,P-1871,40,0.19,7,0,0,0
S-13005,U-4005,P-1624,272,0.81,6,0,1,1
S-13006,U-4006,P-1451,98,0.71,7,1,0,0
S-13007,U-4007,P-1271,146,0.18,2,0,0,0
S-13008,U-4008,P-1923,164,0.52,2,1,0,0
S-13009,U-4009,P-1717,72,0.65,6,1,0,0
S-13010,U-4010,P-1200,16,0.33,2,0,0,0
S-13011,U-4011,P-1330,7,0.7,3,1,1,0
S-13012,U-4012,P-1152,28,0.74,4,1,0,0
S-13013,U-4013,P-1131,297,0.72,6,1,0,0
S-13014,U-4014,P-1646,283,0.62,1,0,0,0
S-13015,U-4015,P-1123,10,0.19,6,0,0,0
S-13016,U-4016,P-1794,241,0.48,4,1,0,0
S-13017,U-4017,P-1224,16,0.86,2,1,0,0
S-13018,U-4018,P-1800,207,0.91,6,0,1,1
S-13019,U-4019,P-1838,69,0.78,9,0,0,0
S-13020,U-4020,P-1537,173,0.47,6,1,0,0
S-13021,U-4021,P-1029,5,0.75,3,0,0,0
S-13022,U-4022,P-1254,291,0.6,5,0,0,0
S-13023,U-4023,P-1208,138,0.34,6,1,0,0
S-13024,U-4024,P-1742,183,0.95,2,0,0,0
S-13025,U-4025,P-1207,108,0.63,4,0,0,0
S-13026,U-4026,P-1520,237,0.42,7,1,0,0
S-13027,U-4027,P-1735,275,0.97,8,0,0,0
S-13028,U-4028,P-1473,14,0.26,9,0,0,0
S-13029,U-4029,P-1066,259,0.57,5,0,0,0
S-13030,U-4030,P-1825,152,0.41,5,1,0,0
S-13031,U-4031,P-1897,213,0.31,9,0,0,0
S-13032,U-4032,P-1246,210,0.93,0,0,0,0
S-13033,U-4033,P-1278,109,0.91,1,1,0,0
S-13034,U-4034,P-1693,190,0.6,3,1,0,0
S-13035,U-4035,P-1553,16,0.53,5,1,0,0
S-13036,U-4036,P-1844,195,0.11,9,1,0,0
S-13037,U-4037,P-1232,54,0.42,6,1,0,0
S-13038,U-4038,P-1242,4,0.38,3,0,0,0
S-13039,U-4039,P-1870,138,0.82,5,0,1,1
S-13040,U-4040,P-1701,266,0.19,6,0,0,0
S-13041,U-4041,P-1585,127,0.54,6,0,0,0
S-13042,U-4042,P-1106,40,0.99,7,1,0,0
S-13043,U-4043,P-1559,114,0.51,7,0,0,0
S-13044,U-4044,P-1183,103,0.38,7,1,1,1
S-13045,U-4045,P-1114,10,0.32,1,0,0,0
S-13046,U-4046,P-1378,187,0.81,8,0,0,0
S-13047,U-4047,P-1409,194,0.5,4,1,0,0
S-13048,U-4048,P-1723,271,0.28,2,1,0,0
S-13049,U-4049,P-1897,270,0.14,1,1,0,0
S-13050,U-4050,P-1577,246,0.69,3,0,0,0
S-13051,U-4051,P-1231,113,0.86,8,1,0,0
S-13052,U-4052,P-1554,64,0.51,2,0,0,0
S-13053,U-4053,P-1274,133,0.61,9,0,0,0
S-13054,U-4054,P-1097,122,0.36,3,0,0,0
S-13055,U-4055,P-1016,14,0.73,1,1,0,0
S-13056,U-4056,P-1929,52,0.21,2,1,0,0
S-13057,U-4057,P-1664,86,0.66,6,0,0,0
S-13058,U-4058,P-1924,205,0.82,8,1,0,0
S-13059,U-4059,P-1564,74,0.87,8,1,1,1
S-13060,U-4060,P-1457,205,0.26,6,1,0,0
S-13061,U-4061,P-1890,298,0.77,3,0,0,0
S-13062,U-4062,P-1034,52,0.47,3,0,0,0
S-13063,U-4063,P-1678,251,0.23,8,0,0,0
S-13064,U-4064,P-1655,47,0.46,2,0,0,0
S-13065,U-4065,P-1744,198,0.76,1,1,0,0
S-13066,U-4066,P-1038,31,0.67,5,0,0,0
S-13067,U-4067,P-1806,119,0.47,9,1,0,0
S-13068,U-4068,P-1120,51,0.37,8,1,0,0
S-13069,U-4069,P-1966,250,0.68,4,0,0,0
S-13070,U-4070,P-1708,213,0.85,5,0,0,0
S-13071,U-4071,P-1293,221,0.12,7,1,0,0
S-13072,U-4072,P-1214,128,0.69,7,0,0,0
S-13073,U-4073,P-1986,71,0.23,4,0,0,0
S-13074,U-4074,P-1292,90,0.57,3,0,0,0
S-13075,U-4075,P-1929,46,0.62,0,1,0,0
S-13076,U-4076,P-1135,294,0.35,2,1,1,1
S-13077,U-4077,P-1429,182,0.86,9,0,0,0
S-13078,U-4078,P-1085,4,0.62,7,0,0,0
S-13079,U-4079,P-1182,288,0.31,0,0,0,0
S-13080,U-4080,P-1852,279,0.64,6,0,0,0
S-13081,U-4081,P-1413,2,0.73,2,0,0,0
S-13082,U-4082,P-1604,297,0.61,5,0,0,0
S-13083,U-4083,P-1724,89,0.19,5,0,0,0
S-13084,U-4084,P-1465,287,0.28,5,0,0,0
S-13085,U-4085,P-1520,24,0.87,4,0,0,0
S-13086,U-4086,P-1473,140,0.56,2,0,0,0
S-13087,U-4087,P-1381,13,0.94,8,1,0,0
S-13088,U-4088,P-1758,142,0.74,8,0,0,0
S-13089,U-4089,P-1012,164,0.25,2,0,0,0
S-13090,U-4090,P-1522,126,0.16,9,1,0,0
S-13091,U-4091,P-1222,27,0.29,5,0,0,0
S-13092,U-4092,P-1088,63,0.91,1,0,0,0
S-13093,U-4093,P-1588,245,0.39,7,1,1,1
S-13094,U-4094,P-1253,4,0.78,2,0,0,0
S-13095,U-4095,P-1090,140,0.34,8,0,0,0
S-13096,U-4096,P-1448,257,0.29,9,0,0,0
S-13097,U-4097,P-1840,273,0.37,0,1,0,0
S-13098,U-4098,P-1023,48,0.66,2,0,0,0
S-13099,U-4099,P-1627,284,0.44,0,0,0,0
S-13100,U-4100,P-1417,281,0.9,4,0,0,0
S-13101,U-4101,P-1589,122,0.85,7,1,0,0
S-13102,U-4102,P-1539,207,0.31,4,1,0,0
S-13103,U-4103,P-1244,72,0.98,0,1,0,0
S-13104,U-4104,P-1956,108,0.44,5,0,0,0
S-13105,U-4105,P-1603,38,0.68,1,0,0,0
S-13106,U-4106,P-1959,294,0.91,7,1,0,0
S-13107,U-4107,P-1007,286,0.89,4,0,0,0
S-13108,U-4108,P-1396,292,0.61,6,1,0,0
S-13109,U-4109,P-1637,267,0.59,9,1,0,0
S-13110,U-4110,P-1434,79,0.65,7,1,0,0
S-13111,U-4111,P-1822,100,0.22,3,0,0,0
S-13112,U-4112,P-1216,124,0.17,0,0,0,0
S-13113,U-4113,P-1571,212,0.77,8,0,0,0
S-13114,U-4114,P-1957,103,0.33,4,0,1,1
S-13115,U-4115,P-1905,157,0.23,5,1,0,0
S-13116,U-4116,P-1002,105,0.17,3,1,0,0
S-13117,U-4117,P-1687,288,0.84,3,0,0,0
S-13118,U-4118,P-1247,109,0.13,1,1,0,0
S-13119,U-4119,P-1445,98,0.34,1,0,0,0
S-13120,U-4120,P-1278,42,0.64,2,1,0,0
S-13121,U-4121,P-1503,296,0.18,8,0,0,0
S-13122,U-4122,P-1368,117,0.27,1,1,1,0
S-13123,U-4123,P-1599,289,1.0,5,1,1,1
S-13124,U-4124,P-1507,157,0.48,5,1,0,0
S-13125,U-4125,P-1283,234,0.66,7,1,0,0
S-13126,U-4126,P-1594,224,0.48,3,1,0,0
S-13127,U-4127,P-1642,180,0.55,7,1,0,0
S-13128,U-4128,P-1676,243,0.77,6,1,0,0
S-13129,U-4129,P-1145,152,0.84,9,0,0,0
S-13130,U-4130,P-1286,68,0.76,0,0,0,0
S-13131,U-4131,P-1388,210,0.36,5,1,0,0
S-13132,U-4132,P-1248,35,0.63,0,1,0,0
S-13133,U-4133,P-1137,257,0.2,5,1,0,0
S-13134,U-4134,P-1439,147,0.67,5,0,0,0
S-13135,U-4135,P-1387,22,0.11,9,0,0,0
S-13136,U-4136,P-1302,248,0.8,8,0,0,0
S-13137,U-4137,P-1256,249,0.57,8,1,0,0
S-13138,U-4138,P-1529,292,0.21,6,0,1,0
S-13139,U-4139,P-1098,140,0.95,5,0,0,0
S-13140,U-4140,P-1982,78,0.4,6,1,0,0
S-13141,U-4141,P-1570,292,0.67,1,0,0,0
S-13142,U-4142,P-1228,215,0.76,1,1,0,0
S-13143,U-4143,P-1812,185,0.55,9,1,0,0
S-13144,U-4144,P-1062,158,0.65,8,1,0,0
S-13145,U-4145,P-1731,154,0.11,2,0,0,0
S-13146,U-4146,P-1786,105,0.32,2,0,0,0
S-13147,U-4147,P-1152,195,0.76,1,0,0,0
S-13148,U-4148,P-1517,187,0.31,0,0,0,0
S-13149,U-4149,P-1862,132,0.26,0,0,0,0
S-13150,U-4150,P-1067,7,0.47,0,0,0,0
S-13151,U-4151,P-1824,1,0.45,0,0,0,0
S-13152,U-4152,P-1182,177,0.81,7,1,0,0
S-13153,U-4153,P-1223,276,0.3,3,0,0,0
S-13154,U-4154,P-1929,147,0.97,1,0,0,0
S-13155,U-4155,P-1740,79,0.41,9,0,0,0
S-13156,U-4156,P-1341,175,0.22,3,0,0,0
S-13157,U-4157,P-1840,168,0.6,9,0,0,0
S-13158,U-4158,P-1035,173,0.36,6,0,0,0
S-13159,U-4159,P-1538,84,0.32,3,1,0,0
S-13160,U-4160,P-1220,5,0.19,3,1,0,0
S-13161,U-4161,P-1630,1,0.52,5,1,0,0
S-13162,U-4162,P-1810,229,0.14,6,1,0,0
S-13163,U-4163,P-1834,171,0.53,7,1,0,0
S-13164,U-4164,P-1441,153,0.5,7,0,0,0
S-13165,U-4165,P-1151,121,0.88,9,0,0,0
S-13166,U-4166,P-1396,18,0.27,7,0,0,0
S-13167,U-4167,P-1688,2,0.11,3,0,0,0
S-13168,U-4168,P-1237,52,0.32,2,1,0,0
S-13169,U-4169,P-1322,208,0.46,1,0,0,0
S-13170,U-4170,P-1942,109,0.98,8,1,0,0
S-13171,U-4171,P-1831,290,0.6,8,0,0,0
S-13172,U-4172,P-1035,251,0.68,8,0,0,0
S-13173,U-4173,P-1457,111,0.13,6,1,0,0
S-13174,U-4174,P-1507,97,0.88,1,0,0,0
S-13175,U-4175,P-1158,211,0.58,1,0,0,0
S-13176,U-4176,P-1941,221,0.54,3,1,1,1
S-13177,U-4177,P-1315,48,0.58,1,0,0,0
S-13178,U-4178,P-1704,243,0.13,3,0,0,0
S-13179,U-4179,P-1439,273,0.23,0,0,0,0
S-13180,U-4180,P-1235,4,0.13,5,1,1,1
S-13181,U-4181,P-1680,139,0.24,4,0,0,0
S-13182,U-4182,P-1274,242,0.77,1,1,0,0
S-13183,U-4183,P-1317,97,0.4,1,1,0,0
S-13184,U-4184,P-1954,36,0.51,3,0,0,0
S-13185,U-4185,P-1583,241,0.84,8,1,0,0
S-13186,U-4186,P-1540,126,0.58,9,1,0,0
S-13187,U-4187,P-1234,48,0.65,6,0,1,1
S-13188,U-4188,P-1671,68,0.67,1,0,1,0
S-13189,U-4189,P-1492,151,0.52,6,1,0,0
S-13190,U-4190,P-1702,114,0.39,4,1,1,1
S-13191,U-4191,P-1501,51,0.22,7,0,0,0
S-13192,U-4192,P-1022,47,0.79,8,0,0,0
S-13193,U-4193,P-1320,94,0.2,6,1,0,0
S-13194,U-4194,P-1827,278,0.24,3,0,0,0
S-13195,U-4195,P-1983,82,0.31,3,0,0,0
S-13196,U-4196,P-1453,31,0.74,7,1,0,0
S-13197,U-4197,P-1696,262,0.76,7,1,0,0
S-13198,U-4198,P-1419,254,0.72,8,1,0,0
S-13199,U-4199,P-1571,112,0.9,9,0,1,1
S-13200,U-4200,P-1139,25,0.44,6,1,1,1
S-13201,U-4201,P-1570,169,0.33,5,1,0,0
S-13202,U-4202,P-1396,90,0.95,7,0,0,0
S-13203,U-4203,P-1616,288,0.28,6,0,0,0
S-13204,U-4204,P-1777,157,0.82,1,0,0,0
S-13205,U-4205,P-1953,269,0.25,0,1,0,0
S-13206,U-4206,P-1506,193,0.56,8,1,0,0
S-13207,U-4207,P-1222,297,0.16,4,1,0,0
S-13208,U-4208,P-1234,106,0.54,1,0,0,0
S-13209,U-4209,P-1351,135,0.21,7,1,0,0
S-13210,U-4210,P-1695,164,0.35,8,1,0,0
S-13211,U-4211,P-1270,137,0.5,2,0,0,0
S-13212,U-4212,P-1784,74,0.4,3,0,0,0
S-13213,U-4213,P-1753,47,0.15,1,1,0,0
S-13214,U-4214,P-1711,20,0.66,0,0,0,0
S-13215,U-4215,P-1950,14,0.44,5,0,0,0
S-13216,U-4216,P-1199,54,0.22,7,1,0,0
S-13217,U-4217,P-1936,211,0.55,1,1,0,0
S-13218,U-4218,P-1618,123,0.26,1,0,0,0
S-13219,U-4219,P-1776,161,0.18,3,1,0,0
S-13220,U-4220,P-1749,194,0.63,8,0,0,0
S-13221,U-4221,P-1514,127,0.55,9,1,0,0
S-13222,U-4222,P-1145,76,0.17,7,1,0,0
S-13223,U-4223,P-1196,17,0.31,2,1,0,0
S-13224,U-4224,P-1307,138,0.45,0,0,0,0
S-13225,U-4225,P-1742,144,0.22,1,0,0,0
S-13226,U-4226,P-1271,251,0.18,2,1,0,0
S-13227,U-4227,P-1973,286,0.7,5,1,0,0
S-13228,U-4228,P-1745,18,0.39,0,1,0,0
S-13229,U-4229,P-1086,181,0.98,2,0,0,0
S-13230,U-4230,P-1731,156,0.87,1,0,0,0
S-13231,U-4231,P-1749,154,0.57,4,0,0,0
S-13232,U-4232,P-1930,208,0.51,0,1,0,0
S-13233,U-4233,P-1020,154,0.37,5,1,0,0
S-13234,U-4234,P-1646,261,0.3,7,1,0,0
S-13235,U-4235,P-1447,108,0.64,9,1,1,1
S-13236,U-4236,P-1012,132,0.31,9,0,0,0
S-13237,U-4237,P-1013,248,0.16,0,1,0,0
S-13238,U-4238,P-1788,177,0.22,2,1,0,0
S-13239,U-4239,P-1031,129,0.12,7,0,0,0
S-13240,U-4240,P-1934,272,0.22,6,1,0,0
S-13241,U-4241,P-1589,23,0.57,4,1,0,0
S-13242,U-4242,P-1203,266,0.69,2,1,0,0
S-13243,U-4243,P-1185,79,0.2,4,0,0,0
S-13244,U-4244,P-1974,109,0.1,4,0,0,0
S-13245,U-4245,P-1395,265,0.36,4,0,0,0
S-13246,U-4246,P-1309,271,0.75,3,0,0,0
S-13247,U-4247,P-1026,128,0.99,5,0,0,0
S-13248,U-4248,P-1410,276,0.37,6,0,0,0
S-13249,U-4249,P-1940,17,0.11,5,0,0,0
S-13250,U-4250,P-1480,226,0.11,8,0,0,0
S-13251,U-4251,P-1090,44,0.25,6,1,0,0
S-13252,U-4252,P-1765,35,0.53,8,1,0,0
S-13253,U-4253,P-1968,194,0.52,0,0,0,0
S-13254,U-4254,P-1040,115,0.99,9,1,0,0
S-13255,U-4255,P-1664,18,0.18,5,0,0,0
S-13256,U-4256,P-1526,137,0.96,3,0,0,0
S-13257,U-4257,P-1991,252,0.33,3,1,0,0
S-13258,U-4258,P-1577,90,0.93,6,0,0,0
S-13259,U-4259,P-1048,197,0.21,5,1,0,0
S-13260,U-4260,P-1594,81,0.99,3,0,0,0
S-13261,U-4261,P-1376,148,0.95,2,1,0,0
S-13262,U-4262,P-1126,22,0.44,7,0,0,0
S-13263,U-4263,P-1895,147,0.57,0,1,0,0
S-13264,U-4264,P-1487,23,0.65,8,0,0,0
S-13265,U-4265,P-1863,120,0.82,2,1,1,0
S-13266,U-4266,P-1997,168,0.24,0,1,0,0
S-13267,U-4267,P-1865,222,0.21,1,0,0,0
S-13268,U-4268,P-1664,13,0.69,9,0,0,0
S-13269,U-4269,P-1330,297,0.67,1,0,0,0
S-13270,U-4270,P-1837,199,0.36,8,1,0,0
S-13271,U-4271,P-1344,163,0.82,0,1,0,0
S-13272,U-4272,P-1671,7,0.38,4,0,0,0
S-13273,U-4273,P-1680,230,0.13,0,1,0,0
S-13274,U-4274,P-1268,144,0.35,6,0,0,0
S-13275,U-4275,P-1221,140,0.47,4,0,0,0
S-13276,U-4276,P-1328,176,0.59,7,0,0,0
S-13277,U-4277,P-1171,115,0.11,4,1,0,0
S-13278,U-4278,P-1289,220,0.75,9,0,0,0
S-13279,U-4279,P-1914,275,0.55,4,0,0,0
S-13280,U-4280,P-1221,60,0.93,5,0,1,0
S-13281,U-4281,P-1703,5,0.6,0,1,0,0
S-13282,U-4282,P-1820,101,0.18,0,1,1,0
S-13283,U-4283,P-1366,227,0.3,8,1,0,0
S-13284,U-4284,P-1574,221,0.86,8,1,0,0
S-13285,U-4285,P-1499,127,0.28,1,0,0,0
S-13286,U-4286,P-1611,283,0.89,5,0,1,0
S-13287,U-4287,P-1778,127,0.98,4,0,0,0
S-13288,U-4288,P-1968,275,0.33,3,0,0,0
S-13289,U-4289,P-1953,89,0.15,8,0,0,0
S-13290,U-4290,P-1044,122,0.83,5,1,0,0
S-13291,U-4291,P-1718,124,0.33,1,1,0,0
S-13292,U-4292,P-1298,204,0.1,6,0,1,0
S-13293,U-4293,P-1998,161,0.13,3,1,0,0
S-13294,U-4294,P-1610,115,0.66,7,1,0,0
S-13295,U-4295,P-1888,270,0.79,9,1,0,0
S-13296,U-4296,P-1855,288,0.22,3,1,0,0
S-13297,U-4297,P-1114,69,0.77,6,1,0,0
S-13298,U-4298,P-1354,223,0.24,0,1,0,0
S-13299,U-4299,P-1523,3,0.66,5,0,0,0
S-13300,U-4300,P-1915,162,0.33,1,0,0,0
S-13301,U-4301,P-1696,107,0.78,9,0,0,0
S-13302,U-4302,P-1237,242,0.48,9,0,0,0
S-13303,U-4303,P-1666,7,0.78,6,0,0,0
S-13304,U-4304,P-1479,283,0.51,4,0,0,0
S-13305,U-4305,P-1298,298,0.98,8,1,1,1
S-13306,U-4306,P-1612,274,0.49,6,0,0,0
S-13307,U-4307,P-1815,68,0.52,6,0,0,0
S-13308,U-4308,P-1151,290,0.46,5,0,0,0
S-13309,U-4309,P-1924,3,0.19,6,0,0,0
S-13310,U-4310,P-1978,49,0.75,9,0,0,0
S-13311,U-4311,P-1231,238,0.93,1,0,0,0
S-13312,U-4312,P-1143,32,0.27,1,0,1,0
S-13313,U-4313,P-1938,223,0.79,3,0,0,0
S-13314,U-4314,P-1808,216,0.3,5,1,0,0
S-13315,U-4315,P-1124,192,0.62,5,0,0,0
S-13316,U-4316,P-1590,202,0.51,4,1,0,0
S-13317,U-4317,P-1029,5,0.14,3,0,0,0
S-13318,U-4318,P-1374,102,0.53,4,1,0,0
S-13319,U-4319,P-1084,116,0.27,3,0,0,0
S-13320,U-4320,P-1888,22,0.4,6,0,0,0
S-13321,U-4321,P-1335,282,0.28,6,0,0,0
S-13322,U-4322,P-1221,165,0.9,0,0,1,1
S-13323,U-4323,P-1844,239,0.14,6,0,0,0
S-13324,U-4324,P-1100,49,0.68,4,1,0,0
S-13325,U-4325,P-1709,249,0.45,2,0,0,0
S-13326,U-4326,P-1581,57,0.59,8,1,0,0
S-13327,U-4327,P-1777,160,0.93,7,1,0,0
S-13328,U-4328,P-1579,267,0.89,3,0,0,0
S-13329,U-4329,P-1708,144,0.16,1,1,0,0
S-13330,U-4330,P-1233,123,0.69,0,1,0,0
S-13331,U-4331,P-1472,266,0.33,1,0,0,0
S-13332,U-4332,P-1877,68,0.77,7,1,0,0
S-13333,U-4333,P-1741,9,0.24,9,0,0,0
S-13334,U-4334,P-1802,257,0.34,3,0,0,0
S-13335,U-4335,P-1587,181,0.47,9,1,0,0
S-13336,U-4336,P-1318,72,0.51,0,1,0,0
S-13337,U-4337,P-1384,123,0.12,1,1,0,0
S-13338,U-4338,P-1411,144,0.36,2,1,0,0
S-13339,U-4339,P-1375,38,0.5,7,0,0,0
S-13340,U-4340,P-1997,148,0.2,8,0,1,0
S-13341,U-4341,P-1732,249,0.8,8,1,0,0
S-13342,U-4342,P-1333,235,0.21,3,0,0,0
S-13343,U-4343,P-1429,117,0.73,7,0,0,0
S-13344,U-4344,P-1203,5,0.49,6,1,0,0
S-13345,U-4345,P-1208,171,0.35,7,1,0,0
S-13346,U-4346,P-1531,20,0.85,7,0,0,0
S-13347,U-4347,P-1761,35,0.82,6,1,0,0
S-13348,U-4348,P-1227,193,0.41,2,1,0,0
S-13349,U-4349,P-1091,273,0.67,2,1,0,0
S-13350,U-4350,P-1563,44,0.24,1,0,0,0
S-13351,U-4351,P-1020,88,0.21,4,1,0,0
S-13352,U-4352,P-1066,125,0.57,4,1,0,0
S-13353,U-4353,P-1129,255,0.57,1,1,0,0
S-13354,U-4354,P-1007,62,0.87,3,0,0,0
S-13355,U-4355,P-1092,257,0.99,5,1,0,0
S-13356,U-4356,P-1572,43,0.33,5,1,0,0
S-13357,U-4357,P-1247,78,0.81,0,1,0,0
S-13358,U-4358,P-1516,189,0.48,4,1,0,0
S-13359,U-4359,P-1052,225,0.24,4,1,0,0
S-13360,U-4360,P-1226,148,0.23,4,0,1,0
S-13361,U-4361,P-1782,89,0.88,4,0,0,0
S-13362,U-4362,P-1756,255,0.59,6,0,0,0
S-13363,U-4363,P-1754,51,0.17,5,1,0,0
S-13364,U-4364,P-1659,91,0.22,4,1,0,0
S-13365,U-4365,P-1192,145,0.66,0,1,0,0
S-13366,U-4366,P-1206,261,0.41,9,0,0,0
S-13367,U-4367,P-1752,179,0.16,0,1,0,0
S-13368,U-4368,P-1040,133,0.44,5,0,0,0
S-13369,U-4369,P-1142,226,0.71,8,0,0,0
S-13370,U-4370,P-1577,254,0.77,0,0,0,0
S-13371,U-4371,P-1891,272,0.18,2,0,0,0
S-13372,U-4372,P-1367,181,0.84,7,0,0,0
S-13373,U-4373,P-1821,275,0.83,1,1,0,0
S-13374,U-4374,P-1426,254,0.56,8,1,0,0
S-13375,U-4375,P-1233,190,0.22,8,0,1,0
S-13376,U-4376,P-1454,191,0.5,2,0,0,0
S-13377,U-4377,P-1805,1,0.15,5,1,0,0
S-13378,U-4378,P-1689,114,0.94,0,1,0,0
S-13379,U-4379,P-1261,19,0.73,6,0,1,1
S-13380,U-4380,P-1633,200,0.81,0,1,0,0
S-13381,U-4381,P-1375,127,0.62,2,1,0,0
S-13382,U-4382,P-1191,10,0.78,4,1,0,0
S-13383,U-4383,P-1528,5,0.98,4,1,0,0
S-13384,U-4384,P-1302,70,0.66,0,1,0,0
S-13385,U-4385,P-1017,122,0.84,3,0,0,0
S-13386,U-4386,P-1898,190,0.8,0,1,0,0
S-13387,U-4387,P-1820,120,0.82,4,0,0,0
S-13388,U-4388,P-1286,255,0.69,2,1,0,0
S-13389,U-4389,P-1311,35,0.49,6,0,0,0
S-13390,U-4390,P-1484,214,0.16,5,0,0,0
S-13391,U-4391,P-1973,80,0.95,1,1,0,0
S-13392,U-4392,P-1901,144,0.86,2,1,1,1
S-13393,U-4393,P-1123,117,0.31,9,0,0,0
S-13394,U-4394,P-1096,113,0.86,1,0,0,0
S-13395,U-4395,P-1477,245,0.25,2,0,0,0
S-13396,U-4396,P-1701,207,0.6,4,0,1,0
S-13397,U-4397,P-1212,12,0.96,0,0,0,0
S-13398,U-4398,P-1272,246,0.35,1,0,0,0
S-13399,U-4399,P-1178,144,0.17,3,0,0,0
S-13400,U-4400,P-1197,258,0.21,5,1,0,0
S-13401,U-4401,P-1769,80,0.45,9,0,0,0
S-13402,U-4402,P-1950,7,0.21,9,1,0,0
S-13403,U-4403,P-1017,255,0.76,2,0,0,0
S-13404,U-4404,P-1197,246,0.38,9,1,0,0
S-13405,U-4405,P-1521,24,0.54,2,0,0,0
S-13406,U-4406,P-1513,223,0.13,6,1,0,0
S-13407,U-4407,P-1936,127,0.72,4,1,0,0
S-13408,U-4408,P-1197,115,0.47,4,0,0,0
S-13409,U-4409,P-1101,223,0.43,9,0,0,0
S-13410,U-4410,P-1678,60,0.84,6,1,0,0
S-13411,U-4411,P-1342,4,0.43,4,1,0,0
S-13412,U-4412,P-1700,148,0.88,6,0,0,0
S-13413,U-4413,P-1850,74,0.83,0,1,1,0
S-13414,U-4414,P-1369,227,0.5,1,0,0,0
S-13415,U-4415,P-1058,250,0.54,9,1,0,0
S-13416,U-4416,P-1759,35,0.19,6,0,0,0
S-13417,U-4417,P-1731,132,0.38,9,1,0,0
S-13418,U-4418,P-1865,28,0.13,6,0,0,0
S-13419,U-4419,P-1255,94,0.58,2,0,0,0
S-13420,U-4420,P-1529,292,0.75,6,0,0,0
S-13421,U-4421,P-1321,105,0.11,1,0,0,0
S-13422,U-4422,P-1771,233,0.51,1,0,0,0
S-13423,U-4423,P-1789,245,0.19,3,1,0,0
S-13424,U-4424,P-1095,128,0.51,7,0,1,1
S-13425,U-4425,P-1386,146,0.15,5,0,0,0
S-13426,U-4426,P-1130,80,0.11,0,0,0,0
S-13427,U-4427,P-1513,57,0.23,1,1,0,0
S-13428,U-4428,P-1360,123,0.54,4,1,0,0
S-13429,U-4429,P-1140,244,0.76,5,0,0,0
S-13430,U-4430,P-1423,147,0.3,5,1,0,0
S-13431,U-4431,P-1205,166,0.82,0,0,0,0
S-13432,U-4432,P-1843,95,0.63,9,1,0,0
S-13433,U-4433,P-1400,3,0.48,2,1,0,0
S-13434,U-4434,P-1238,181,0.74,5,1,0,0
S-13435,U-4435,P-1723,209,0.46,2,1,0,0
S-13436,U-4436,P-1537,17,0.3,3,0,0,0
S-13437,U-4437,P-1856,134,0.15,1,0,0,0
S-13438,U-4438,P-1393,181,0.62,3,1,0,0
S-13439,U-4439,P-1007,208,0.95,6,1,0,0
S-13440,U-4440,P-1312,17,0.88,4,1,0,0
S-13441,U-4441,P-1960,46,0.98,7,0,0,0
S-13442,U-4442,P-1105,208,0.69,5,0,0,0
S-13443,U-4443,P-1281,177,0.33,4,0,0,0
S-13444,U-4444,P-1945,34,0.87,5,0,0,0
S-13445,U-4445,P-1446,196,0.78,3,1,0,0
S-13446,U-4446,P-1904,203,0.66,0,0,0,0
S-13447,U-4447,P-1302,293,0.58,1,0,1,1
S-13448,U-4448,P-1072,98,0.85,4,0,0,0
S-13449,U-4449,P-1610,15,0.66,3,0,0,0
S-13450,U-4450,P-1292,187,0.61,7,0,0,0
S-13451,U-4451,P-1440,206,0.91,2,1,0,0
S-13452,U-4452,P-1803,3,0.45,9,1,0,0
S-13453,U-4453,P-1988,274,0.91,0,0,0,0
S-13454,U-4454,P-1986,116,0.42,2,1,0,0
S-13455,U-4455,P-1181,58,0.91,8,0,0,0
S-13456,U-4456,P-1970,286,0.37,9,0,0,0
S-13457,U-4457,P-1477,255,0.61,0,0,0,0
S-13458,U-4458,P-1162,46,0.94,6,1,0,0
S-13459,U-4459,P-1964,162,0.52,9,1,0,0
S-13460,U-4460,P-1019,217,0.63,0,1,0,0
S-13461,U-4461,P-1107,257,0.52,8,1,0,0
S-13462,U-4462,P-1124,239,0.24,1,0,0,0
S-13463,U-4463,P-1952,231,0.63,9,1,0,0
S-13464,U-4464,P-1168,4,0.65,2,1,0,0
S-13465,U-4465,P-1843,254,0.12,8,0,0,0
S-13466,U-4466,P-1060,283,0.75,6,1,0,0
S-13467,U-4467,P-1714,37,0.52,8,0,0,0
S-13468,U-4468,P-1289,41,0.33,6,1,0,0
S-13469,U-4469,P-1810,21,0.52,4,0,0,0
S-13470,U-4470,P-1761,162,0.99,5,1,0,0
S-13471,U-4471,P-1075,27,0.31,1,1,0,0
S-13472,U-4472,P-1245,178,0.56,4,1,0,0
S-13473,U-4473,P-1007,128,0.97,7,1,0,0
S-13474,U-4474,P-1191,225,0.92,8,1,0,0
S-13475,U-4475,P-1084,264,0.56,5,0,0,0
S-13476,U-4476,P-1076,18,0.82,2,0,0,0
S-13477,U-4477,P-1155,262,0.34,5,1,0,0
S-13478,U-4478,P-1848,27,0.92,8,0,0,0
S-13479,U-4479,P-1450,178,0.32,4,1,1,1
S-13480,U-4480,P-1170,182,0.72,4,0,0,0
S-13481,U-4481,P-1454,272,0.17,6,1,0,0
S-13482,U-4482,P-1913,108,0.78,6,1,0,0
S-13483,U-4483,P-1936,238,0.59,8,0,0,0
S-13484,U-4484,P-1951,297,0.52,5,0,0,0
S-13485,U-4485,P-1264,2,0.52,8,1,0,0
S-13486,U-4486,P-1786,261,0.33,7,1,0,0
S-13487,U-4487,P-1249,292,0.22,3,1,0,0
S-13488,U-4488,P-1887,287,0.68,4,1,0,0
S-13489,U-4489,P-1284,150,0.37,3,1,0,0
S-13490,U-4490,P-1948,267,0.23,8,1,0,0
S-13491,U-4491,P-1689,249,0.37,7,0,0,0
S-13492,U-4492,P-1965,288,0.71,4,1,0,0
S-13493,U-4493,P-1461,74,0.23,0,0,0,0
S-13494,U-4494,P-1110,239,0.84,6,1,0,0
S-13495,U-4495,P-1644,81,0.16,0,1,0,0
S-13496,U-4496,P-1412,207,0.26,3,0,1,0
S-13497,U-4497,P-1215,155,0.74,0,0,0,0
S-13498,U-4498,P-1986,95,0.97,0,0,0,0
S-13499,U-4499,P-1499,192,0.67,7,0,0,0
S-13500,U-4500,P-1826,224,0.31,5,0,0,0
S-13501,U-4501,P-1542,76,0.36,0,1,0,0
S-13502,U-4502,P-1563,219,0.44,0,0,0,0
S-13503,U-4503,P-1951,213,0.94,5,1,0,0
S-13504,U-4504,P-1477,143,0.11,3,0,0,0
S-13505,U-4505,P-1506,271,0.29,9,0,0,0
S-13506,U-4506,P-1878,235,0.92,7,1,0,0
S-13507,U-4507,P-1451,209,0.52,4,1,0,0
S-13508,U-4508,P-1214,127,0.88,4,1,0,0
S-13509,U-4509,P-1134,86,0.13,9,1,0,0
S-13510,U-4510,P-1260,7,0.12,0,1,0,0
S-13511,U-4511,P-1500,80,0.6,2,0,0,0
S-13512,U-4512,P-1636,139,0.12,9,1,0,0
S-13513,U-4513,P-1332,122,0.31,0,1,0,0
S-13514,U-4514,P-1574,296,0.66,9,1,0,0
S-13515,U-4515,P-1060,92,0.39,6,0,0,0
S-13516,U-4516,P-1568,262,0.91,9,0,0,0
S-13517,U-4517,P-1507,63,0.67,3,0,0,0
S-13518,U-4518,P-1572,227,0.16,4,1,0,0
S-13519,U-4519,P-1066,116,0.5,8,1,0,0
S-13520,U-4520,P-1942,81,0.29,7,1,0,0
S-13521,U-4521,P-1420,23,0.35,6,0,0,0
S-13522,U-4522,P-1814,173,0.6,6,0,0,0
S-13523,U-4523,P-1703,1,0.48,9,0,0,0
S-13524,U-4524,P-1863,247,0.21,7,0,0,0
S-13525,U-4525,P-1132,136,0.79,0,0,0,0
S-13526,U-4526,P-1989,81,0.34,9,0,0,0
S-13527,U-4527,P-1619,139,0.88,5,0,0,0
S-13528,U-4528,P-1567,153,0.14,9,0,0,0
S-13529,U-4529,P-1066,72,0.2,2,1,0,0
S-13530,U-4530,P-1470,214,0.54,0,0,1,0
S-13531,U-4531,P-1588,54,0.31,1,1,0,0
S-13532,U-4532,P-1258,241,0.47,5,0,0,0
S-13533,U-4533,P-1057,281,0.82,9,1,0,0
S-13534,U-4534,P-1634,166,0.11,1,1,0,0
S-13535,U-4535,P-1128,87,0.48,3,1,0,0
S-13536,U-4536,P-1801,7,0.6,9,1,0,0
S-13537,U-4537,P-1942,210,0.58,8,1,0,0
S-13538,U-4538,P-1323,154,0.18,9,0,0,0
S-13539,U-4539,P-1536,154,0.25,3,1,0,0
S-13540,U-4540,P-1962,120,0.53,9,0,0,0
S-13541,U-4541,P-1190,86,0.67,9,1,0,0
S-13542,U-4542,P-1194,119,0.67,3,1,0,0
S-13543,U-4543,P-1287,82,0.79,5,0,0,0
S-13544,U-4544,P-1428,43,0.39,7,1,0,0
S-13545,U-4545,P-1177,26,0.31,6,1,0,0
S-13546,U-4546,P-1936,40,0.8,9,1,0,0
S-13547,U-4547,P-1884,272,0.6,2,1,0,0
S-13548,U-4548,P-1580,177,0.32,5,1,0,0
S-13549,U-4549,P-1694,44,0.12,2,1,0,0
S-13550,U-4550,P-1454,207,0.4,5,0,0,0
S-13551,U-4551,P-1364,185,0.74,6,0,0,0
S-13552,U-4552,P-1835,273,0.53,6,0,0,0
S-13553,U-4553,P-1129,132,0.6,8,0,0,0
S-13554,U-4554,P-1134,202,0.44,0,0,0,0
S-13555,U-4555,P-1056,212,0.5,6,1,0,0
S-13556,U-4556,P-1288,47,0.27,4,1,0,0
S-13557,U-4557,P-1347,291,0.68,0,0,0,0
S-13558,U-4558,P-1401,219,0.13,2,1,0,0
S-13559,U-4559,P-1405,179,0.61,5,1,0,0
S-13560,U-4560,P-1669,236,0.51,8,0,0,0
S-13561,U-4561,P-1853,98,0.91,0,0,0,0
S-13562,U-4562,P-1856,163,0.33,3,0,0,0
S-13563,U-4563,P-1189,189,0.7,5,1,0,0
S-13564,U-4564,P-1328,191,0.72,8,1,1,1
S-13565,U-4565,P-1362,241,0.67,5,0,0,0
S-13566,U-4566,P-1103,267,0.91,8,0,0,0
S-13567,U-4567,P-1970,90,0.38,0,1,0,0
S-13568,U-4568,P-1493,8,0.6,3,0,1,0
S-13569,U-4569,P-1330,295,0.55,0,0,1,0
S-13570,U-4570,P-1838,27,0.93,1,0,1,0
S-13571,U-4571,P-1601,241,0.64,5,0,0,0
S-13572,U-4572,P-1980,174,0.23,6,0,0,0
S-13573,U-4573,P-1121,257,0.12,2,1,0,0
S-13574,U-4574,P-1819,70,0.93,7,1,0,0
S-13575,U-4575,P-1137,234,0.32,5,0,0,0
S-13576,U-4576,P-1408,73,0.96,1,1,1,0
S-13577,U-4577,P-1997,278,0.32,4,1,0,0
S-13578,U-4578,P-1434,163,0.66,0,1,0,0
S-13579,U-4579,P-1635,112,0.34,9,0,0,0
S-13580,U-4580,P-1114,71,0.25,9,0,1,0
S-13581,U-4581,P-1388,60,0.43,1,1,0,0
S-13582,U-4582,P-1703,1,0.97,8,0,0,0
S-13583,U-4583,P-1462,259,0.32,4,0,0,0
S-13584,U-4584,P-1391,22,0.55,0,0,0,0
S-13585,U-4585,P-1716,137,0.9,2,1,0,0
S-13586,U-4586,P-1607,159,0.11,8,0,0,0
S-13587,U-4587,P-1202,150,0.16,5,1,0,0
S-13588,U-4588,P-1430,136,0.22,5,0,0,0
S-13589,U-4589,P-1523,4,0.15,5,0,0,0
S-13590,U-4590,P-1261,143,0.61,7,1,0,0
S-13591,U-4591,P-1148,173,0.28,4,0,0,0
S-13592,U-4592,P-1621,243,0.36,4,0,0,0
S-13593,U-4593,P-1768,52,0.97,8,0,0,0
S-13594,U-4594,P-1983,220,0.81,8,0,1,1
S-13595,U-4595,P-1430,47,0.84,3,1,0,0
S-13596,U-4596,P-1471,29,0.46,1,0,0,0
S-13597,U-4597,P-1336,71,0.22,0,0,0,0
S-13598,U-4598,P-1209,266,0.91,2,0,0,0
S-13599,U-4599,P-1759,242,0.86,7,1,0,0
S-13600,U-4600,P-1277,155,0.16,8,0,0,0
S-13601,U-4601,P-1157,76,0.66,1,1,0,0
S-13602,U-4602,P-1436,288,0.45,2,0,0,0
S-13603,U-4603,P-1828,271,0.47,3,1,0,0
S-13604,U-4604,P-1748,131,0.13,6,1,0,0
S-13605,U-4605,P-1132,293,0.8,9,0,0,0
S-13606,U-4606,P-1076,121,0.7,9,1,0,0
S-13607,U-4607,P-1211,125,0.89,9,0,0,0
S-13608,U-4608,P-1335,43,0.86,6,0,0,0
S-13609,U-4609,P-1985,173,0.12,1,1,1,0
S-13610,U-4610,P-1645,79,0.77,1,0,0,0
S-13611,U-4611,P-1251,54,0.9,1,0,0,0
S-13612,U-4612,P-1635,218,0.87,7,0,0,0
S-13613,U-4613,P-1048,210,0.21,8,0,0,0
S-13614,U-4614,P-1728,86,0.24,5,0,0,0
S-13615,U-4615,P-1942,213,0.32,5,0,0,0
S-13616,U-4616,P-1995,217,0.45,8,0,0,0
S-13617,U-4617,P-1860,121,0.38,8,1,0,0
S-13618,U-4618,P-1455,179,0.4,7,1,0,0
S-13619,U-4619,P-1832,205,0.11,9,0,0,0
S-13620,U-4620,P-1613,39,0.31,7,0,0,0
S-13621,U-4621,P-1664,248,0.75,9,0,0,0
S-13622,U-4622,P-1688,5,0.18,3,1,0,0
S-13623,U-4623,P-1154,42,0.27,2,0,0,0
S-13624,U-4624,P-1929,262,0.9,8,0,0,0
S-13625,U-4625,P-1585,192,0.43,6,1,0,0
S-13626,U-4626,P-1660,69,0.71,0,1,0,0
S-13627,U-4627,P-1632,123,0.47,8,0,0,0
S-13628,U-4628,P-1289,49,0.31,1,0,0,0
S-13629,U-4629,P-1936,242,0.46,2,0,0,0
S-13630,U-4630,P-1703,1,0.81,3,1,0,0
S-13631,U-4631,P-1148,179,0.17,7,1,0,0
S-13632,U-4632,P-1351,86,0.17,2,0,1,0
S-13633,U-4633,P-1005,4,0.89,1,0,0,0
S-13634,U-4634,P-1203,35,0.64,0,1,0,0
S-13635,U-4635,P-1033,55,0.57,2,1,0,0
S-13636,U-4636,P-1527,107,0.75,9,1,0,0
S-13637,U-4637,P-1943,261,0.61,3,1,0,0
S-13638,U-4638,P-1042,40,0.57,3,1,0,0
S-13639,U-4639,P-1305,225,0.16,8,1,0,0
S-13640,U-4640,P-1021,182,0.99,7,0,0,0
S-13641,U-4641,P-1520,131,0.45,2,1,0,0
S-13642,U-4642,P-1320,157,0.81,3,1,0,0
S-13643,U-4643,P-1313,180,0.49,4,1,0,0
S-13644,U-4644,P-1645,53,0.35,9,0,0,0
S-13645,U-4645,P-1960,298,0.33,0,0,0,0
S-13646,U-4646,P-1263,97,0.16,2,0,0,0
S-13647,U-4647,P-1386,261,0.53,0,1,0,0
S-13648,U-4648,P-1188,2,0.32,2,0,0,0
S-13649,U-4649,P-1401,224,0.56,0,1,0,0
S-13650,U-4650,P-1131,232,0.37,1,0,0,0
S-13651,U-4651,P-1424,39,0.16,5,0,0,0
S-13652,U-4652,P-1426,75,0.86,8,1,0,0
S-13653,U-4653,P-1851,284,0.97,5,1,0,0
S-13654,U-4654,P-1055,269,0.52,8,0,0,0
S-13655,U-4655,P-1873,278,0.63,3,1,0,0
S-13656,U-4656,P-1613,96,0.57,8,0,0,0
S-13657,U-4657,P-1748,73,0.15,8,0,0,0
S-13658,U-4658,P-1294,17,0.89,5,0,0,0
S-13659,U-4659,P-1021,247,0.8,9,0,0,0
S-13660,U-4660,P-1640,146,0.44,8,1,0,0
S-13661,U-4661,P-1981,60,0.26,5,0,0,0
S-13662,U-4662,P-1776,274,0.49,2,0,1,0
S-13663,U-4663,P-1927,42,0.65,4,1,0,0
S-13664,U-4664,P-1630,99,0.23,9,0,0,0
S-13665,U-4665,P-1807,15,0.37,3,1,0,0
S-13666,U-4666,P-1211,47,0.42,7,0,0,0
S-13667,U-4667,P-1532,144,0.12,5,0,0,0
S-13668,U-4668,P-1431,223,0.28,7,1,0,0
S-13669,U-4669,P-1693,241,0.53,9,1,0,0
S-13670,U-4670,P-1448,99,0.43,9,1,0,0
S-13671,U-4671,P-1888,265,0.29,7,0,0,0
S-13672,U-4672,P-1750,237,0.87,0,0,0,0
S-13673,U-4673,P-1912,176,1.0,9,1,0,0
S-13674,U-4674,P-1740,5,0.65,0,0,0,0
S-13675,U-4675,P-1641,119,0.43,5,0,0,0
S-13676,U-4676,P-1731,138,0.56,4,0,0,0
S-13677,U-4677,P-1061,132,0.71,4,0,0,0
S-13678,U-4678,P-1322,107,0.54,1,0,0,0
S-13679,U-4679,P-1045,89,0.3,6,1,0,0
S-13680,U-4680,P-1212,4,0.42,8,1,1,1
S-13681,U-4681,P-1047,298,0.36,3,0,0,0
S-13682,U-4682,P-1585,201,0.3,5,0,0,0
S-13683,U-4683,P-1493,3,0.83,5,1,1,1
S-13684,U-4684,P-1214,257,0.87,2,1,0,0
S-13685,U-4685,P-1283,201,0.59,0,1,0,0
S-13686,U-4686,P-1744,126,0.77,1,0,1,1
S-13687,U-4687,P-1755,65,0.59,6,1,0,0
S-13688,U-4688,P-1945,16,0.32,1,1,0,0
S-13689,U-4689,P-1210,206,0.87,6,1,0,0
S-13690,U-4690,P-1704,250,0.66,2,0,0,0
S-13691,U-4691,P-1722,211,0.89,4,0,0,0
S-13692,U-4692,P-1495,124,0.64,6,1,0,0
S-13693,U-4693,P-1240,150,0.73,7,1,0,0
S-13694,U-4694,P-1851,243,0.37,3,0,0,0
S-13695,U-4695,P-1904,64,0.37,1,1,0,0
S-13696,U-4696,P-1463,150,0.45,4,1,0,0
S-13697,U-4697,P-1486,111,0.82,6,1,0,0
S-13698,U-4698,P-1446,93,0.59,6,0,0,0
S-13699,U-4699,P-1278,289,0.45,3,0,0,0
S-13700,U-4700,P-1713,98,0.85,6,0,0,0
S-13701,U-4701,P-1667,138,0.26,3,1,0,0
S-13702,U-4702,P-1740,3,0.97,2,0,0,0
S-13703,U-4703,P-1881,58,0.29,7,0,0,0
S-13704,U-4704,P-1683,182,0.55,5,0,0,0
S-13705,U-4705,P-1597,182,0.3,3,0,0,0
S-13706,U-4706,P-1244,147,0.11,7,0,0,0
S-13707,U-4707,P-1998,295,0.49,1,1,0,0
S-13708,U-4708,P-1865,170,0.75,4,1,0,0
S-13709,U-4709,P-1115,252,0.98,7,1,0,0
S-13710,U-4710,P-1747,214,0.96,0,0,0,0
S-13711,U-4711,P-1542,251,0.33,6,1,0,0
S-13712,U-4712,P-1529,194,0.43,9,1,0,0
S-13713,U-4713,P-1797,54,0.6,1,0,0,0
S-13714,U-4714,P-1068,241,0.56,6,0,0,0
S-13715,U-4715,P-1793,181,0.81,6,1,0,0
S-13716,U-4716,P-1086,163,0.25,4,1,0,0
S-13717,U-4717,P-1545,105,0.99,4,0,0,0
S-13718,U-4718,P-1021,297,0.34,8,0,0,0
S-13719,U-4719,P-1454,235,0.53,5,0,0,0
S-13720,U-4720,P-1034,248,0.39,6,1,0,0
S-13721,U-4721,P-1939,237,0.66,6,0,0,0
S-13722,U-4722,P-1401,192,0.77,0,1,0,0
S-13723,U-4723,P-1826,262,0.4,8,1,0,0
S-13724,U-4724,P-1218,204,0.84,3,1,0,0
S-13725,U-4725,P-1793,175,0.26,3,1,0,0
S-13726,U-4726,P-1134,141,0.65,1,1,0,0
S-13727,U-4727,P-1537,158,0.34,2,1,0,0
S-13728,U-4728,P-1070,202,0.75,3,1,0,0
S-13729,U-4729,P-1329,202,0.15,0,0,0,0
S-13730,U-4730,P-1257,296,0.94,1,0,0,0
S-13731,U-4731,P-1665,270,0.27,4,1,0,0
S-13732,U-4732,P-1311,32,0.57,7,0,1,1
S-13733,U-4733,P-1876,207,0.11,7,0,0,0
S-13734,U-4734,P-1569,262,0.83,3,1,0,0
S-13735,U-4735,P-1165,104,0.8,3,1,0,0
S-13736,U-4736,P-1712,179,0.35,7,1,0,0
S-13737,U-4737,P-1502,223,0.77,4,1,0,0
S-13738,U-4738,P-1655,9,0.94,5,1,0,0
S-13739,U-4739,P-1710,221,0.74,3,1,0,0
S-13740,U-4740,P-1277,81,0.11,4,1,0,0
S-13741,U-4741,P-1801,183,0.73,9,0,0,0
S-13742,U-4742,P-1483,69,0.35,0,1,0,0
S-13743,U-4743,P-1690,49,0.84,9,0,0,0
S-13744,U-4744,P-1326,176,0.8,6,1,0,0
S-13745,U-4745,P-1401,175,0.13,9,0,0,0
S-13746,U-4746,P-1605,35,0.51,6,1,0,0
S-13747,U-4747,P-1851,189,0.85,9,0,0,0
S-13748,U-4748,P-1362,215,0.66,1,1,0,0
S-13749,U-4749,P-1992,1,0.75,1,0,0,0
S-13750,U-4750,P-1888,283,0.89,2,0,1,1
S-13751,U-4751,P-1324,187,0.89,9,0,0,0
S-13752,U-4752,P-1467,150,0.7,7,1,0,0
S-13753,U-4753,P-1543,64,0.62,1,1,0,0
S-13754,U-4754,P-1953,103,0.51,1,1,0,0
S-13755,U-4755,P-1126,62,0.5,9,0,0,0
S-13756,U-4756,P-1608,60,0.89,4,0,0,0
S-13757,U-4757,P-1905,229,0.12,3,1,0,0
S-13758,U-4758,P-1494,64,0.37,0,1,0,0
S-13759,U-4759,P-1959,270,0.57,0,1,0,0
S-13760,U-4760,P-1314,40,0.85,7,0,0,0
S-13761,U-4761,P-1406,11,0.24,0,1,0,0
S-13762,U-4762,P-1070,9,0.55,5,0,0,0
S-13763,U-4763,P-1383,148,0.97,7,1,0,0
S-13764,U-4764,P-1977,169,0.72,4,1,0,0
S-13765,U-4765,P-1549,227,0.46,3,0,0,0
S-13766,U-4766,P-1268,249,0.76,0,1,0,0
S-13767,U-4767,P-1858,96,0.36,1,0,0,0
S-13768,U-4768,P-1950,272,0.8,2,1,0,0
S-13769,U-4769,P-1385,101,0.42,1,1,1,0
S-13770,U-4770,P-1029,123,0.21,6,1,0,0
S-13771,U-4771,P-1705,83,0.53,5,1,0,0
S-13772,U-4772,P-1399,132,0.45,8,1,0,0
S-13773,U-4773,P-1072,282,0.73,5,1,0,0
S-13774,U-4774,P-1111,135,0.8,8,0,0,0
S-13775,U-4775,P-1016,24,0.39,8,1,1,1
S-13776,U-4776,P-1284,88,0.19,0,1,0,0
S-13777,U-4777,P-1497,170,0.26,1,0,0,0
S-13778,U-4778,P-1914,1,0.6,2,0,0,0
S-13779,U-4779,P-1571,179,0.63,6,1,0,0
S-13780,U-4780,P-1555,285,0.6,4,1,0,0
S-13781,U-4781,P-1246,32,0.3,7,1,0,0
S-13782,U-4782,P-1936,151,0.53,5,1,0,0
S-13783,U-4783,P-1265,146,0.97,7,1,0,0
S-13784,U-4784,P-1278,72,0.61,8,1,0,0
S-13785,U-4785,P-1741,288,0.26,2,1,0,0
S-13786,U-4786,P-1708,77,0.84,1,0,0,0
S-13787,U-4787,P-1875,221,0.2,0,1,0,0
S-13788,U-4788,P-1055,135,0.9,5,0,0,0
S-13789,U-4789,P-1220,3,0.32,6,1,0,0
S-13790,U-4790,P-1986,240,0.14,4,0,0,0
S-13791,U-4791,P-1173,29,0.33,3,0,1,0
S-13792,U-4792,P-1495,54,0.25,8,0,0,0
S-13793,U-4793,P-1932,207,0.18,4,0,0,0
S-13794,U-4794,P-1942,93,0.77,7,1,0,0
S-13795,U-4795,P-1617,140,0.79,3,0,0,0
S-13796,U-4796,P-1039,181,0.72,9,0,0,0
S-13797,U-4797,P-1052,36,0.87,2,1,0,0
S-13798,U-4798,P-1309,171,0.18,2,1,0,0
S-13799,U-4799,P-1929,192,0.31,3,0,1,0
S-13800,U-4800,P-1347,85,0.66,3,1,1,1
S-13801,U-4801,P-1005,2,0.73,0,1,0,0
S-13802,U-4802,P-1648,2,0.83,8,1,0,0
S-13803,U-4803,P-1945,65,0.78,0,1,1,1
S-13804,U-4804,P-1482,28,0.72,8,0,1,0
S-13805,U-4805,P-1545,148,0.48,7,1,1,1
S-13806,U-4806,P-1671,228,0.9,7,1,0,0
S-13807,U-4807,P-1322,228,0.38,9,0,0,0
S-13808,U-4808,P-1010,1,0.9,4,1,0,0
S-13809,U-4809,P-1844,5,0.48,3,0,0,0
S-13810,U-4810,P-1565,184,0.41,8,1,0,0
S-13811,U-4811,P-1796,293,0.51,5,0,0,0
S-13812,U-4812,P-1328,51,0.46,7,1,0,0
S-13813,U-4813,P-1623,272,0.78,3,1,0,0
S-13814,U-4814,P-1093,98,0.83,5,1,0,0
S-13815,U-4815,P-1458,97,0.37,6,1,0,0
S-13816,U-4816,P-1406,204,0.79,7,1,0,0
S-13817,U-4817,P-1285,164,0.42,1,1,0,0
S-13818,U-4818,P-1757,38,0.78,7,0,0,0
S-13819,U-4819,P-1395,150,0.24,0,0,0,0
S-13820,U-4820,P-1775,70,0.26,3,1,0,0
S-13821,U-4821,P-1410,177,0.13,3,0,0,0
S-13822,U-4822,P-1909,39,0.44,9,0,0,0
S-13823,U-4823,P-1642,69,0.26,2,0,0,0
S-13824,U-4824,P-1909,34,0.94,9,0,0,0
S-13825,U-4825,P-1707,17,0.65,8,0,0,0
S-13826,U-4826,P-1799,221,0.35,1,0,0,0
S-13827,U-4827,P-1638,69,0.99,3,1,0,0
S-13828,U-4828,P-1123,42,0.53,1,1,0,0
S-13829,U-4829,P-1916,84,0.48,3,0,0,0
S-13830,U-4830,P-1130,25,0.36,0,0,0,0
S-13831,U-4831,P-1628,263,0.92,4,1,0,0
S-13832,U-4832,P-1903,191,0.29,4,0,0,0
S-13833,U-4833,P-1009,217,0.67,4,1,0,0
S-13834,U-4834,P-1128,246,0.7,7,1,0,0
S-13835,U-4835,P-1260,1,0.86,7,0,0,0
S-13836,U-4836,P-1327,257,0.91,9,1,0,0
S-13837,U-4837,P-1185,5,0.92,3,0,0,0
S-13838,U-4838,P-1783,178,0.48,8,0,0,0
S-13839,U-4839,P-1403,241,0.87,9,1,0,0
S-13840,U-4840,P-1417,150,0.86,1,1,0,0
S-13841,U-4841,P-1507,43,0.22,2,0,0,0
S-13842,U-4842,P-1389,266,0.14,2,0,0,0
S-13843,U-4843,P-1487,62,0.37,8,0,0,0
S-13844,U-4844,P-1782,35,0.56,8,1,0,0
S-13845,U-4845,P-1894,76,0.6,1,0,0,0
S-13846,U-4846,P-1441,158,0.37,7,0,0,0
S-13847,U-4847,P-1905,268,0.58,9,1,0,0
S-13848,U-4848,P-1607,29,0.64,0,0,0,0
S-13849,U-4849,P-1960,30,0.2,6,0,1,0
S-13850,U-4850,P-1384,69,0.55,1,1,0,0
S-13851,U-4851,P-1979,257,0.74,4,0,1,1
S-13852,U-4852,P-1022,165,0.85,4,1,0,0
S-13853,U-4853,P-1719,261,0.4,2,1,0,0
S-13854,U-4854,P-1291,159,0.5,1,1,0,0
S-13855,U-4855,P-1505,216,0.6,5,1,0,0
S-13856,U-4856,P-1741,176,0.82,0,1,0,0
S-13857,U-4857,P-1771,23,0.44,6,1,0,0
S-13858,U-4858,P-1832,75,0.25,9,0,0,0
S-13859,U-4859,P-1534,196,0.65,3,1,0,0
S-13860,U-4860,P-1931,227,0.36,7,1,0,0
S-13861,U-4861,P-1355,206,0.46,6,0,0,0
S-13862,U-4862,P-1326,285,0.41,7,1,0,0
S-13863,U-4863,P-1254,252,0.52,3,1,0,0
S-13864,U-4864,P-1580,74,0.48,9,0,0,0
S-13865,U-4865,P-1130,221,0.48,8,1,0,0
S-13866,U-4866,P-1692,12,0.49,6,0,0,0
S-13867,U-4867,P-1197,57,0.58,7,0,0,0
S-13868,U-4868,P-1368,133,0.92,9,0,0,0
S-13869,U-4869,P-1189,164,0.46,6,1,0,0
S-13870,U-4870,P-1810,114,0.26,9,1,0,0
S-13871,U-4871,P-1770,299,0.41,8,1,0,0
S-13872,U-4872,P-1125,194,0.42,8,0,0,0
S-13873,U-4873,P-1418,274,0.53,6,1,0,0
S-13874,U-4874,P-1527,275,0.87,5,1,0,0
S-13875,U-4875,P-1238,246,0.47,2,1,0,0
S-13876,U-4876,P-1300,123,0.79,2,0,0,0
S-13877,U-4877,P-1416,289,0.63,8,0,0,0
S-13878,U-4878,P-1153,265,0.93,9,1,0,0
S-13879,U-4879,P-1864,186,0.31,6,0,0,0
S-13880,U-4880,P-1270,184,0.7,7,0,0,0
S-13881,U-4881,P-1122,8,0.2,8,1,0,0
S-13882,U-4882,P-1608,263,0.33,8,1,0,0
S-13883,U-4883,P-1315,261,0.35,7,1,0,0
S-13884,U-4884,P-1550,187,0.73,6,0,0,0
S-13885,U-4885,P-1787,164,0.27,5,0,0,0
S-13886,U-4886,P-1480,235,0.16,6,1,0,0
S-13887,U-4887,P-1681,170,0.19,4,1,0,0
S-13888,U-4888,P-1951,282,0.32,8,0,0,0
S-13889,U-4889,P-1084,95,0.89,9,0,0,0
S-13890,U-4890,P-1133,180,0.45,5,1,0,0
S-13891,U-4891,P-1572,90,0.73,3,0,1,0
S-13892,U-4892,P-1844,267,0.41,9,1,0,0
S-13893,U-4893,P-1859,296,0.7,3,0,1,0
S-13894,U-4894,P-1545,191,0.63,6,0,0,0
S-13895,U-4895,P-1328,113,0.75,6,0,0,0
S-13896,U-4896,P-1413,4,0.16,6,1,0,0
S-13897,U-4897,P-1797,126,0.38,0,1,0,0
S-13898,U-4898,P-1484,177,0.2,8,0,0,0
S-13899,U-4899,P-1302,56,0.79,4,0,0,0
S-13900,U-4900,P-1207,42,0.86,0,1,0,0
S-13901,U-4901,P-1716,52,0.81,4,0,0,0
S-13902,U-4902,P-1958,170,0.42,9,0,0,0
S-13903,U-4903,P-1317,257,0.6,4,1,0,0
S-13904,U-4904,P-1987,281,0.48,7,1,1,0
S-13905,U-4905,P-1529,155,0.19,7,0,0,0
S-13906,U-4906,P-1625,157,0.79,5,1,0,0
S-13907,U-4907,P-1655,202,0.95,0,1,0,0
S-13908,U-4908,P-1495,104,0.23,0,0,0,0
S-13909,U-4909,P-1732,21,0.73,9,1,0,0
S-13910,U-4910,P-1559,202,0.38,7,1,0,0
S-13911,U-4911,P-1294,275,0.81,4,1,0,0
S-13912,U-4912,P-1249,48,0.95,1,0,0,0
S-13913,U-4913,P-1283,161,0.82,8,1,0,0
S-13914,U-4914,P-1251,108,0.42,9,1,0,0
S-13915,U-4915,P-1073,191,0.69,0,0,0,0
S-13916,U-4916,P-1336,222,0.75,7,0,0,0
S-13917,U-4917,P-1499,228,0.92,1,1,0,0
S-13918,U-4918,P-1660,180,0.84,8,0,0,0
S-13919,U-4919,P-1274,195,0.73,2,1,0,0
S-13920,U-4920,P-1738,120,0.13,6,1,0,0
S-13921,U-4921,P-1594,65,0.93,5,0,1,0
S-13922,U-4922,P-1270,101,0.61,6,1,0,0
S-13923,U-4923,P-1311,248,0.16,7,0,0,0
S-13924,U-4924,P-1761,138,0.91,7,0,0,0
S-13925,U-4925,P-1963,292,0.15,8,1,0,0
S-13926,U-4926,P-1770,126,0.42,6,0,0,0
S-13927,U-4927,P-1803,4,0.33,1,1,0,0
S-13928,U-4928,P-1014,213,0.84,9,0,0,0
S-13929,U-4929,P-1158,201,0.17,2,1,0,0
S-13930,U-4930,P-1850,263,0.88,0,1,0,0
S-13931,U-4931,P-1547,75,0.26,9,0,0,0
S-13932,U-4932,P-1478,168,0.57,3,0,0,0
S-13933,U-4933,P-1460,180,0.96,9,0,0,0
S-13934,U-4934,P-1496,182,0.89,8,0,0,0
S-13935,U-4935,P-1499,116,0.88,5,1,0,0
S-13936,U-4936,P-1197,161,0.46,3,1,0,0
S-13937,U-4937,P-1172,261,0.42,3,1,0,0
S-13938,U-4938,P-1629,295,0.41,1,0,0,0
S-13939,U-4939,P-1879,132,0.17,1,0,0,0
S-13940,U-4940,P-1755,167,0.61,9,0,0,0
S-13941,U-4941,P-1891,282,0.1,8,0,0,0
S-13942,U-4942,P-1402,105,0.13,9,1,0,0
S-13943,U-4943,P-1550,128,0.26,1,0,0,0
S-13944,U-4944,P-1716,34,0.85,7,1,0,0
S-13945,U-4945,P-1539,87,0.79,1,1,0,0
S-13946,U-4946,P-1983,295,0.45,2,1,0,0
S-13947,U-4947,P-1794,6,0.64,4,1,0,0
S-13948,U-4948,P-1370,153,0.38,4,0,0,0
S-13949,U-4949,P-1679,94,0.41,4,0,0,0
S-13950,U-4950,P-1325,166,0.95,0,0,1,1
S-13951,U-4951,P-1796,71,0.82,4,1,0,0
S-13952,U-4952,P-1178,92,0.13,2,0,0,0
S-13953,U-4953,P-1241,115,0.21,2,1,0,0
S-13954,U-4954,P-1355,207,0.64,2,0,0,0
S-13955,U-4955,P-1847,115,0.36,9,1,0,0
S-13956,U-4956,P-1559,179,0.66,9,0,0,0
S-13957,U-4957,P-1565,192,0.46,0,0,0,0
S-13958,U-4958,P-1871,182,0.6,3,0,0,0
S-13959,U-4959,P-1296,286,0.73,9,0,0,0
S-13960,U-4960,P-1652,158,0.58,2,1,0,0
S-13961,U-4961,P-1460,216,0.52,2,1,0,0
S-13962,U-4962,P-1769,14,0.47,5,0,0,0
S-13963,U-4963,P-1952,85,0.89,2,0,0,0
S-13964,U-4964,P-1914,290,0.36,6,0,0,0
S-13965,U-4965,P-1567,90,0.61,3,1,0,0
S-13966,U-4966,P-1318,87,0.98,5,1,0,0
S-13967,U-4967,P-1636,165,0.44,4,1,0,0
S-13968,U-4968,P-1936,61,0.92,2,1,0,0
S-13969,U-4969,P-1099,39,0.23,8,1,0,0
S-13970,U-4970,P-1967,268,0.12,6,1,0,0
S-13971,U-4971,P-1090,53,0.97,5,0,0,0
S-13972,U-4972,P-1259,35,0.9,6,0,0,0
S-13973,U-4973,P-1668,103,0.54,9,0,0,0
S-13974,U-4974,P-1899,45,0.97,5,1,0,0
S-13975,U-4975,P-1690,179,0.24,1,0,0,0
S-13976,U-4976,P-1239,211,0.27,1,0,0,0
S-13977,U-4977,P-1268,88,0.45,7,0,0,0
S-13978,U-4978,P-1419,34,0.61,1,0,0,0
S-13979,U-4979,P-1585,249,0.36,0,1,0,0
S-13980,U-4980,P-1368,63,0.51,1,0,0,0
S-13981,U-4981,P-1704,65,0.82,6,0,0,0
S-13982,U-4982,P-1291,197,0.25,4,0,0,0
S-13983,U-4983,P-1574,73,0.68,6,1,0,0
S-13984,U-4984,P-1632,80,0.8,3,1,0,0
S-13985,U-4985,P-1938,197,0.89,2,1,0,0
S-13986,U-4986,P-1980,40,0.34,2,0,0,0
S-13987,U-4987,P-1971,130,0.68,6,1,0,0
S-13988,U-4988,P-1550,81,0.64,7,0,0,0
S-13989,U-4989,P-1572,235,0.35,9,0,1,1
S-13990,U-4990,P-1402,254,0.63,7,1,0,0
S-13991,U-4991,P-1370,105,0.16,2,0,0,0
S-13992,U-4992,P-1370,257,0.96,6,1,0,0
S-13993,U-4993,P-1345,278,0.11,5,0,0,0
S-13994,U-4994,P-1581,44,0.4,4,1,0,0
S-13995,U-4995,P-1243,79,0.72,9,0,0,0
S-13996,U-4996,P-1160,135,0.11,9,0,1,1
S-13997,U-4997,P-1135,30,0.79,0,1,0,0
S-13998,U-4998,P-1245,192,0.29,3,1,0,0
S-13999,U-4999,P-1972,133,0.77,6,0,0,0
S-14000,U-5000,P-1080,28,0.31,2,0,0,0
S-14001,U-5001,P-1785,22,0.6,7,1,0,0
S-14002,U-5002,P-1856,8,0.25,0,1,0,0
S-14003,U-5003,P-1170,149,0.14,4,1,0,0
S-14004,U-5004,P-1265,290,0.15,4,0,0,0
S-14005,U-5005,P-1170,223,0.74,9,1,0,0
S-14006,U-5006,P-1809,78,0.25,4,0,0,0
S-14007,U-5007,P-1735,123,0.91,0,0,0,0
S-14008,U-5008,P-1041,182,0.36,1,1,0,0
S-14009,U-5009,P-1504,234,0.26,7,0,0,0
S-14010,U-5010,P-1288,284,0.62,7,0,0,0
S-14011,U-5011,P-1782,27,0.36,9,1,1,1
S-14012,U-5012,P-1316,243,0.71,5,0,0,0
S-14013,U-5013,P-1382,250,0.1,1,0,0,0
S-14014,U-5014,P-1968,201,0.42,6,0,0,0
S-14015,U-5015,P-1273,56,0.89,3,1,0,0
S-14016,U-5016,P-1764,121,0.15,0,0,0,0
S-14017,U-5017,P-1331,136,0.12,4,0,0,0
S-14018,U-5018,P-1999,166,0.16,0,0,0,0
S-14019,U-5019,P-1162,51,0.72,5,0,0,0
S-14020,U-5020,P-1962,104,0.31,2,1,0,0
S-14021,U-5021,P-1060,104,0.47,1,1,0,0
S-14022,U-5022,P-1306,4,0.22,5,1,0,0
S-14023,U-5023,P-1298,231,0.83,0,0,0,0
S-14024,U-5024,P-1401,36,0.52,5,0,0,0
S-14025,U-5025,P-1576,163,0.5,3,1,0,0
S-14026,U-5026,P-1610,58,0.43,5,0,0,0
S-14027,U-5027,P-1281,17,0.3,1,0,0,0
S-14028,U-5028,P-1685,85,0.46,7,1,0,0
S-14029,U-5029,P-1830,105,0.33,7,0,1,1
S-14030,U-5030,P-1675,136,0.65,5,1,0,0
S-14031,U-5031,P-1542,156,0.21,3,0,0,0
S-14032,U-5032,P-1687,141,0.41,9,1,0,0
S-14033,U-5033,P-1001,95,0.8,2,1,0,0
S-14034,U-5034,P-1685,159,0.57,5,1,0,0
S-14035,U-5035,P-1221,270,0.19,9,1,0,0
S-14036,U-5036,P-1985,44,0.26,3,1,0,0
S-14037,U-5037,P-1753,90,0.22,2,1,0,0
S-14038,U-5038,P-1652,155,0.12,5,1,0,0
S-14039,U-5039,P-1347,101,0.55,5,0,0,0
S-14040,U-5040,P-1374,211,0.92,1,1,0,0
S-14041,U-5041,P-1169,241,0.32,1,0,0,0
S-14042,U-5042,P-1864,195,0.56,2,0,0,0
S-14043,U-5043,P-1333,287,0.84,5,0,0,0
S-14044,U-5044,P-1908,267,0.45,3,1,0,0
S-14045,U-5045,P-1509,57,0.26,3,1,0,0
S-14046,U-5046,P-1242,270,0.64,0,0,0,0
S-14047,U-5047,P-1879,97,0.23,1,1,0,0
S-14048,U-5048,P-1511,38,0.48,4,1,0,0
S-14049,U-5049,P-1014,241,0.96,8,0,0,0
S-14050,U-5050,P-1159,222,0.73,4,0,0,0
S-14051,U-5051,P-1947,75,0.41,7,1,0,0
S-14052,U-5052,P-1554,259,0.96,2,1,0,0
S-14053,U-5053,P-1868,226,0.23,1,1,0,0
S-14054,U-5054,P-1358,85,0.57,5,1,0,0
S-14055,U-5055,P-1444,91,0.17,6,1,0,0
S-14056,U-5056,P-1243,210,0.29,9,1,0,0
S-14057,U-5057,P-1601,290,0.9,6,0,0,0
S-14058,U-5058,P-1019,271,0.47,0,0,0,0
S-14059,U-5059,P-1207,242,0.95,5,1,0,0
S-14060,U-5060,P-1439,248,0.38,1,1,0,0
S-14061,U-5061,P-1063,110,0.37,5,1,0,0
S-14062,U-5062,P-1092,7,0.23,0,0,0,0
S-14063,U-5063,P-1133,128,0.88,6,0,0,0
S-14064,U-5064,P-1867,253,0.62,9,1,0,0
S-14065,U-5065,P-1144,5,0.24,7,0,0,0
S-14066,U-5066,P-1777,73,0.61,7,0,0,0
S-14067,U-5067,P-1201,96,0.62,9,0,0,0
S-14068,U-5068,P-1985,227,0.62,1,1,1,1
S-14069,U-5069,P-1847,193,0.41,8,0,0,0
S-14070,U-5070,P-1144,16,0.25,1,1,0,0
S-14071,U-5071,P-1687,257,0.17,8,0,1,1
S-14072,U-5072,P-1236,169,0.14,9,0,1,1
S-14073,U-5073,P-1639,94,0.83,3,0,1,1
S-14074,U-5074,P-1392,263,0.54,1,0,0,0
S-14075,U-5075,P-1746,20,0.23,0,1,0,0
S-14076,U-5076,P-1435,237,0.47,4,1,0,0
S-14077,U-5077,P-1174,73,0.73,8,1,0,0
S-14078,U-5078,P-1675,108,0.48,2,1,0,0
S-14079,U-5079,P-1115,215,0.36,9,0,0,0
S-14080,U-5080,P-1575,79,0.61,2,0,0,0
S-14081,U-5081,P-1510,269,0.94,5,1,0,0
S-14082,U-5082,P-1667,69,0.89,3,1,0,0
S-14083,U-5083,P-1312,235,0.59,2,1,0,0
S-14084,U-5084,P-1165,221,0.81,2,0,0,0
S-14085,U-5085,P-1676,88,0.72,1,0,0,0
S-14086,U-5086,P-1571,51,0.27,8,1,0,0
S-14087,U-5087,P-1835,197,0.26,1,1,0,0
S-14088,U-5088,P-1464,190,0.83,6,0,0,0
S-14089,U-5089,P-1126,32,0.87,7,1,1,1
S-14090,U-5090,P-1315,108,0.35,6,1,0,0
S-14091,U-5091,P-1287,144,0.36,9,0,0,0
S-14092,U-5092,P-1514,284,0.52,4,0,0,0
S-14093,U-5093,P-1018,8,0.65,0,0,0,0
S-14094,U-5094,P-1084,79,0.19,3,0,0,0
S-14095,U-5095,P-1131,277,0.6,6,1,0,0
S-14096,U-5096,P-1876,72,0.33,9,0,0,0
S-14097,U-5097,P-1157,181,0.15,2,0,0,0
S-14098,U-5098,P-1246,212,0.95,9,1,0,0
S-14099,U-5099,P-1420,9,0.28,6,0,0,0
S-14100,U-5100,P-1491,291,0.66,7,1,0,0
S-14101,U-5101,P-1357,232,0.75,2,0,0,0
S-14102,U-5102,P-1747,201,0.15,0,1,0,0
S-14103,U-5103,P-1482,152,0.75,8,0,0,0
S-14104,U-5104,P-1668,229,0.32,7,1,0,0
S-14105,U-5105,P-1222,293,0.89,2,0,0,0
S-14106,U-5106,P-1180,116,0.8,9,1,0,0
S-14107,U-5107,P-1560,238,0.39,4,0,0,0
S-14108,U-5108,P-1501,188,0.28,9,0,0,0
S-14109,U-5109,P-1822,19,0.68,9,1,0,0
S-14110,U-5110,P-1823,91,0.65,8,1,1,0
S-14111,U-5111,P-1833,55,0.72,1,1,0,0
S-14112,U-5112,P-1113,223,0.19,7,0,0,0
S-14113,U-5113,P-1143,279,0.15,7,0,0,0
S-14114,U-5114,P-1441,267,0.3,7,0,0,0
S-14115,U-5115,P-1013,212,0.8,9,0,0,0
S-14116,U-5116,P-1980,73,0.54,4,1,0,0
S-14117,U-5117,P-1264,4,0.72,2,0,0,0
S-14118,U-5118,P-1168,3,0.16,0,1,0,0
S-14119,U-5119,P-1787,188,0.2,6,0,0,0
S-14120,U-5120,P-1282,53,0.74,7,0,0,0
S-14121,U-5121,P-1628,264,0.46,2,0,0,0
S-14122,U-5122,P-1894,280,0.72,1,1,0,0
S-14123,U-5123,P-1426,119,0.55,2,0,0,0
S-14124,U-5124,P-1565,163,0.59,0,0,0,0
S-14125,U-5125,P-1160,275,0.81,7,1,0,0
S-14126,U-5126,P-1223,235,0.27,3,0,0,0
S-14127,U-5127,P-1958,187,0.81,8,1,0,0
S-14128,U-5128,P-1234,292,0.53,4,1,0,0
S-14129,U-5129,P-1922,163,0.18,2,0,0,0
S-14130,U-5130,P-1919,240,0.18,7,1,0,0
S-14131,U-5131,P-1888,101,0.74,7,0,1,1
S-14132,U-5132,P-1872,34,0.82,7,0,0,0
S-14133,U-5133,P-1722,125,0.82,6,0,0,0
S-14134,U-5134,P-1707,252,0.35,9,1,0,0
S-14135,U-5135,P-1785,276,0.72,7,1,0,0
S-14136,U-5136,P-1829,172,0.78,3,1,0,0
S-14137,U-5137,P-1323,133,0.57,2,0,0,0
S-14138,U-5138,P-1356,268,0.93,1,0,0,0
S-14139,U-5139,P-1439,167,0.69,0,0,0,0
S-14140,U-5140,P-1466,250,0.37,3,0,0,0
S-14141,U-5141,P-1433,178,0.5,1,0,0,0
S-14142,U-5142,P-1147,174,0.26,0,0,0,0
S-14143,U-5143,P-1769,36,0.6,9,0,0,0
S-14144,U-5144,P-1959,91,0.5,9,1,0,0
S-14145,U-5145,P-1177,269,0.46,4,1,0,0
S-14146,U-5146,P-1358,201,0.98,5,1,0,0
S-14147,U-5147,P-1358,192,0.77,0,1,0,0
S-14148,U-5148,P-1554,193,0.49,7,0,0,0
S-14149,U-5149,P-1896,268,0.63,2,0,0,0
S-14150,U-5150,P-1000,112,0.25,7,1,0,0
S-14151,U-5151,P-1710,171,0.64,7,1,0,0
S-14152,U-5152,P-1377,196,0.86,5,0,0,0
S-14153,U-5153,P-1081,243,0.61,3,0,0,0
S-14154,U-5154,P-1411,136,0.26,9,1,0,0
S-14155,U-5155,P-1627,133,0.45,5,0,1,1
S-14156,U-5156,P-1444,214,0.62,0,0,0,0
S-14157,U-5157,P-1206,13,0.56,8,0,0,0
S-14158,U-5158,P-1544,292,0.57,8,1,0,0
S-14159,U-5159,P-1039,119,0.83,9,0,0,0
S-14160,U-5160,P-1402,65,0.47,4,0,0,0
S-14161,U-5161,P-1801,17,0.11,8,0,0,0
S-14162,U-5162,P-1430,14,0.6,1,0,0,0
S-14163,U-5163,P-1384,200,0.54,6,1,0,0
S-14164,U-5164,P-1634,175,0.68,6,0,0,0
S-14165,U-5165,P-1028,73,0.98,3,0,0,0
S-14166,U-5166,P-1918,242,0.31,0,1,0,0
S-14167,U-5167,P-1761,108,0.67,4,1,0,0
S-14168,U-5168,P-1803,1,0.17,6,0,0,0
S-14169,U-5169,P-1413,5,0.21,1,1,0,0
S-14170,U-5170,P-1416,51,0.97,9,0,0,0
S-14171,U-5171,P-1261,19,0.29,4,0,0,0
S-14172,U-5172,P-1491,281,0.9,5,0,0,0
S-14173,U-5173,P-1710,206,0.28,3,0,0,0
S-14174,U-5174,P-1108,45,0.68,3,0,0,0
S-14175,U-5175,P-1554,146,0.96,9,0,0,0
S-14176,U-5176,P-1355,71,0.58,7,0,0,0
S-14177,U-5177,P-1980,17,0.25,1,1,0,0
S-14178,U-5178,P-1149,4,0.6,6,0,0,0
S-14179,U-5179,P-1721,58,0.68,7,0,0,0
S-14180,U-5180,P-1906,57,0.22,6,1,0,0
S-14181,U-5181,P-1404,228,0.32,8,1,1,0
S-14182,U-5182,P-1353,130,0.3,5,1,0,0
S-14183,U-5183,P-1239,132,0.78,1,1,0,0
S-14184,U-5184,P-1588,144,0.93,9,1,1,0
S-14185,U-5185,P-1697,277,0.5,2,1,0,0
S-14186,U-5186,P-1506,130,0.87,1,0,0,0
S-14187,U-5187,P-1887,50,0.43,6,1,0,0
S-14188,U-5188,P-1251,106,0.2,6,1,0,0
S-14189,U-5189,P-1328,293,0.24,2,0,0,0
S-14190,U-5190,P-1822,182,0.64,8,0,0,0
S-14191,U-5191,P-1587,237,0.75,4,0,0,0
S-14192,U-5192,P-1490,179,0.59,6,1,0,0
S-14193,U-5193,P-1559,132,0.78,1,1,0,0
S-14194,U-5194,P-1156,55,0.38,9,1,0,0
S-14195,U-5195,P-1108,247,0.31,3,0,1,0
S-14196,U-5196,P-1597,46,0.19,6,1,0,0
S-14197,U-5197,P-1224,31,0.62,5,0,0,0
S-14198,U-5198,P-1668,111,0.33,3,1,0,0
S-14199,U-5199,P-1729,219,0.16,7,1,0,0
S-14200,U-5200,P-1259,202,0.77,5,1,0,0
S-14201,U-5201,P-1142,103,0.12,4,0,0,0
S-14202,U-5202,P-1839,196,0.53,4,0,0,0
S-14203,U-5203,P-1009,38,0.31,5,0,0,0
S-14204,U-5204,P-1595,157,0.5,4,1,0,0
S-14205,U-5205,P-1666,71,0.76,5,1,0,0
S-14206,U-5206,P-1174,21,0.15,7,0,1,0
S-14207,U-5207,P-1745,156,0.82,3,0,0,0
S-14208,U-5208,P-1273,147,0.27,2,1,0,0
S-14209,U-5209,P-1218,261,0.67,9,0,0,0
S-14210,U-5210,P-1396,78,0.73,2,0,0,0
S-14211,U-5211,P-1208,20,0.8,8,1,0,0
S-14212,U-5212,P-1919,261,0.78,3,0,0,0
S-14213,U-5213,P-1601,275,0.48,4,1,0,0
S-14214,U-5214,P-1479,212,0.23,7,1,0,0
S-14215,U-5215,P-1272,212,0.24,6,0,1,1
S-14216,U-5216,P-1535,36,0.15,3,0,0,0
S-14217,U-5217,P-1821,165,0.31,0,1,0,0
S-14218,U-5218,P-1725,291,0.68,5,1,0,0
S-14219,U-5219,P-1345,140,0.4,1,1,0,0
S-14220,U-5220,P-1106,124,0.7,4,1,0,0
S-14221,U-5221,P-1319,182,0.4,8,0,0,0
S-14222,U-5222,P-1142,25,0.15,6,1,0,0
S-14223,U-5223,P-1844,146,0.55,0,0,0,0
S-14224,U-5224,P-1069,46,0.8,9,1,0,0
S-14225,U-5225,P-1915,132,0.9,8,1,0,0
S-14226,U-5226,P-1837,41,0.38,9,1,0,0
S-14227,U-5227,P-1891,150,0.19,4,1,0,0
S-14228,U-5228,P-1284,221,0.18,7,0,0,0
S-14229,U-5229,P-1713,145,0.16,1,0,0,0
S-14230,U-5230,P-1930,12,0.57,2,1,0,0
S-14231,U-5231,P-1349,73,0.6,1,1,0,0
S-14232,U-5232,P-1962,228,0.34,8,0,0,0
S-14233,U-5233,P-1242,5,0.62,0,1,0,0
S-14234,U-5234,P-1248,293,0.7,0,1,0,0
S-14235,U-5235,P-1193,28,0.91,3,0,0,0
S-14236,U-5236,P-1408,184,0.28,5,1,0,0
S-14237,U-5237,P-1833,107,0.94,4,1,0,0
S-14238,U-5238,P-1506,171,0.67,9,0,1,1
S-14239,U-5239,P-1018,76,0.85,9,0,0,0
S-14240,U-5240,P-1033,50,0.31,8,0,0,0
S-14241,U-5241,P-1201,20,0.73,8,1,0,0
S-14242,U-5242,P-1153,223,0.92,0,0,0,0
S-14243,U-5243,P-1713,87,0.15,6,1,1,0
S-14244,U-5244,P-1479,209,0.2,8,0,0,0
S-14245,U-5245,P-1419,178,0.14,3,1,0,0
S-14246,U-5246,P-1012,73,0.31,5,0,0,0
S-14247,U-5247,P-1634,126,0.74,4,1,0,0
S-14248,U-5248,P-1106,282,0.47,5,1,1,0
S-14249,U-5249,P-1269,73,0.49,2,1,0,0
S-14250,U-5250,P-1868,136,0.59,9,1,0,0
S-14251,U-5251,P-1491,224,0.13,1,0,0,0
S-14252,U-5252,P-1640,100,0.4,0,0,1,0
S-14253,U-5253,P-1315,162,0.19,9,1,0,0
S-14254,U-5254,P-1299,129,0.55,4,0,0,0
S-14255,U-5255,P-1021,258,0.76,4,0,0,0
S-14256,U-5256,P-1664,284,0.65,1,1,0,0
S-14257,U-5257,P-1321,122,0.24,5,0,0,0
S-14258,U-5258,P-1912,64,0.21,1,0,0,0
S-14259,U-5259,P-1144,52,0.98,8,0,0,0
S-14260,U-5260,P-1568,48,0.33,9,1,0,0
S-14261,U-5261,P-1316,89,0.56,2,0,0,0
S-14262,U-5262,P-1552,268,0.46,8,0,0,0
S-14263,U-5263,P-1280,230,0.65,1,0,0,0
S-14264,U-5264,P-1239,10,0.57,1,0,0,0
S-14265,U-5265,P-1805,7,0.57,4,1,0,0
S-14266,U-5266,P-1816,168,0.1,6,0,0,0
S-14267,U-5267,P-1156,171,0.42,1,0,0,0
S-14268,U-5268,P-1885,148,0.25,0,0,0,0
S-14269,U-5269,P-1836,90,0.61,2,1,0,0
S-14270,U-5270,P-1387,119,0.17,4,0,0,0
S-14271,U-5271,P-1814,140,0.15,8,0,1,1
S-14272,U-5272,P-1764,123,0.68,2,0,0,0
S-14273,U-5273,P-1908,148,0.53,6,0,0,0
S-14274,U-5274,P-1007,287,1.0,5,0,0,0
S-14275,U-5275,P-1645,289,0.4,4,0,0,0
S-14276,U-5276,P-1484,61,0.82,5,0,0,0
S-14277,U-5277,P-1678,100,0.72,2,1,0,0
S-14278,U-5278,P-1644,270,0.42,2,0,0,0
S-14279,U-5279,P-1469,232,0.49,3,0,0,0
S-14280,U-5280,P-1136,227,0.71,6,0,0,0
S-14281,U-5281,P-1662,246,0.37,3,0,0,0
S-14282,U-5282,P-1164,55,0.21,2,1,0,0
S-14283,U-5283,P-1992,1,0.95,4,1,0,0
S-14284,U-5284,P-1723,256,0.48,2,0,0,0
S-14285,U-5285,P-1191,9,0.23,4,0,0,0
S-14286,U-5286,P-1065,184,0.89,7,0,0,0
S-14287,U-5287,P-1383,109,0.12,4,0,0,0
S-14288,U-5288,P-1808,121,0.98,5,1,0,0
S-14289,U-5289,P-1185,228,0.97,4,0,0,0
S-14290,U-5290,P-1425,261,0.47,7,0,0,0
S-14291,U-5291,P-1207,70,0.43,0,1,0,0
S-14292,U-5292,P-1546,297,0.18,3,1,0,0
S-14293,U-5293,P-1822,184,0.43,1,1,0,0
S-14294,U-5294,P-1423,31,0.51,9,1,0,0
S-14295,U-5295,P-1618,283,0.8,1,1,0,0
S-14296,U-5296,P-1996,149,0.62,3,0,0,0
S-14297,U-5297,P-1325,67,0.22,5,0,0,0
S-14298,U-5298,P-1368,185,0.65,2,1,0,0
S-14299,U-5299,P-1077,123,0.67,4,1,0,0
S-14300,U-5300,P-1611,232,0.55,7,0,0,0
S-14301,U-5301,P-1401,267,0.51,2,1,0,0
S-14302,U-5302,P-1984,5,0.2,1,0,0,0
S-14303,U-5303,P-1795,188,0.51,6,0,0,0
S-14304,U-5304,P-1027,25,0.15,8,0,0,0
S-14305,U-5305,P-1004,199,0.24,4,0,0,0
S-14306,U-5306,P-1163,20,0.36,5,0,0,0
S-14307,U-5307,P-1338,13,0.25,6,0,0,0
S-14308,U-5308,P-1543,120,0.24,0,1,0,0
S-14309,U-5309,P-1020,279,0.92,5,0,0,0
S-14310,U-5310,P-1159,131,0.54,3,0,0,0
S-14311,U-5311,P-1589,174,0.49,3,0,0,0
S-14312,U-5312,P-1052,226,0.35,1,1,0,0
S-14313,U-5313,P-1094,211,0.32,4,0,0,0
S-14314,U-5314,P-1227,166,0.57,5,0,0,0
S-14315,U-5315,P-1409,213,0.8,7,0,0,0
S-14316,U-5316,P-1777,271,0.55,7,1,0,0
S-14317,U-5317,P-1764,30,0.19,5,1,0,0
S-14318,U-5318,P-1383,195,0.39,7,1,0,0
S-14319,U-5319,P-1215,116,0.75,0,0,0,0
S-14320,U-5320,P-1544,180,0.57,1,0,0,0
S-14321,U-5321,P-1393,9,0.57,0,1,0,0
S-14322,U-5322,P-1950,258,0.12,3,0,0,0
S-14323,U-5323,P-1351,26,0.64,0,0,0,0
S-14324,U-5324,P-1934,161,0.52,6,1,0,0
S-14325,U-5325,P-1169,210,0.51,3,0,0,0
S-14326,U-5326,P-1420,231,0.46,7,1,0,0
S-14327,U-5327,P-1884,276,0.44,0,1,1,0
S-14328,U-5328,P-1538,73,0.15,3,0,0,0
S-14329,U-5329,P-1346,164,0.86,6,1,0,0
S-14330,U-5330,P-1637,253,0.47,3,1,0,0
S-14331,U-5331,P-1997,21,0.9,7,1,0,0
S-14332,U-5332,P-1114,56,0.96,1,0,0,0
S-14333,U-5333,P-1791,47,0.96,9,1,0,0
S-14334,U-5334,P-1848,55,0.9,2,0,0,0
S-14335,U-5335,P-1987,7,0.27,5,0,1,0
S-14336,U-5336,P-1054,53,0.85,6,1,0,0
S-14337,U-5337,P-1185,107,0.48,8,1,0,0
S-14338,U-5338,P-1628,154,0.32,4,0,0,0
S-14339,U-5339,P-1956,102,0.35,9,0,0,0
S-14340,U-5340,P-1409,181,0.52,1,0,0,0
S-14341,U-5341,P-1208,48,0.84,1,0,0,0
S-14342,U-5342,P-1646,208,0.43,3,1,0,0
S-14343,U-5343,P-1897,93,0.66,1,1,0,0
S-14344,U-5344,P-1302,122,0.86,1,1,0,0
S-14345,U-5345,P-1050,219,0.85,6,0,0,0
S-14346,U-5346,P-1308,4,0.57,9,1,0,0
S-14347,U-5347,P-1815,21,0.83,0,1,0,0
S-14348,U-5348,P-1186,36,0.69,3,1,0,0
S-14349,U-5349,P-1422,273,0.44,5,1,0,0
S-14350,U-5350,P-1265,100,0.92,2,1,0,0
S-14351,U-5351,P-1074,140,0.7,4,1,0,0
S-14352,U-5352,P-1855,203,0.14,7,0,0,0
S-14353,U-5353,P-1283,191,0.82,6,1,0,0
S-14354,U-5354,P-1583,248,0.67,9,0,1,1
S-14355,U-5355,P-1734,16,0.62,4,0,0,0
S-14356,U-5356,P-1616,100,0.44,1,1,0,0
S-14357,U-5357,P-1825,48,0.73,7,1,0,0
S-14358,U-5358,P-1538,176,0.66,6,1,0,0
S-14359,U-5359,P-1110,118,0.69,8,0,0,0
S-14360,U-5360,P-1028,88,0.37,2,0,0,0
S-14361,U-5361,P-1100,145,0.84,2,0,0,0
S-14362,U-5362,P-1415,65,0.2,6,1,0,0
S-14363,U-5363,P-1050,152,0.73,9,0,0,0
S-14364,U-5364,P-1986,200,0.77,3,0,1,1
S-14365,U-5365,P-1595,115,0.43,0,1,0,0
S-14366,U-5366,P-1470,17,0.16,4,0,0,0
S-14367,U-5367,P-1629,157,0.21,3,0,0,0
S-14368,U-5368,P-1936,58,0.56,1,0,0,0
S-14369,U-5369,P-1518,4,0.68,3,1,0,0
S-14370,U-5370,P-1205,195,0.34,1,1,0,0
S-14371,U-5371,P-1670,3,0.48,8,0,0,0
S-14372,U-5372,P-1941,22,0.78,2,1,0,0
S-14373,U-5373,P-1206,227,0.98,3,0,0,0
S-14374,U-5374,P-1894,210,0.28,6,0,0,0
S-14375,U-5375,P-1452,246,0.51,9,1,0,0
S-14376,U-5376,P-1599,289,0.25,7,0,1,0
S-14377,U-5377,P-1267,6,0.36,3,1,0,0
S-14378,U-5378,P-1748,94,0.83,7,0,0,0
S-14379,U-5379,P-1119,214,0.47,0,1,1,1
S-14380,U-5380,P-1796,110,0.4,4,1,0,0
S-14381,U-5381,P-1057,148,0.46,5,0,0,0
S-14382,U-5382,P-1400,285,0.43,8,0,0,0
S-14383,U-5383,P-1984,120,0.85,6,1,0,0
S-14384,U-5384,P-1313,164,0.5,6,1,0,0
S-14385,U-5385,P-1102,265,0.78,7,1,0,0
S-14386,U-5386,P-1474,12,0.65,6,0,0,0
S-14387,U-5387,P-1515,19,0.54,6,1,0,0
S-14388,U-5388,P-1250,168,0.35,3,1,0,0
S-14389,U-5389,P-1511,121,0.64,5,0,0,0
S-14390,U-5390,P-1411,266,0.22,8,0,0,0
S-14391,U-5391,P-1224,66,0.76,1,1,0,0
S-14392,U-5392,P-1477,72,0.85,7,0,0,0
S-14393,U-5393,P-1893,237,0.14,2,1,0,0
S-14394,U-5394,P-1065,61,0.7,9,0,0,0
S-14395,U-5395,P-1415,161,0.91,6,0,0,0
S-14396,U-5396,P-1299,69,0.11,1,1,1,0
S-14397,U-5397,P-1153,166,0.9,6,0,0,0
S-14398,U-5398,P-1938,60,0.14,4,0,0,0
S-14399,U-5399,P-1165,91,0.57,8,0,0,0
S-14400,U-5400,P-1769,126,0.76,7,0,0,0
S-14401,U-5401,P-1858,292,0.11,6,1,0,0
S-14402,U-5402,P-1516,261,0.69,2,0,0,0
S-14403,U-5403,P-1042,244,0.98,2,1,0,0
S-14404,U-5404,P-1212,2,0.58,0,1,0,0
S-14405,U-5405,P-1928,180,0.32,4,1,0,0
S-14406,U-5406,P-1083,278,0.38,9,1,0,0
S-14407,U-5407,P-1465,248,0.68,7,0,0,0
S-14408,U-5408,P-1413,2,0.68,2,0,0,0
S-14409,U-5409,P-1381,37,0.87,2,0,0,0
S-14410,U-5410,P-1369,31,0.74,1,1,0,0
S-14411,U-5411,P-1088,272,0.93,1,1,0,0
S-14412,U-5412,P-1181,225,0.41,8,0,0,0
S-14413,U-5413,P-1384,126,0.91,5,1,1,1
S-14414,U-5414,P-1006,24,0.84,2,0,0,0
S-14415,U-5415,P-1188,3,0.94,1,0,0,0
S-14416,U-5416,P-1371,137,0.96,8,1,0,0
S-14417,U-5417,P-1849,148,0.88,3,1,0,0
S-14418,U-5418,P-1710,7,0.67,3,0,0,0
S-14419,U-5419,P-1188,1,0.22,9,0,0,0
S-14420,U-5420,P-1386,238,0.71,1,0,0,0
S-14421,U-5421,P-1649,260,0.17,6,1,0,0
S-14422,U-5422,P-1354,5,0.75,1,1,0,0
S-14423,U-5423,P-1257,83,0.66,6,0,0,0
S-14424,U-5424,P-1116,156,0.34,8,0,0,0
S-14425,U-5425,P-1094,99,0.58,4,0,0,0
S-14426,U-5426,P-1131,219,0.98,3,1,0,0
S-14427,U-5427,P-1646,33,0.13,4,1,0,0
S-14428,U-5428,P-1609,158,0.16,4,0,0,0
S-14429,U-5429,P-1180,20,0.18,3,0,0,0
S-14430,U-5430,P-1406,267,0.87,2,0,0,0
S-14431,U-5431,P-1079,276,0.78,7,1,0,0
S-14432,U-5432,P-1412,239,0.91,7,1,0,0
S-14433,U-5433,P-1000,223,0.48,1,0,0,0
S-14434,U-5434,P-1712,160,0.23,6,0,0,0
S-14435,U-5435,P-1516,246,0.55,8,1,0,0
S-14436,U-5436,P-1146,53,0.4,0,0,0,0
S-14437,U-5437,P-1528,70,0.97,1,1,0,0
S-14438,U-5438,P-1442,251,0.6,9,0,0,0
S-14439,U-5439,P-1395,159,0.87,6,1,0,0
S-14440,U-5440,P-1507,59,0.36,3,1,1,1
S-14441,U-5441,P-1510,142,0.76,3,1,0,0
S-14442,U-5442,P-1502,78,0.26,7,0,0,0
S-14443,U-5443,P-1065,198,0.87,9,0,0,0
S-14444,U-5444,P-1205,202,0.5,3,1,0,0
S-14445,U-5445,P-1276,142,0.83,7,1,0,0
S-14446,U-5446,P-1221,264,0.45,3,0,0,0
S-14447,U-5447,P-1553,229,0.82,2,0,0,0
S-14448,U-5448,P-1205,120,0.65,0,1,0,0
S-14449,U-5449,P-1299,6,0.4,7,0,0,0
S-14450,U-5450,P-1859,114,0.95,8,1,0,0
S-14451,U-5451,P-1095,136,0.54,3,0,0,0
S-14452,U-5452,P-1082,260,0.34,1,1,0,0
S-14453,U-5453,P-1204,108,0.74,6,1,0,0
S-14454,U-5454,P-1175,25,0.25,7,0,0,0
S-14455,U-5455,P-1230,128,0.45,2,1,0,0
S-14456,U-5456,P-1032,140,0.23,7,1,1,0
S-14457,U-5457,P-1840,81,0.9,4,0,0,0
S-14458,U-5458,P-1671,211,0.49,0,1,0,0
S-14459,U-5459,P-1691,5,0.34,5,1,0,0
S-14460,U-5460,P-1091,69,0.68,8,0,0,0
S-14461,U-5461,P-1948,40,0.62,3,1,0,0
S-14462,U-5462,P-1996,207,0.95,8,0,0,0
S-14463,U-5463,P-1556,247,0.57,7,0,0,0
S-14464,U-5464,P-1127,257,0.64,6,0,0,0
S-14465,U-5465,P-1496,229,0.2,7,1,0,0
S-14466,U-5466,P-1244,72,0.22,5,1,0,0
S-14467,U-5467,P-1638,145,0.64,2,0,0,0
S-14468,U-5468,P-1668,185,0.36,0,1,0,0
S-14469,U-5469,P-1361,247,0.18,9,1,0,0
S-14470,U-5470,P-1890,278,0.63,7,1,0,0
S-14471,U-5471,P-1648,3,0.9,7,0,0,0
S-14472,U-5472,P-1949,9,0.93,0,1,0,0
S-14473,U-5473,P-1081,156,0.12,2,0,0,0
S-14474,U-5474,P-1521,137,0.5,3,1,0,0
S-14475,U-5475,P-1978,62,0.27,5,1,0,0
S-14476,U-5476,P-1838,32,0.6,3,1,0,0
S-14477,U-5477,P-1555,74,0.52,1,1,1,1
S-14478,U-5478,P-1622,290,0.45,6,0,0,0
S-14479,U-5479,P-1770,257,0.96,0,1,0,0
S-14480,U-5480,P-1876,115,0.52,9,1,0,0
S-14481,U-5481,P-1909,93,0.45,9,0,0,0
S-14482,U-5482,P-1778,216,0.32,2,1,0,0
S-14483,U-5483,P-1492,168,0.34,9,0,0,0
S-14484,U-5484,P-1587,231,0.42,1,0,0,0
S-14485,U-5485,P-1149,1,0.12,6,0,0,0
S-14486,U-5486,P-1956,263,0.47,2,1,0,0
S-14487,U-5487,P-1952,89,0.19,9,0,1,0
S-14488,U-5488,P-1246,265,0.85,4,0,0,0
S-14489,U-5489,P-1773,271,0.19,7,0,1,1
S-14490,U-5490,P-1740,1,0.13,0,0,0,0
S-14491,U-5491,P-1964,136,0.29,5,1,0,0
S-14492,U-5492,P-1529,97,0.65,3,0,0,0
S-14493,U-5493,P-1761,290,0.11,7,0,0,0
S-14494,U-5494,P-1567,48,0.81,9,1,1,1
S-14495,U-5495,P-1873,63,0.19,7,1,0,0
S-14496,U-5496,P-1446,223,0.91,6,1,0,0
S-14497,U-5497,P-1440,201,0.53,0,0,0,0
S-14498,U-5498,P-1418,288,0.3,9,1,0,0
S-14499,U-5499,P-1195,27,0.77,9,0,0,0
S-14500,U-5500,P-1167,134,0.62,2,1,0,0
S-14501,U-5501,P-1758,186,0.11,5,1,0,0
S-14502,U-5502,P-1960,180,0.94,6,1,0,0
S-14503,U-5503,P-1696,256,0.64,5,0,0,0
S-14504,U-5504,P-1604,18,0.94,5,0,1,1
S-14505,U-5505,P-1779,292,0.87,0,0,0,0
S-14506,U-5506,P-1783,145,0.92,9,1,0,0
S-14507,U-5507,P-1554,164,0.46,9,1,0,0
S-14508,U-5508,P-1226,108,0.89,7,1,0,0
S-14509,U-5509,P-1642,214,0.2,4,1,0,0
S-14510,U-5510,P-1244,58,0.57,3,0,0,0
S-14511,U-5511,P-1834,220,0.15,4,0,0,0
S-14512,U-5512,P-1772,208,0.69,6,1,0,0
S-14513,U-5513,P-1546,274,0.81,5,1,0,0
S-14514,U-5514,P-1770,146,0.29,7,1,0,0
S-14515,U-5515,P-1785,209,0.26,7,1,0,0
S-14516,U-5516,P-1505,45,0.49,1,1,0,0
S-14517,U-5517,P-1381,37,0.22,8,0,0,0
S-14518,U-5518,P-1663,59,0.31,4,1,0,0
S-14519,U-5519,P-1340,12,0.23,9,1,1,0
S-14520,U-5520,P-1367,272,0.74,6,1,1,1
S-14521,U-5521,P-1405,112,0.91,2,0,0,0
S-14522,U-5522,P-1699,263,0.79,5,0,0,0
S-14523,U-5523,P-1938,186,0.52,4,0,0,0
S-14524,U-5524,P-1391,290,0.26,6,0,0,0
S-14525,U-5525,P-1626,299,0.21,7,0,0,0
S-14526,U-5526,P-1356,297,0.82,8,0,0,0
S-14527,U-5527,P-1925,288,0.8,4,0,0,0
S-14528,U-5528,P-1592,36,0.95,8,1,0,0
S-14529,U-5529,P-1736,105,0.83,6,1,0,0
S-14530,U-5530,P-1063,83,0.66,9,0,0,0
S-14531,U-5531,P-1807,107,0.88,7,1,0,0
S-14532,U-5532,P-1588,130,0.98,5,0,0,0
S-14533,U-5533,P-1794,189,0.19,4,0,0,0
S-14534,U-5534,P-1296,166,0.68,3,1,1,1
S-14535,U-5535,P-1049,255,0.61,7,1,0,0
S-14536,U-5536,P-1062,168,0.59,1,1,1,1
S-14537,U-5537,P-1534,99,0.89,0,1,0,0
S-14538,U-5538,P-1305,95,0.51,3,1,0,0
S-14539,U-5539,P-1077,76,0.59,1,0,0,0
S-14540,U-5540,P-1233,163,0.2,7,1,0,0
S-14541,U-5541,P-1069,24,0.95,4,1,0,0
S-14542,U-5542,P-1054,29,0.55,5,0,0,0
S-14543,U-5543,P-1185,295,0.89,9,1,0,0
S-14544,U-5544,P-1902,191,0.38,2,1,0,0
S-14545,U-5545,P-1749,260,0.95,6,1,0,0
S-14546,U-5546,P-1712,178,0.12,4,1,0,0
S-14547,U-5547,P-1499,73,0.33,6,0,0,0
S-14548,U-5548,P-1862,223,0.71,1,1,0,0
S-14549,U-5549,P-1335,58,0.66,6,0,0,0
S-14550,U-5550,P-1940,84,0.83,0,1,0,0
S-14551,U-5551,P-1137,204,0.66,7,0,0,0
S-14552,U-5552,P-1750,93,0.94,7,1,0,0
S-14553,U-5553,P-1916,77,0.31,9,1,0,0
S-14554,U-5554,P-1001,17,0.82,4,1,1,1
S-14555,U-5555,P-1313,6,0.38,4,1,0,0
S-14556,U-5556,P-1256,58,0.63,7,0,0,0
S-14557,U-5557,P-1950,277,0.26,7,0,0,0
S-14558,U-5558,P-1513,97,0.83,0,0,0,0
S-14559,U-5559,P-1897,167,0.82,0,0,0,0
S-14560,U-5560,P-1254,194,0.67,5,1,0,0
S-14561,U-5561,P-1200,157,0.56,2,1,0,0
S-14562,U-5562,P-1845,163,0.68,3,1,0,0
S-14563,U-5563,P-1809,188,0.61,5,1,0,0
S-14564,U-5564,P-1896,235,0.81,9,1,0,0
S-14565,U-5565,P-1854,5,0.81,1,0,0,0
S-14566,U-5566,P-1652,45,0.21,3,1,0,0
S-14567,U-5567,P-1039,228,0.38,1,1,0,0
S-14568,U-5568,P-1409,173,0.53,3,1,0,0
S-14569,U-5569,P-1022,79,0.2,3,0,1,0
S-14570,U-5570,P-1248,7,0.48,4,0,0,0
S-14571,U-5571,P-1367,68,0.33,0,0,0,0
S-14572,U-5572,P-1963,261,0.39,2,1,1,0
S-14573,U-5573,P-1866,158,0.42,1,0,0,0
S-14574,U-5574,P-1830,164,0.94,0,0,0,0
S-14575,U-5575,P-1154,60,0.24,1,1,0,0
S-14576,U-5576,P-1266,123,0.29,6,0,0,0
S-14577,U-5577,P-1820,220,0.54,8,0,0,0
S-14578,U-5578,P-1919,25,0.48,3,0,0,0
S-14579,U-5579,P-1469,41,0.49,2,1,0,0
S-14580,U-5580,P-1545,164,0.19,4,0,0,0
S-14581,U-5581,P-1587,223,0.88,2,0,0,0
S-14582,U-5582,P-1533,189,0.65,1,0,0,0
S-14583,U-5583,P-1390,210,0.33,6,0,0,0
S-14584,U-5584,P-1420,64,0.53,1,0,0,0
S-14585,U-5585,P-1204,190,0.51,9,1,0,0
S-14586,U-5586,P-1360,21,0.31,4,1,0,0
S-14587,U-5587,P-1963,145,0.48,7,0,0,0
S-14588,U-5588,P-1341,235,0.37,6,1,0,0
S-14589,U-5589,P-1719,179,0.66,1,1,0,0
S-14590,U-5590,P-1401,283,0.38,8,1,0,0
S-14591,U-5591,P-1532,13,0.18,6,0,0,0
S-14592,U-5592,P-1227,137,0.3,5,0,1,0
S-14593,U-5593,P-1543,210,0.79,5,1,0,0
S-14594,U-5594,P-1181,266,0.3,8,1,0,0
S-14595,U-5595,P-1818,71,0.11,3,1,0,0
S-14596,U-5596,P-1343,147,0.75,7,1,0,0
S-14597,U-5597,P-1739,41,0.98,0,0,0,0
S-14598,U-5598,P-1574,27,0.57,1,0,0,0
S-14599,U-5599,P-1258,25,0.99,6,1,0,0
S-14600,U-5600,P-1214,99,0.77,6,1,0,0
S-14601,U-5601,P-1088,121,0.37,7,1,0,0
S-14602,U-5602,P-1251,48,0.33,0,1,1,0
S-14603,U-5603,P-1096,210,0.91,5,0,0,0
S-14604,U-5604,P-1695,60,0.5,9,1,0,0
S-14605,U-5605,P-1074,205,0.98,4,1,0,0
S-14606,U-5606,P-1866,178,0.23,3,0,0,0
S-14607,U-5607,P-1749,47,0.62,8,0,0,0
S-14608,U-5608,P-1488,72,0.9,7,0,0,0
S-14609,U-5609,P-1657,40,0.92,3,1,0,0
S-14610,U-5610,P-1273,10,0.17,5,0,0,0
S-14611,U-5611,P-1562,299,0.22,1,0,0,0
S-14612,U-5612,P-1025,16,0.87,5,0,0,0
S-14613,U-5613,P-1278,136,0.26,2,1,0,0
S-14614,U-5614,P-1224,69,0.51,0,0,0,0
S-14615,U-5615,P-1698,201,0.33,9,0,0,0
S-14616,U-5616,P-1771,157,0.71,6,0,0,0
S-14617,U-5617,P-1320,253,0.74,3,1,0,0
S-14618,U-5618,P-1279,180,0.15,6,1,0,0
S-14619,U-5619,P-1746,58,0.5,9,0,0,0
S-14620,U-5620,P-1202,129,0.44,4,1,0,0
S-14621,U-5621,P-1753,125,0.73,5,0,0,0
S-14622,U-5622,P-1927,146,0.36,2,0,0,0
S-14623,U-5623,P-1183,57,0.99,7,1,0,0
S-14624,U-5624,P-1068,260,0.96,5,0,0,0
S-14625,U-5625,P-1466,162,0.26,4,0,0,0
S-14626,U-5626,P-1709,31,0.7,9,1,0,0
S-14627,U-5627,P-1386,216,0.52,9,1,0,0
S-14628,U-5628,P-1640,210,0.87,0,0,1,0
S-14629,U-5629,P-1006,165,0.87,0,1,0,0
S-14630,U-5630,P-1072,19,0.36,1,1,0,0
S-14631,U-5631,P-1891,33,0.19,6,1,0,0
S-14632,U-5632,P-1416,139,0.44,2,0,0,0
S-14633,U-5633,P-1316,193,0.88,8,0,0,0
S-14634,U-5634,P-1940,294,0.2,1,0,0,0
S-14635,U-5635,P-1172,140,0.61,9,1,0,0
S-14636,U-5636,P-1064,1,0.78,2,0,0,0
S-14637,U-5637,P-1646,231,0.8,2,0,0,0
S-14638,U-5638,P-1261,266,0.61,7,0,0,0
S-14639,U-5639,P-1416,70,0.46,6,0,0,0
S-14640,U-5640,P-1102,272,0.68,2,1,1,1
S-14641,U-5641,P-1252,119,0.42,7,1,0,0
S-14642,U-5642,P-1422,277,0.7,5,1,0,0
S-14643,U-5643,P-1020,80,0.74,0,0,0,0
S-14644,U-5644,P-1305,18,0.79,6,1,0,0
S-14645,U-5645,P-1759,169,0.75,8,1,0,0
S-14646,U-5646,P-1865,148,0.61,3,1,0,0
S-14647,U-5647,P-1374,249,0.68,8,0,0,0
S-14648,U-5648,P-1362,23,0.31,8,1,0,0
S-14649,U-5649,P-1569,97,0.99,4,0,0,0
S-14650,U-5650,P-1280,188,0.35,6,0,0,0
S-14651,U-5651,P-1317,16,0.72,5,0,0,0
S-14652,U-5652,P-1861,234,0.8,0,0,0,0
S-14653,U-5653,P-1806,74,0.2,1,1,0,0
S-14654,U-5654,P-1713,164,0.11,1,1,1,0
S-14655,U-5655,P-1433,217,0.62,9,1,0,0
S-14656,U-5656,P-1902,54,0.39,2,1,0,0
S-14657,U-5657,P-1600,69,0.91,9,1,0,0
S-14658,U-5658,P-1254,179,0.11,1,0,1,0
S-14659,U-5659,P-1793,255,0.11,2,1,0,0
S-14660,U-5660,P-1325,236,0.59,7,0,0,0
S-14661,U-5661,P-1038,50,0.78,5,0,1,1
S-14662,U-5662,P-1378,170,0.33,1,0,0,0
S-14663,U-5663,P-1975,11,0.36,7,0,0,0
S-14664,U-5664,P-1631,47,0.73,8,0,0,0
S-14665,U-5665,P-1809,185,0.54,3,1,0,0
S-14666,U-5666,P-1988,129,0.64,2,1,0,0
S-14667,U-5667,P-1294,229,0.51,0,0,0,0
S-14668,U-5668,P-1933,52,0.46,9,1,0,0
S-14669,U-5669,P-1573,151,0.75,9,0,0,0
S-14670,U-5670,P-1182,115,0.69,3,1,0,0
S-14671,U-5671,P-1513,115,0.45,5,1,0,0
S-14672,U-5672,P-1116,70,0.23,5,1,0,0
S-14673,U-5673,P-1528,258,0.26,6,0,0,0
S-14674,U-5674,P-1014,25,0.79,8,0,0,0
S-14675,U-5675,P-1231,77,0.22,8,0,0,0
S-14676,U-5676,P-1439,168,0.21,3,1,0,0
S-14677,U-5677,P-1996,285,0.65,9,1,0,0
S-14678,U-5678,P-1884,53,0.14,9,1,0,0
S-14679,U-5679,P-1348,226,0.56,3,0,1,1
S-14680,U-5680,P-1735,143,0.89,5,1,0,0
S-14681,U-5681,P-1081,151,0.65,1,1,0,0
S-14682,U-5682,P-1665,100,0.63,6,0,0,0
S-14683,U-5683,P-1634,175,0.89,1,0,0,0
S-14684,U-5684,P-1963,219,0.94,3,0,0,0
S-14685,U-5685,P-1519,156,0.39,8,0,0,0
S-14686,U-5686,P-1925,109,0.79,6,0,0,0
S-14687,U-5687,P-1829,241,0.64,7,0,0,0
S-14688,U-5688,P-1674,127,0.21,9,0,0,0
S-14689,U-5689,P-1797,21,0.63,1,0,0,0
S-14690,U-5690,P-1807,124,0.71,2,1,0,0
S-14691,U-5691,P-1240,295,0.65,9,0,0,0
S-14692,U-5692,P-1843,18,0.6,6,0,0,0
S-14693,U-5693,P-1425,95,0.51,5,0,0,0
S-14694,U-5694,P-1001,243,0.1,6,1,0,0
S-14695,U-5695,P-1644,220,0.12,4,1,0,0
S-14696,U-5696,P-1001,102,0.41,3,1,0,0
S-14697,U-5697,P-1594,173,0.84,4,1,1,0
S-14698,U-5698,P-1403,160,0.71,2,1,0,0
S-14699,U-5699,P-1775,290,0.68,0,0,0,0
S-14700,U-5700,P-1514,247,0.33,2,1,0,0
S-14701,U-5701,P-1830,152,0.72,2,0,0,0
S-14702,U-5702,P-1168,5,0.97,0,0,0,0
S-14703,U-5703,P-1835,161,0.31,6,1,0,0
S-14704,U-5704,P-1600,249,0.56,6,0,0,0
S-14705,U-5705,P-1447,12,0.27,7,0,0,0
S-14706,U-5706,P-1292,233,0.58,2,1,0,0
S-14707,U-5707,P-1586,172,0.42,6,0,0,0
S-14708,U-5708,P-1919,229,0.78,9,0,0,0
S-14709,U-5709,P-1136,170,0.3,1,0,0,0
S-14710,U-5710,P-1493,2,0.84,0,0,0,0
S-14711,U-5711,P-1504,122,0.44,9,1,0,0
S-14712,U-5712,P-1708,83,0.44,9,1,0,0
S-14713,U-5713,P-1020,23,0.71,4,1,0,0
S-14714,U-5714,P-1974,228,0.82,0,1,0,0
S-14715,U-5715,P-1091,184,0.69,0,0,0,0
S-14716,U-5716,P-1491,101,0.81,6,1,0,0
S-14717,U-5717,P-1406,155,0.38,3,1,0,0
S-14718,U-5718,P-1492,126,0.45,0,0,0,0
S-14719,U-5719,P-1623,298,0.16,3,1,0,0
S-14720,U-5720,P-1376,1,0.88,9,0,0,0
S-14721,U-5721,P-1643,169,0.2,5,1,0,0
S-14722,U-5722,P-1233,92,0.8,3,1,0,0
S-14723,U-5723,P-1110,186,0.99,2,1,0,0
S-14724,U-5724,P-1880,1,0.32,8,0,0,0
S-14725,U-5725,P-1536,227,0.53,7,1,0,0
S-14726,U-5726,P-1927,242,0.39,8,1,0,0
S-14727,U-5727,P-1814,241,0.94,7,1,0,0
S-14728,U-5728,P-1464,238,0.95,5,0,0,0
S-14729,U-5729,P-1251,17,0.66,6,1,0,0
S-14730,U-5730,P-1199,228,0.31,9,1,0,0
S-14731,U-5731,P-1104,107,0.82,6,1,0,0
S-14732,U-5732,P-1867,19,0.49,7,0,0,0
S-14733,U-5733,P-1981,90,0.6,6,0,0,0
S-14734,U-5734,P-1094,208,0.42,7,1,1,0
S-14735,U-5735,P-1749,62,0.57,6,0,0,0
S-14736,U-5736,P-1468,75,0.75,3,0,0,0
S-14737,U-5737,P-1302,100,0.19,5,1,0,0
S-14738,U-5738,P-1613,51,0.68,5,1,0,0
S-14739,U-5739,P-1395,151,0.45,7,0,1,1
S-14740,U-5740,P-1323,92,0.81,9,1,0,0
S-14741,U-5741,P-1632,55,0.52,4,1,0,0
S-14742,U-5742,P-1080,277,0.57,0,0,0,0
S-14743,U-5743,P-1665,149,0.44,6,0,0,0
S-14744,U-5744,P-1524,120,0.58,8,0,0,0
S-14745,U-5745,P-1462,223,0.26,4,1,0,0
S-14746,U-5746,P-1035,288,0.49,6,0,0,0
S-14747,U-5747,P-1541,187,0.2,2,1,0,0
S-14748,U-5748,P-1536,142,0.43,9,0,0,0
S-14749,U-5749,P-1059,72,0.99,6,0,0,0
S-14750,U-5750,P-1130,233,0.92,0,1,0,0
S-14751,U-5751,P-1149,3,0.91,4,1,0,0
S-14752,U-5752,P-1761,278,0.29,7,1,0,0
S-14753,U-5753,P-1242,175,0.74,9,1,0,0
S-14754,U-5754,P-1249,147,0.37,5,0,0,0
S-14755,U-5755,P-1725,94,0.2,9,1,0,0
S-14756,U-5756,P-1699,112,0.7,9,0,0,0
S-14757,U-5757,P-1721,56,0.44,4,1,0,0
S-14758,U-5758,P-1014,63,0.52,7,1,0,0
S-14759,U-5759,P-1341,8,0.62,4,0,1,0
S-14760,U-5760,P-1740,3,0.77,9,1,0,0
S-14761,U-5761,P-1132,292,0.28,6,0,0,0
S-14762,U-5762,P-1181,143,0.57,7,1,0,0
S-14763,U-5763,P-1805,5,0.63,1,0,0,0
S-14764,U-5764,P-1381,46,0.15,2,1,0,0
S-14765,U-5765,P-1370,267,0.31,1,1,0,0
S-14766,U-5766,P-1981,257,0.66,7,0,0,0
S-14767,U-5767,P-1420,241,0.21,9,0,0,0
S-14768,U-5768,P-1665,150,0.82,2,0,0,0
S-14769,U-5769,P-1309,180,0.47,2,1,0,0
S-14770,U-5770,P-1205,152,0.44,7,1,0,0
S-14771,U-5771,P-1400,3,0.74,6,0,0,0
S-14772,U-5772,P-1925,171,0.24,6,0,0,0
S-14773,U-5773,P-1586,220,0.56,2,0,0,0
S-14774,U-5774,P-1781,181,0.41,6,0,0,0
S-14775,U-5775,P-1380,30,0.8,8,1,0,0
S-14776,U-5776,P-1741,94,0.53,6,1,0,0
S-14777,U-5777,P-1335,205,0.88,9,1,0,0
S-14778,U-5778,P-1200,96,0.33,2,0,0,0
S-14779,U-5779,P-1918,194,0.6,7,1,0,0
S-14780,U-5780,P-1651,98,0.32,8,1,0,0
S-14781,U-5781,P-1869,149,0.55,3,1,0,0
S-14782,U-5782,P-1511,148,0.14,4,0,0,0
S-14783,U-5783,P-1199,219,0.94,4,1,0,0
S-14784,U-5784,P-1890,281,0.94,5,0,0,0
S-14785,U-5785,P-1059,119,0.41,9,0,0,0
S-14786,U-5786,P-1403,26,0.72,6,0,0,0
S-14787,U-5787,P-1343,285,0.91,5,1,0,0
S-14788,U-5788,P-1354,34,0.72,2,0,0,0
S-14789,U-5789,P-1626,106,0.56,3,1,0,0
S-14790,U-5790,P-1396,249,0.55,5,0,0,0
S-14791,U-5791,P-1847,144,0.39,4,1,0,0
S-14792,U-5792,P-1524,184,0.37,2,0,0,0
S-14793,U-5793,P-1423,210,0.68,7,0,0,0
S-14794,U-5794,P-1859,225,0.14,9,0,0,0
S-14795,U-5795,P-1297,266,0.68,9,1,0,0
S-14796,U-5796,P-1620,243,0.17,0,0,0,0
S-14797,U-5797,P-1088,281,0.31,2,0,0,0
S-14798,U-5798,P-1919,22,0.36,7,1,0,0
S-14799,U-5799,P-1615,9,0.57,2,0,0,0
S-14800,U-5800,P-1667,224,0.57,2,0,0,0
S-14801,U-5801,P-1336,130,0.42,1,1,0,0
S-14802,U-5802,P-1364,291,0.29,4,0,0,0
S-14803,U-5803,P-1516,72,0.9,4,0,0,0
S-14804,U-5804,P-1472,103,0.77,1,1,0,0
S-14805,U-5805,P-1729,45,0.4,6,0,1,0
S-14806,U-5806,P-1494,50,0.31,7,0,0,0
S-14807,U-5807,P-1714,50,0.62,9,1,0,0
S-14808,U-5808,P-1833,217,0.82,5,1,0,0
S-14809,U-5809,P-1857,95,0.84,1,0,0,0
S-14810,U-5810,P-1721,15,0.54,1,0,0,0
S-14811,U-5811,P-1069,245,0.42,9,1,0,0
S-14812,U-5812,P-1952,182,0.17,6,1,0,0
S-14813,U-5813,P-1355,85,0.58,9,1,1,0
S-14814,U-5814,P-1499,100,0.35,0,1,0,0
S-14815,U-5815,P-1345,101,0.76,9,0,1,1
S-14816,U-5816,P-1439,250,0.18,5,1,0,0
S-14817,U-5817,P-1691,1,0.46,1,1,0,0
S-14818,U-5818,P-1909,232,0.94,8,1,0,0
S-14819,U-5819,P-1282,291,0.62,7,1,0,0
S-14820,U-5820,P-1397,223,0.32,9,1,0,0
S-14821,U-5821,P-1113,30,0.56,1,0,0,0
S-14822,U-5822,P-1435,287,0.29,8,0,0,0
S-14823,U-5823,P-1088,31,0.67,9,1,0,0
S-14824,U-5824,P-1626,297,0.23,2,1,0,0
S-14825,U-5825,P-1307,30,0.54,1,0,1,0
S-14826,U-5826,P-1187,220,0.65,4,0,0,0
S-14827,U-5827,P-1173,14,0.73,8,0,0,0
S-14828,U-5828,P-1873,5,0.25,3,0,0,0
S-14829,U-5829,P-1501,271,0.51,4,1,0,0
S-14830,U-5830,P-1050,265,0.21,0,0,0,0
S-14831,U-5831,P-1872,188,0.51,6,1,0,0
S-14832,U-5832,P-1857,17,0.64,3,0,0,0
S-14833,U-5833,P-1328,263,0.88,5,0,0,0
S-14834,U-5834,P-1330,285,0.58,6,0,0,0
S-14835,U-5835,P-1516,166,0.21,1,0,0,0
S-14836,U-5836,P-1058,107,0.46,0,0,0,0
S-14837,U-5837,P-1395,244,0.61,1,1,0,0
S-14838,U-5838,P-1329,39,0.78,5,1,0,0
S-14839,U-5839,P-1766,63,0.48,3,0,0,0
S-14840,U-5840,P-1856,225,0.41,3,0,0,0
S-14841,U-5841,P-1254,168,0.5,0,0,0,0
S-14842,U-5842,P-1617,289,0.57,9,1,0,0
S-14843,U-5843,P-1878,174,0.88,3,0,0,0
S-14844,U-5844,P-1834,94,0.21,3,1,0,0
S-14845,U-5845,P-1265,51,0.83,1,1,0,0
S-14846,U-5846,P-1283,246,0.83,1,1,0,0
S-14847,U-5847,P-1006,36,0.92,5,0,0,0
S-14848,U-5848,P-1349,170,0.71,9,0,0,0
S-14849,U-5849,P-1129,234,0.86,5,1,0,0
S-14850,U-5850,P-1711,34,0.88,8,0,0,0
S-14851,U-5851,P-1542,103,0.43,6,0,0,0
S-14852,U-5852,P-1704,89,0.61,2,0,0,0
S-14853,U-5853,P-1693,288,0.86,7,1,0,0
S-14854,U-5854,P-1242,5,0.86,5,1,0,0
S-14855,U-5855,P-1708,264,0.35,1,1,0,0
S-14856,U-5856,P-1761,92,0.57,1,1,0,0
S-14857,U-5857,P-1750,286,0.82,9,1,0,0
S-14858,U-5858,P-1886,116,0.45,2,0,0,0
S-14859,U-5859,P-1588,276,0.27,1,0,0,0
S-14860,U-5860,P-1469,56,0.88,4,0,0,0
S-14861,U-5861,P-1608,144,0.98,4,1,0,0
S-14862,U-5862,P-1406,290,0.46,7,1,0,0
S-14863,U-5863,P-1243,125,0.46,3,0,0,0
S-14864,U-5864,P-1843,196,0.45,8,0,1,0
S-14865,U-5865,P-1162,261,0.76,4,0,0,0
S-14866,U-5866,P-1903,33,0.84,8,0,0,0
S-14867,U-5867,P-1192,217,0.77,6,0,0,0
S-14868,U-5868,P-1565,284,0.86,0,0,0,0
S-14869,U-5869,P-1718,208,0.94,1,0,0,0
S-14870,U-5870,P-1547,58,0.34,7,1,0,0
S-14871,U-5871,P-1657,132,0.6,2,0,0,0
S-14872,U-5872,P-1057,60,0.85,3,0,0,0
S-14873,U-5873,P-1015,206,0.8,1,0,0,0
S-14874,U-5874,P-1306,5,0.69,5,1,0,0
S-14875,U-5875,P-1534,98,0.59,8,0,0,0
S-14876,U-5876,P-1212,3,0.84,3,1,0,0
S-14877,U-5877,P-1229,5,0.14,5,1,0,0
S-14878,U-5878,P-1206,197,0.57,9,1,0,0
S-14879,U-5879,P-1945,258,0.49,0,1,0,0
S-14880,U-5880,P-1039,131,0.15,2,1,0,0
S-14881,U-5881,P-1217,80,0.17,8,1,0,0
S-14882,U-5882,P-1395,113,0.23,1,0,0,0
S-14883,U-5883,P-1867,218,0.25,9,1,0,0
S-14884,U-5884,P-1757,121,0.5,3,1,0,0
S-14885,U-5885,P-1365,13,0.57,1,1,0,0
S-14886,U-5886,P-1013,200,0.42,1,0,0,0
S-14887,U-5887,P-1081,23,0.82,9,1,0,0
S-14888,U-5888,P-1570,132,0.83,3,0,0,0
S-14889,U-5889,P-1402,18,0.64,1,0,1,1
S-14890,U-5890,P-1121,45,0.15,6,0,0,0
S-14891,U-5891,P-1524,90,0.29,4,0,0,0
S-14892,U-5892,P-1108,92,0.36,1,0,0,0
S-14893,U-5893,P-1468,88,0.22,7,0,0,0
S-14894,U-5894,P-1373,96,0.97,3,0,0,0
S-14895,U-5895,P-1588,217,0.26,9,0,0,0
S-14896,U-5896,P-1144,56,0.85,2,0,0,0
S-14897,U-5897,P-1713,28,0.2,8,0,0,0
S-14898,U-5898,P-1397,286,0.15,3,1,1,1
S-14899,U-5899,P-1468,289,0.93,9,0,1,0
S-14900,U-5900,P-1196,52,0.6,3,1,0,0
S-14901,U-5901,P-1368,79,0.85,8,1,0,0
S-14902,U-5902,P-1466,235,1.0,0,1,0,0
S-14903,U-5903,P-1109,202,0.57,6,0,0,0
S-14904,U-5904,P-1405,66,0.44,3,1,0,0
S-14905,U-5905,P-1744,203,0.64,8,1,0,0
S-14906,U-5906,P-1996,85,0.75,0,0,0,0
S-14907,U-5907,P-1678,290,0.79,5,1,0,0
S-14908,U-5908,P-1271,71,0.84,4,0,0,0
S-14909,U-5909,P-1901,27,0.52,6,0,0,0
S-14910,U-5910,P-1121,67,0.42,0,0,0,0
S-14911,U-5911,P-1545,111,0.57,3,1,0,0
S-14912,U-5912,P-1324,79,0.73,1,1,0,0
S-14913,U-5913,P-1868,105,0.11,9,1,0,0
S-14914,U-5914,P-1867,176,0.63,4,1,0,0
S-14915,U-5915,P-1294,175,0.8,9,0,0,0
S-14916,U-5916,P-1198,164,0.66,0,0,0,0
S-14917,U-5917,P-1321,155,0.76,9,0,0,0
S-14918,U-5918,P-1148,19,0.79,4,0,0,0
S-14919,U-5919,P-1164,285,0.19,9,1,0,0
S-14920,U-5920,P-1331,160,0.68,1,1,0,0
S-14921,U-5921,P-1510,121,0.58,0,1,0,0
S-14922,U-5922,P-1111,102,0.41,8,0,0,0
S-14923,U-5923,P-1539,191,0.39,1,1,0,0
S-14924,U-5924,P-1178,85,0.82,2,1,0,0
S-14925,U-5925,P-1411,157,0.28,0,1,0,0
S-14926,U-5926,P-1396,49,0.66,9,1,0,0
S-14927,U-5927,P-1112,297,0.93,0,0,0,0
S-14928,U-5928,P-1241,124,0.52,9,1,0,0
S-14929,U-5929,P-1865,266,0.17,7,1,0,0
S-14930,U-5930,P-1836,79,0.93,9,1,0,0
S-14931,U-5931,P-1780,81,0.79,7,0,0,0
S-14932,U-5932,P-1865,138,0.78,3,0,0,0
S-14933,U-5933,P-1957,8,0.71,3,1,0,0
S-14934,U-5934,P-1527,32,0.31,2,1,0,0
S-14935,U-5935,P-1761,237,0.7,5,0,0,0
S-14936,U-5936,P-1434,113,0.35,9,0,0,0
S-14937,U-5937,P-1990,109,0.58,2,0,0,0
S-14938,U-5938,P-1596,100,0.93,3,1,0,0
S-14939,U-5939,P-1849,226,0.47,9,0,0,0
S-14940,U-5940,P-1411,98,0.26,1,0,0,0
S-14941,U-5941,P-1736,176,0.52,8,0,0,0
S-14942,U-5942,P-1304,61,0.93,2,0,1,0
S-14943,U-5943,P-1611,6,0.83,3,0,0,0
S-14944,U-5944,P-1453,209,0.72,4,0,0,0
S-14945,U-5945,P-1725,276,0.51,2,1,0,0
S-14946,U-5946,P-1884,171,0.24,3,1,0,0
S-14947,U-5947,P-1600,136,0.67,2,0,0,0
S-14948,U-5948,P-1226,85,0.47,7,1,0,0
S-14949,U-5949,P-1204,188,0.69,2,1,0,0
S-14950,U-5950,P-1105,239,0.82,9,1,0,0
S-14951,U-5951,P-1943,110,0.27,0,1,0,0
S-14952,U-5952,P-1701,88,0.24,5,1,0,0
S-14953,U-5953,P-1575,240,0.29,0,0,0,0
S-14954,U-5954,P-1843,126,0.66,5,0,0,0
S-14955,U-5955,P-1710,288,0.8,0,0,0,0
S-14956,U-5956,P-1961,202,0.46,2,1,0,0
S-14957,U-5957,P-1996,210,0.38,6,1,0,0
S-14958,U-5958,P-1566,171,0.67,4,1,0,0
S-14959,U-5959,P-1330,245,0.86,3,0,0,0
S-14960,U-5960,P-1255,273,0.97,9,1,0,0
S-14961,U-5961,P-1601,90,0.84,2,1,0,0
S-14962,U-5962,P-1517,43,0.24,2,0,1,1
S-14963,U-5963,P-1494,203,0.31,7,1,0,0
S-14964,U-5964,P-1178,212,0.59,4,1,0,0
S-14965,U-5965,P-1690,47,0.62,1,1,0,0
S-14966,U-5966,P-1593,269,0.99,0,1,0,0
S-14967,U-5967,P-1644,180,0.29,0,1,0,0
S-14968,U-5968,P-1827,256,0.83,8,1,0,0
S-14969,U-5969,P-1095,25,0.27,4,0,0,0
S-14970,U-5970,P-1065,39,0.58,0,0,0,0
S-14971,U-5971,P-1580,59,0.89,4,1,0,0
S-14972,U-5972,P-1567,71,0.78,6,0,0,0
S-14973,U-5973,P-1549,188,0.72,4,0,0,0
S-14974,U-5974,P-1999,78,0.79,8,0,0,0
S-14975,U-5975,P-1354,283,0.94,1,1,0,0
S-14976,U-5976,P-1960,125,0.36,0,1,0,0
S-14977,U-5977,P-1944,276,0.49,6,0,0,0
S-14978,U-5978,P-1979,59,0.24,1,0,0,0
S-14979,U-5979,P-1470,134,0.74,8,0,0,0
S-14980,U-5980,P-1308,218,0.83,2,1,0,0
S-14981,U-5981,P-1871,279,0.24,2,0,0,0
S-14982,U-5982,P-1228,24,0.56,4,0,0,0
S-14983,U-5983,P-1408,130,0.41,4,1,0,0
S-14984,U-5984,P-1019,57,0.23,6,1,1,0
S-14985,U-5985,P-1168,1,0.27,3,0,0,0
S-14986,U-5986,P-1966,286,0.96,9,1,0,0
S-14987,U-5987,P-1607,35,0.17,2,1,0,0
S-14988,U-5988,P-1115,79,0.58,9,0,0,0
S-14989,U-5989,P-1899,226,0.26,3,0,0,0
S-14990,U-5990,P-1855,91,0.34,5,0,0,0
S-14991,U-5991,P-1315,27,0.69,8,1,0,0
S-14992,U-5992,P-1362,142,0.64,4,0,0,0
S-14993,U-5993,P-1190,231,0.52,0,1,0,0
S-14994,U-5994,P-1134,221,0.83,2,0,0,0
S-14995,U-5995,P-1631,79,0.25,5,1,0,0
S-14996,U-5996,P-1928,172,0.74,3,0,0,0
S-14997,U-5997,P-1147,164,0.88,1,1,0,0
S-14998,U-5998,P-1792,296,0.53,3,1,0,0
S-14999,U-5999,P-1527,113,0.52,3,1,0,0
S-15000,U-6000,P-1376,1,0.54,5,1,0,0
S-15001,U-6001,P-1709,201,0.49,3,0,0,0
S-15002,U-6002,P-1041,168,0.91,8,1,1,0
S-15003,U-6003,P-1203,17,0.15,8,0,0,0
S-15004,U-6004,P-1863,147,0.11,7,1,0,0
S-15005,U-6005,P-1798,160,0.99,6,0,0,0
S-15006,U-6006,P-1732,163,0.44,3,1,0,0
S-15007,U-6007,P-1233,185,0.31,8,1,0,0
S-15008,U-6008,P-1224,95,0.48,2,1,0,0
S-15009,U-6009,P-1579,264,0.58,7,0,0,0
S-15010,U-6010,P-1552,199,0.41,1,0,0,0
S-15011,U-6011,P-1453,75,0.93,3,0,0,0
S-15012,U-6012,P-1386,46,0.19,0,0,0,0
S-15013,U-6013,P-1349,123,0.93,2,0,0,0
S-15014,U-6014,P-1497,30,0.16,1,0,0,0
S-15015,U-6015,P-1274,253,0.35,2,0,0,0
S-15016,U-6016,P-1773,110,0.75,3,1,0,0
S-15017,U-6017,P-1941,188,0.66,2,0,0,0
S-15018,U-6018,P-1427,101,0.98,3,1,0,0
S-15019,U-6019,P-1171,228,0.56,5,1,0,0
S-15020,U-6020,P-1103,22,0.85,0,0,0,0
S-15021,U-6021,P-1196,21,0.49,0,1,0,0
S-15022,U-6022,P-1318,76,0.89,7,1,0,0
S-15023,U-6023,P-1551,233,0.84,9,0,0,0
S-15024,U-6024,P-1754,297,0.41,8,0,0,0
S-15025,U-6025,P-1423,84,0.46,5,0,0,0
S-15026,U-6026,P-1164,278,0.23,2,1,0,0
S-15027,U-6027,P-1220,189,0.57,7,1,0,0
S-15028,U-6028,P-1076,190,0.85,1,1,1,0
S-15029,U-6029,P-1367,170,0.66,6,0,0,0
S-15030,U-6030,P-1413,4,0.85,6,0,0,0
S-15031,U-6031,P-1938,179,0.9,7,0,0,0
S-15032,U-6032,P-1581,157,0.86,2,1,0,0
S-15033,U-6033,P-1777,93,0.1,8,0,1,0
S-15034,U-6034,P-1021,299,0.55,1,0,0,0
S-15035,U-6035,P-1262,256,0.4,9,1,0,0
S-15036,U-6036,P-1161,109,0.88,4,0,0,0
S-15037,U-6037,P-1934,27,0.58,1,0,0,0
S-15038,U-6038,P-1658,289,0.81,8,1,0,0
S-15039,U-6039,P-1676,160,0.64,3,0,1,0
S-15040,U-6040,P-1606,152,0.11,0,0,0,0
S-15041,U-6041,P-1646,174,0.85,3,0,0,0
S-15042,U-6042,P-1275,2,0.75,8,1,0,0
S-15043,U-6043,P-1500,203,0.74,3,0,0,0
S-15044,U-6044,P-1202,77,0.81,6,0,0,0
S-15045,U-6045,P-1802,235,0.67,2,1,0,0
S-15046,U-6046,P-1455,248,0.4,4,1,0,0
S-15047,U-6047,P-1416,66,0.24,3,1,0,0
S-15048,U-6048,P-1831,18,0.65,6,1,0,0
S-15049,U-6049,P-1568,88,0.96,4,1,0,0
S-15050,U-6050,P-1516,191,0.16,8,1,0,0
S-15051,U-6051,P-1098,295,0.27,6,1,0,0
S-15052,U-6052,P-1468,8,0.26,1,0,0,0
S-15053,U-6053,P-1680,175,0.67,1,0,0,0
S-15054,U-6054,P-1970,92,0.6,6,1,0,0
S-15055,U-6055,P-1664,210,0.89,6,0,0,0
S-15056,U-6056,P-1838,291,0.99,8,0,0,0
S-15057,U-6057,P-1313,89,0.67,5,1,0,0
S-15058,U-6058,P-1165,189,0.69,8,1,0,0
S-15059,U-6059,P-1559,253,0.59,0,1,0,0
S-15060,U-6060,P-1215,153,0.48,5,1,0,0
S-15061,U-6061,P-1582,21,0.83,0,0,0,0
S-15062,U-6062,P-1021,52,0.48,1,0,0,0
S-15063,U-6063,P-1395,204,0.22,3,1,0,0
S-15064,U-6064,P-1303,221,0.41,3,0,0,0
S-15065,U-6065,P-1540,238,0.92,4,1,0,0
S-15066,U-6066,P-1559,94,0.42,1,0,0,0
S-15067,U-6067,P-1322,15,0.68,1,0,0,0
S-15068,U-6068,P-1368,81,0.36,8,1,1,1
S-15069,U-6069,P-1429,85,0.31,8,1,0,0
S-15070,U-6070,P-1968,104,0.94,9,0,0,0
S-15071,U-6071,P-1471,141,0.79,7,0,0,0
S-15072,U-6072,P-1167,160,0.64,2,0,0,0
S-15073,U-6073,P-1102,292,0.54,5,0,0,0
S-15074,U-6074,P-1496,144,0.42,2,1,0,0
S-15075,U-6075,P-1810,175,0.65,0,1,0,0
S-15076,U-6076,P-1421,169,0.85,0,1,0,0
S-15077,U-6077,P-1955,202,0.14,1,1,0,0
S-15078,U-6078,P-1276,8,0.96,6,0,0,0
S-15079,U-6079,P-1788,174,0.48,3,0,0,0
S-15080,U-6080,P-1698,278,0.65,7,0,0,0
S-15081,U-6081,P-1129,188,0.96,6,1,0,0
S-15082,U-6082,P-1508,6,0.8,1,0,0,0
S-15083,U-6083,P-1362,201,0.78,2,1,0,0
S-15084,U-6084,P-1774,37,0.28,1,0,0,0
S-15085,U-6085,P-1477,187,0.28,6,0,0,0
S-15086,U-6086,P-1737,181,0.88,1,0,0,0
S-15087,U-6087,P-1467,131,0.6,1,0,0,0
S-15088,U-6088,P-1710,9,0.66,0,1,0,0
S-15089,U-6089,P-1026,121,0.16,1,1,1,1
S-15090,U-6090,P-1312,269,0.43,0,0,0,0
S-15091,U-6091,P-1522,212,0.51,7,1,0,0
S-15092,U-6092,P-1993,193,0.71,9,1,0,0
S-15093,U-6093,P-1047,202,0.23,7,1,0,0
S-15094,U-6094,P-1571,192,0.66,6,0,0,0
S-15095,U-6095,P-1489,140,0.82,3,1,0,0
S-15096,U-6096,P-1358,291,0.49,1,1,0,0
S-15097,U-6097,P-1829,251,0.76,1,0,0,0
S-15098,U-6098,P-1566,267,0.54,7,1,0,0
S-15099,U-6099,P-1105,12,0.43,8,1,0,0
S-15100,U-6100,P-1094,124,0.45,6,1,0,0
S-15101,U-6101,P-1103,50,0.55,5,1,0,0
S-15102,U-6102,P-1568,186,0.3,2,1,0,0
S-15103,U-6103,P-1543,214,0.65,3,0,0,0
S-15104,U-6104,P-1533,38,0.27,7,1,0,0
S-15105,U-6105,P-1806,296,0.97,5,0,0,0
S-15106,U-6106,P-1135,34,0.15,1,0,0,0
S-15107,U-6107,P-1033,276,0.97,4,0,1,1
S-15108,U-6108,P-1510,239,0.89,5,1,0,0
S-15109,U-6109,P-1274,88,0.77,2,1,0,0
S-15110,U-6110,P-1835,145,0.69,2,1,0,0
S-15111,U-6111,P-1740,2,0.91,3,0,0,0
S-15112,U-6112,P-1904,21,0.47,9,0,0,0
S-15113,U-6113,P-1922,194,0.67,7,0,0,0
S-15114,U-6114,P-1765,195,0.43,6,1,0,0
S-15115,U-6115,P-1977,11,0.45,7,0,0,0
S-15116,U-6116,P-1731,48,1.0,4,1,0,0
S-15117,U-6117,P-1654,20,0.28,2,1,0,0
S-15118,U-6118,P-1914,1,0.22,8,0,0,0
S-15119,U-6119,P-1484,124,0.15,6,0,0,0
S-15120,U-6120,P-1369,48,0.11,5,1,0,0
S-15121,U-6121,P-1993,67,0.2,8,0,0,0
S-15122,U-6122,P-1320,203,0.78,2,1,0,0
S-15123,U-6123,P-1264,66,0.43,7,0,0,0
S-15124,U-6124,P-1869,28,0.41,8,0,0,0
S-15125,U-6125,P-1321,23,0.78,1,0,0,0
S-15126,U-6126,P-1248,105,0.1,7,0,0,0
S-15127,U-6127,P-1831,211,0.13,2,1,0,0
S-15128,U-6128,P-1560,193,0.54,5,0,0,0
S-15129,U-6129,P-1587,283,0.78,8,1,0,0
S-15130,U-6130,P-1374,205,0.92,2,0,0,0
S-15131,U-6131,P-1761,159,0.35,7,1,0,0
S-15132,U-6132,P-1378,84,0.35,8,0,0,0
S-15133,U-6133,P-1840,48,0.93,3,0,0,0
S-15134,U-6134,P-1395,180,0.51,0,0,0,0
S-15135,U-6135,P-1532,281,0.67,3,1,0,0
S-15136,U-6136,P-1355,138,0.22,9,0,0,0
S-15137,U-6137,P-1675,231,0.28,9,1,0,0
S-15138,U-6138,P-1313,292,0.29,2,0,0,0
S-15139,U-6139,P-1484,63,0.15,2,0,0,0
S-15140,U-6140,P-1802,271,0.97,3,1,0,0
S-15141,U-6141,P-1209,238,0.46,6,0,0,0
S-15142,U-6142,P-1793,207,0.68,2,0,0,0
S-15143,U-6143,P-1360,170,0.82,1,0,0,0
S-15144,U-6144,P-1895,51,0.58,1,0,1,0
S-15145,U-6145,P-1016,293,0.35,7,0,0,0
S-15146,U-6146,P-1335,199,0.11,1,1,0,0
S-15147,U-6147,P-1835,74,0.41,0,0,1,0
S-15148,U-6148,P-1483,14,0.9,4,1,0,0
S-15149,U-6149,P-1648,5,0.46,1,1,0,0
S-15150,U-6150,P-1330,254,0.53,6,1,0,0
S-15151,U-6151,P-1209,66,0.45,4,0,0,0
S-15152,U-6152,P-1812,285,0.59,0,0,0,0
S-15153,U-6153,P-1171,105,0.52,7,1,0,0
S-15154,U-6154,P-1470,278,0.52,5,0,0,0
S-15155,U-6155,P-1598,238,0.38,1,0,0,0
S-15156,U-6156,P-1490,278,0.62,2,0,1,1
S-15157,U-6157,P-1575,254,0.4,6,1,0,0
S-15158,U-6158,P-1397,227,0.35,9,1,0,0
S-15159,U-6159,P-1886,297,0.81,1,0,0,0
S-15160,U-6160,P-1902,9,0.97,5,1,0,0
S-15161,U-6161,P-1308,146,0.55,7,1,0,0
S-15162,U-6162,P-1589,121,0.75,5,1,0,0
S-15163,U-6163,P-1247,128,0.39,8,1,0,0
S-15164,U-6164,P-1440,60,0.82,3,0,0,0
S-15165,U-6165,P-1601,217,0.94,4,0,0,0
S-15166,U-6166,P-1922,227,0.54,2,1,0,0
S-15167,U-6167,P-1810,69,0.58,7,1,0,0
S-15168,U-6168,P-1317,7,0.99,4,0,0,0
S-15169,U-6169,P-1882,261,0.79,1,1,0,0
S-15170,U-6170,P-1454,234,0.28,0,1,0,0
S-15171,U-6171,P-1814,141,0.22,9,0,0,0
S-15172,U-6172,P-1928,83,0.94,4,1,0,0
S-15173,U-6173,P-1211,110,0.22,5,1,0,0
S-15174,U-6174,P-1296,119,0.98,2,0,0,0
S-15175,U-6175,P-1193,174,0.47,6,0,0,0
S-15176,U-6176,P-1819,84,0.77,8,0,0,0
S-15177,U-6177,P-1723,5,1.0,0,0,0,0
S-15178,U-6178,P-1592,68,0.73,5,1,1,0
S-15179,U-6179,P-1713,289,0.14,8,0,0,0
S-15180,U-6180,P-1644,97,0.83,9,1,0,0
S-15181,U-6181,P-1679,48,0.99,6,0,0,0
S-15182,U-6182,P-1892,193,0.5,2,0,0,0
S-15183,U-6183,P-1102,74,0.99,8,0,0,0
S-15184,U-6184,P-1300,286,0.33,1,1,0,0
S-15185,U-6185,P-1617,130,0.19,7,1,0,0
S-15186,U-6186,P-1521,202,0.14,4,1,1,1
S-15187,U-6187,P-1010,4,0.44,1,0,0,0
S-15188,U-6188,P-1242,1,0.59,2,1,0,0
S-15189,U-6189,P-1551,24,0.39,2,1,0,0
S-15190,U-6190,P-1199,156,0.56,7,1,0,0
S-15191,U-6191,P-1690,37,0.35,2,0,0,0
S-15192,U-6192,P-1974,296,0.94,6,1,0,0
S-15193,U-6193,P-1410,275,0.36,7,1,0,0
S-15194,U-6194,P-1920,240,0.99,4,1,0,0
S-15195,U-6195,P-1883,227,0.13,6,0,0,0
S-15196,U-6196,P-1890,281,0.11,0,0,0,0
S-15197,U-6197,P-1969,87,0.58,0,1,0,0
S-15198,U-6198,P-1208,108,0.69,9,0,0,0
S-15199,U-6199,P-1247,256,0.64,9,0,0,0
S-15200,U-6200,P-1834,84,0.6,5,0,0,0
S-15201,U-6201,P-1270,236,0.36,4,0,0,0
S-15202,U-6202,P-1152,54,0.24,4,1,0,0
S-15203,U-6203,P-1138,208,0.59,8,0,0,0
S-15204,U-6204,P-1852,18,0.92,7,0,0,0
S-15205,U-6205,P-1047,76,0.21,7,0,0,0
S-15206,U-6206,P-1269,59,0.23,5,1,0,0
S-15207,U-6207,P-1049,125,0.92,5,1,0,0
S-15208,U-6208,P-1168,2,0.54,4,0,0,0
S-15209,U-6209,P-1363,259,0.23,6,0,0,0
S-15210,U-6210,P-1699,298,0.22,4,0,0,0
S-15211,U-6211,P-1341,252,0.24,6,0,0,0
S-15212,U-6212,P-1027,235,0.44,9,0,0,0
S-15213,U-6213,P-1708,252,0.8,3,0,0,0
S-15214,U-6214,P-1086,84,0.52,9,0,0,0
S-15215,U-6215,P-1220,1,0.78,6,1,0,0
S-15216,U-6216,P-1461,274,0.95,8,0,0,0
S-15217,U-6217,P-1384,43,0.31,0,0,0,0
S-15218,U-6218,P-1826,133,0.39,2,0,0,0
S-15219,U-6219,P-1876,179,0.72,6,0,0,0
S-15220,U-6220,P-1504,153,0.76,3,1,0,0
S-15221,U-6221,P-1398,54,0.58,0,0,0,0
S-15222,U-6222,P-1717,222,0.34,1,1,0,0
S-15223,U-6223,P-1077,73,0.38,3,1,0,0
S-15224,U-6224,P-1608,232,0.25,6,1,0,0
S-15225,U-6225,P-1523,2,0.31,6,0,0,0
S-15226,U-6226,P-1551,136,0.44,5,1,0,0
S-15227,U-6227,P-1915,166,0.19,9,0,0,0
S-15228,U-6228,P-1592,179,0.26,6,1,0,0
S-15229,U-6229,P-1737,117,0.75,9,1,0,0
S-15230,U-6230,P-1316,39,0.77,3,0,0,0
S-15231,U-6231,P-1227,145,0.33,2,0,0,0
S-15232,U-6232,P-1833,266,0.68,3,0,0,0
S-15233,U-6233,P-1070,175,0.12,0,0,0,0
S-15234,U-6234,P-1800,148,0.69,1,1,0,0
S-15235,U-6235,P-1035,204,0.19,3,0,0,0
S-15236,U-6236,P-1170,226,0.48,5,0,0,0
S-15237,U-6237,P-1698,149,0.85,2,0,0,0
S-15238,U-6238,P-1090,141,0.4,8,0,0,0
S-15239,U-6239,P-1157,227,0.86,8,1,0,0
S-15240,U-6240,P-1660,141,0.59,5,0,0,0
S-15241,U-6241,P-1726,42,0.17,4,1,0,0
S-15242,U-6242,P-1012,241,0.44,8,0,0,0
S-15243,U-6243,P-1971,133,0.31,0,0,0,0
S-15244,U-6244,P-1826,226,0.97,2,1,0,0
S-15245,U-6245,P-1652,165,0.38,8,1,0,0
S-15246,U-6246,P-1408,161,0.62,2,1,0,0
S-15247,U-6247,P-1478,132,0.88,4,1,0,0
S-15248,U-6248,P-1674,216,0.51,5,0,0,0
S-15249,U-6249,P-1450,156,0.4,4,0,0,0
S-15250,U-6250,P-1601,38,0.64,2,1,1,1
S-15251,U-6251,P-1884,20,0.66,5,1,0,0
S-15252,U-6252,P-1302,223,0.16,5,1,0,0
S-15253,U-6253,P-1077,142,0.61,4,0,0,0
S-15254,U-6254,P-1725,80,0.91,8,0,0,0
S-15255,U-6255,P-1891,85,0.8,3,1,0,0
S-15256,U-6256,P-1556,47,0.52,4,0,0,0
S-15257,U-6257,P-1669,167,0.97,2,0,0,0
S-15258,U-6258,P-1273,269,0.17,3,0,0,0
S-15259,U-6259,P-1560,248,0.29,6,1,1,1
S-15260,U-6260,P-1170,298,0.23,3,1,0,0
S-15261,U-6261,P-1692,180,0.21,3,1,0,0
S-15262,U-6262,P-1284,218,0.8,5,1,0,0
S-15263,U-6263,P-1110,241,0.99,4,0,0,0
S-15264,U-6264,P-1930,215,0.79,0,0,0,0
S-15265,U-6265,P-1745,124,0.55,8,0,0,0
S-15266,U-6266,P-1116,164,0.59,3,0,0,0
S-15267,U-6267,P-1126,140,0.13,9,0,1,1
S-15268,U-6268,P-1397,269,0.75,1,1,0,0
S-15269,U-6269,P-1181,71,0.35,6,1,0,0
S-15270,U-6270,P-1700,16,0.54,8,1,0,0
S-15271,U-6271,P-1447,74,0.97,6,1,1,1
S-15272,U-6272,P-1368,271,0.61,0,0,0,0
S-15273,U-6273,P-1119,210,0.2,8,1,0,0
S-15274,U-6274,P-1933,220,0.81,7,0,0,0
S-15275,U-6275,P-1399,221,0.15,3,1,0,0
S-15276,U-6276,P-1614,207,0.81,2,1,0,0
S-15277,U-6277,P-1777,6,0.27,8,0,0,0
S-15278,U-6278,P-1895,198,0.18,2,1,0,0
S-15279,U-6279,P-1985,81,0.2,5,1,0,0
S-15280,U-6280,P-1465,49,0.31,6,1,0,0
S-15281,U-6281,P-1498,261,0.16,4,0,0,0
S-15282,U-6282,P-1749,32,0.25,8,1,0,0
S-15283,U-6283,P-1958,65,0.12,9,0,0,0
S-15284,U-6284,P-1008,264,0.6,3,0,0,0
S-15285,U-6285,P-1292,251,0.87,5,0,0,0
S-15286,U-6286,P-1937,106,0.14,1,1,0,0
S-15287,U-6287,P-1380,145,0.42,0,1,0,0
S-15288,U-6288,P-1594,60,0.31,2,1,0,0
S-15289,U-6289,P-1171,85,0.49,2,0,0,0
S-15290,U-6290,P-1304,83,0.88,7,0,0,0
S-15291,U-6291,P-1880,3,0.62,0,1,0,0
S-15292,U-6292,P-1427,258,0.47,5,1,0,0
S-15293,U-6293,P-1864,2,0.76,6,1,0,0
S-15294,U-6294,P-1038,179,0.43,2,0,0,0
S-15295,U-6295,P-1277,182,0.99,5,0,0,0
S-15296,U-6296,P-1016,85,0.92,7,0,0,0
S-15297,U-6297,P-1675,112,0.37,1,1,0,0
S-15298,U-6298,P-1846,135,0.27,7,1,0,0
S-15299,U-6299,P-1861,3,0.15,6,1,0,0
S-15300,U-6300,P-1676,91,0.32,3,1,0,0
S-15301,U-6301,P-1290,30,0.87,9,1,0,0
S-15302,U-6302,P-1045,235,0.2,0,1,0,0
S-15303,U-6303,P-1393,277,0.93,6,0,0,0
S-15304,U-6304,P-1341,257,0.18,0,1,0,0
S-15305,U-6305,P-1156,163,0.99,1,0,0,0
S-15306,U-6306,P-1415,228,0.36,2,1,0,0
S-15307,U-6307,P-1030,92,0.21,8,0,0,0
S-15308,U-6308,P-1869,180,0.91,8,0,0,0
S-15309,U-6309,P-1116,217,0.39,7,0,0,0
S-15310,U-6310,P-1601,288,0.36,7,0,0,0
S-15311,U-6311,P-1800,155,0.4,4,1,1,0
S-15312,U-6312,P-1511,201,0.55,0,0,1,1
S-15313,U-6313,P-1228,39,0.99,3,1,0,0
S-15314,U-6314,P-1490,8,0.69,6,0,0,0
S-15315,U-6315,P-1762,238,0.96,0,0,0,0
S-15316,U-6316,P-1719,48,0.58,8,0,0,0
S-15317,U-6317,P-1530,294,0.75,1,1,0,0
S-15318,U-6318,P-1491,187,0.69,9,0,0,0
S-15319,U-6319,P-1711,91,0.21,4,0,0,0
S-15320,U-6320,P-1958,7,0.66,6,1,0,0
S-15321,U-6321,P-1836,229,0.17,8,1,0,0
S-15322,U-6322,P-1094,167,0.13,8,1,0,0
S-15323,U-6323,P-1697,64,0.11,9,1,0,0
S-15324,U-6324,P-1223,175,0.99,1,0,0,0
S-15325,U-6325,P-1488,189,0.35,7,1,0,0
S-15326,U-6326,P-1212,5,0.31,5,0,0,0
S-15327,U-6327,P-1291,149,0.89,1,0,0,0
S-15328,U-6328,P-1232,1,0.84,4,1,0,0
S-15329,U-6329,P-1978,15,0.58,4,0,1,0
S-15330,U-6330,P-1473,71,0.14,2,1,0,0
S-15331,U-6331,P-1214,218,0.88,8,1,0,0
S-15332,U-6332,P-1970,229,0.34,3,0,0,0
S-15333,U-6333,P-1812,168,0.56,4,0,0,0
S-15334,U-6334,P-1785,299,0.81,3,0,0,0
S-15335,U-6335,P-1566,173,0.13,1,0,0,0
S-15336,U-6336,P-1403,212,0.37,9,0,0,0
S-15337,U-6337,P-1723,121,0.53,2,1,0,0
S-15338,U-6338,P-1209,46,0.67,0,0,1,1
S-15339,U-6339,P-1100,84,0.65,1,1,0,0
S-15340,U-6340,P-1574,145,0.34,9,1,0,0
S-15341,U-6341,P-1970,131,0.95,9,0,0,0
S-15342,U-6342,P-1237,46,0.42,9,1,0,0
S-15343,U-6343,P-1541,197,0.63,4,0,0,0
S-15344,U-6344,P-1738,64,0.86,9,0,0,0
S-15345,U-6345,P-1351,221,0.38,6,0,0,0
S-15346,U-6346,P-1444,77,0.74,8,1,0,0
S-15347,U-6347,P-1051,281,0.85,6,0,0,0
S-15348,U-6348,P-1084,133,0.6,3,1,0,0
S-15349,U-6349,P-1312,211,0.2,0,0,0,0
S-15350,U-6350,P-1766,226,0.75,0,0,0,0
S-15351,U-6351,P-1910,59,0.65,3,1,0,0
S-15352,U-6352,P-1007,97,0.21,3,1,0,0
S-15353,U-6353,P-1461,195,0.71,0,1,0,0
S-15354,U-6354,P-1883,41,0.41,6,0,0,0
S-15355,U-6355,P-1403,105,0.86,3,1,0,0
S-15356,U-6356,P-1505,80,0.5,8,1,0,0
S-15357,U-6357,P-1799,203,0.53,7,0,0,0
S-15358,U-6358,P-1433,115,0.84,7,1,0,0
S-15359,U-6359,P-1488,194,0.62,6,1,0,0
S-15360,U-6360,P-1484,94,0.58,3,0,0,0
S-15361,U-6361,P-1728,103,0.23,2,0,0,0
S-15362,U-6362,P-1448,231,0.75,9,1,0,0
S-15363,U-6363,P-1315,107,0.75,6,1,1,1
S-15364,U-6364,P-1236,38,0.55,5,0,0,0
S-15365,U-6365,P-1725,59,0.38,2,1,0,0
S-15366,U-6366,P-1539,242,0.32,3,0,0,0
S-15367,U-6367,P-1688,3,0.63,8,1,0,0
S-15368,U-6368,P-1337,275,0.11,3,1,0,0
S-15369,U-6369,P-1230,149,0.26,1,1,1,0
S-15370,U-6370,P-1896,202,0.72,5,1,0,0
S-15371,U-6371,P-1628,236,0.72,5,1,0,0
S-15372,U-6372,P-1672,202,0.75,0,0,0,0
S-15373,U-6373,P-1126,293,0.18,6,0,0,0
S-15374,U-6374,P-1070,111,0.74,1,1,1,1
S-15375,U-6375,P-1902,163,0.86,9,1,0,0
S-15376,U-6376,P-1585,235,0.13,0,1,0,0
S-15377,U-6377,P-1818,212,0.56,8,0,0,0
S-15378,U-6378,P-1475,227,0.79,7,0,0,0
S-15379,U-6379,P-1290,103,0.9,5,0,0,0
S-15380,U-6380,P-1861,264,0.75,9,1,0,0
S-15381,U-6381,P-1561,204,0.41,4,1,0,0
S-15382,U-6382,P-1948,105,0.96,2,0,0,0
S-15383,U-6383,P-1213,55,0.6,8,0,0,0
S-15384,U-6384,P-1306,5,0.78,9,0,0,0
S-15385,U-6385,P-1243,131,0.92,5,0,0,0
S-15386,U-6386,P-1426,169,0.86,3,1,0,0
S-15387,U-6387,P-1530,229,0.97,1,1,0,0
S-15388,U-6388,P-1600,128,0.91,0,1,0,0
S-15389,U-6389,P-1062,140,0.17,2,0,0,0
S-15390,U-6390,P-1313,22,0.64,0,1,0,0
S-15391,U-6391,P-1231,193,0.33,8,0,0,0
S-15392,U-6392,P-1475,118,0.36,1,1,1,1
S-15393,U-6393,P-1440,211,0.61,5,0,0,0
S-15394,U-6394,P-1238,117,0.41,9,0,0,0
S-15395,U-6395,P-1216,258,0.78,0,0,0,0
S-15396,U-6396,P-1171,271,1.0,6,1,0,0
S-15397,U-6397,P-1085,4,0.3,6,1,0,0
S-15398,U-6398,P-1432,176,0.85,9,1,1,1
S-15399,U-6399,P-1675,171,0.86,0,1,0,0
S-15400,U-6400,P-1357,69,0.5,2,1,0,0
S-15401,U-6401,P-1736,181,0.57,6,1,0,0
S-15402,U-6402,P-1489,169,0.89,7,0,0,0
S-15403,U-6403,P-1341,155,0.17,6,1,0,0
S-15404,U-6404,P-1731,29,1.0,3,0,0,0
S-15405,U-6405,P-1032,215,0.88,6,0,0,0
S-15406,U-6406,P-1891,186,0.12,9,0,0,0
S-15407,U-6407,P-1418,280,0.17,9,1,0,0
S-15408,U-6408,P-1180,282,0.13,9,1,0,0
S-15409,U-6409,P-1911,190,0.25,0,0,0,0
S-15410,U-6410,P-1748,29,0.99,5,0,0,0
S-15411,U-6411,P-1700,25,0.65,4,0,0,0
S-15412,U-6412,P-1858,110,0.44,0,1,0,0
S-15413,U-6413,P-1946,163,0.97,2,0,0,0
S-15414,U-6414,P-1601,32,0.93,3,1,0,0
S-15415,U-6415,P-1687,156,0.92,1,0,0,0
S-15416,U-6416,P-1873,68,0.24,4,1,0,0
S-15417,U-6417,P-1588,188,0.33,2,0,0,0
S-15418,U-6418,P-1102,154,0.38,5,1,0,0
S-15419,U-6419,P-1615,100,0.78,5,0,0,0
S-15420,U-6420,P-1662,143,0.54,1,0,0,0
S-15421,U-6421,P-1956,77,0.19,7,1,0,0
S-15422,U-6422,P-1395,275,0.46,5,1,0,0
S-15423,U-6423,P-1433,259,0.69,3,1,0,0
S-15424,U-6424,P-1619,107,0.34,1,0,1,1
S-15425,U-6425,P-1771,249,0.41,6,0,0,0
S-15426,U-6426,P-1831,297,0.95,6,0,0,0
S-15427,U-6427,P-1897,205,0.91,8,0,0,0
S-15428,U-6428,P-1914,46,0.88,7,0,0,0
S-15429,U-6429,P-1344,232,0.17,3,0,0,0
S-15430,U-6430,P-1528,47,0.29,3,0,0,0
S-15431,U-6431,P-1860,164,1.0,6,1,0,0
S-15432,U-6432,P-1156,154,0.93,7,0,0,0
S-15433,U-6433,P-1501,36,0.22,5,1,0,0
S-15434,U-6434,P-1307,140,0.26,0,1,0,0
S-15435,U-6435,P-1373,56,0.79,1,1,0,0
S-15436,U-6436,P-1277,173,0.94,7,1,0,0
S-15437,U-6437,P-1058,116,0.19,2,0,0,0
S-15438,U-6438,P-1514,95,0.34,0,1,0,0
S-15439,U-6439,P-1960,127,0.63,4,1,0,0
S-15440,U-6440,P-1333,197,0.32,6,1,0,0
S-15441,U-6441,P-1798,13,0.99,0,0,1,1
S-15442,U-6442,P-1521,177,0.99,1,0,0,0
S-15443,U-6443,P-1643,258,0.29,4,1,0,0
S-15444,U-6444,P-1532,154,0.65,0,0,0,0
S-15445,U-6445,P-1936,104,0.16,0,1,0,0
S-15446,U-6446,P-1910,86,0.49,1,0,0,0
S-15447,U-6447,P-1306,2,0.7,6,1,0,0
S-15448,U-6448,P-1893,292,0.35,4,1,0,0
S-15449,U-6449,P-1187,104,0.94,1,0,0,0
S-15450,U-6450,P-1260,5,0.23,3,1,0,0
S-15451,U-6451,P-1910,183,0.17,9,1,0,0
S-15452,U-6452,P-1078,19,0.44,6,0,0,0
S-15453,U-6453,P-1413,1,0.61,6,0,0,0
S-15454,U-6454,P-1788,255,0.17,3,0,0,0
S-15455,U-6455,P-1369,109,0.22,3,1,0,0
S-15456,U-6456,P-1928,175,0.67,9,1,0,0
S-15457,U-6457,P-1476,185,0.74,8,0,0,0
S-15458,U-6458,P-1281,253,0.85,8,1,0,0
S-15459,U-6459,P-1117,196,0.67,0,0,0,0
S-15460,U-6460,P-1161,191,0.65,0,1,0,0
S-15461,U-6461,P-1370,190,0.47,9,0,0,0
S-15462,U-6462,P-1208,242,0.46,0,1,0,0
S-15463,U-6463,P-1002,298,0.18,6,1,0,0
S-15464,U-6464,P-1249,274,0.83,8,0,0,0
S-15465,U-6465,P-1542,135,0.81,6,1,0,0
S-15466,U-6466,P-1466,60,0.9,6,0,1,1
S-15467,U-6467,P-1341,9,0.18,5,0,0,0
S-15468,U-6468,P-1721,91,0.37,5,0,0,0
S-15469,U-6469,P-1632,22,0.26,3,1,0,0
S-15470,U-6470,P-1196,83,0.58,8,1,1,0
S-15471,U-6471,P-1194,125,0.67,3,1,0,0
S-15472,U-6472,P-1994,112,0.99,4,1,0,0
S-15473,U-6473,P-1937,89,0.9,6,1,0,0
S-15474,U-6474,P-1012,293,0.78,6,1,0,0
S-15475,U-6475,P-1848,55,0.79,7,0,0,0
S-15476,U-6476,P-1937,124,0.88,0,0,0,0
S-15477,U-6477,P-1513,30,0.68,6,1,0,0
S-15478,U-6478,P-1428,120,0.41,8,1,0,0
S-15479,U-6479,P-1920,241,0.2,5,1,0,0
S-15480,U-6480,P-1798,196,0.2,7,1,0,0
S-15481,U-6481,P-1301,140,0.22,8,1,0,0
S-15482,U-6482,P-1850,295,0.97,3,0,0,0
S-15483,U-6483,P-1907,281,0.1,3,1,0,0
S-15484,U-6484,P-1743,105,0.26,1,0,0,0
S-15485,U-6485,P-1344,218,0.42,6,1,1,0
S-15486,U-6486,P-1778,260,0.29,8,1,1,1
S-15487,U-6487,P-1098,162,0.29,0,0,0,0
S-15488,U-6488,P-1187,273,0.26,3,1,0,0
S-15489,U-6489,P-1686,77,0.36,1,1,0,0
S-15490,U-6490,P-1144,156,0.26,3,1,0,0
S-15491,U-6491,P-1184,148,0.17,7,0,0,0
S-15492,U-6492,P-1604,77,0.43,9,1,0,0
S-15493,U-6493,P-1987,161,0.36,2,0,0,0
S-15494,U-6494,P-1296,64,0.14,2,0,0,0
S-15495,U-6495,P-1979,203,0.77,5,1,0,0
S-15496,U-6496,P-1221,18,0.16,0,1,0,0
S-15497,U-6497,P-1423,12,0.84,4,0,0,0
S-15498,U-6498,P-1482,262,0.3,9,0,0,0
S-15499,U-6499,P-1415,219,0.72,5,0,0,0
S-15500,U-6500,P-1104,181,0.59,7,1,0,0
S-15501,U-6501,P-1605,118,0.96,3,0,0,0
S-15502,U-6502,P-1298,118,0.35,0,0,0,0
S-15503,U-6503,P-1423,133,0.27,6,1,0,0
S-15504,U-6504,P-1296,235,0.38,0,1,0,0
S-15505,U-6505,P-1371,236,0.15,5,1,0,0
S-15506,U-6506,P-1744,92,0.22,5,1,0,0
S-15507,U-6507,P-1924,3,0.36,8,0,0,0
S-15508,U-6508,P-1042,286,0.2,7,1,0,0
S-15509,U-6509,P-1872,133,0.28,4,0,0,0
S-15510,U-6510,P-1734,63,0.9,0,1,0,0
S-15511,U-6511,P-1614,266,0.26,3,1,0,0
S-15512,U-6512,P-1739,91,0.78,3,0,0,0
S-15513,U-6513,P-1258,30,0.89,8,1,0,0
S-15514,U-6514,P-1733,184,0.21,7,0,0,0
S-15515,U-6515,P-1501,131,0.26,3,1,0,0
S-15516,U-6516,P-1028,70,0.93,6,1,1,1
S-15517,U-6517,P-1248,140,0.92,6,1,0,0
S-15518,U-6518,P-1728,71,0.73,6,1,0,0
S-15519,U-6519,P-1469,91,0.96,8,1,0,0
S-15520,U-6520,P-1354,264,0.37,8,1,0,0
S-15521,U-6521,P-1122,19,0.79,6,0,0,0
S-15522,U-6522,P-1306,117,0.8,6,0,0,0
S-15523,U-6523,P-1873,44,0.68,3,0,0,0
S-15524,U-6524,P-1140,61,0.45,0,0,0,0
S-15525,U-6525,P-1911,113,0.56,7,1,0,0
S-15526,U-6526,P-1230,204,0.43,4,0,0,0
S-15527,U-6527,P-1986,110,0.22,8,1,0,0
S-15528,U-6528,P-1882,106,0.19,9,1,0,0
S-15529,U-6529,P-1416,14,0.19,2,1,0,0
S-15530,U-6530,P-1296,192,0.67,7,1,0,0
S-15531,U-6531,P-1153,208,0.11,5,0,0,0
S-15532,U-6532,P-1479,169,0.19,0,1,0,0
S-15533,U-6533,P-1269,272,0.39,1,0,0,0
S-15534,U-6534,P-1791,113,0.64,4,0,0,0
S-15535,U-6535,P-1676,7,0.83,0,1,0,0
S-15536,U-6536,P-1487,147,0.7,9,1,0,0
S-15537,U-6537,P-1674,234,0.15,5,1,0,0
S-15538,U-6538,P-1067,146,0.46,0,1,0,0
S-15539,U-6539,P-1438,259,0.66,5,1,0,0
S-15540,U-6540,P-1631,71,0.41,3,0,0,0
S-15541,U-6541,P-1520,101,0.49,9,1,0,0
S-15542,U-6542,P-1345,78,0.64,9,1,0,0
S-15543,U-6543,P-1114,193,0.31,3,0,0,0
S-15544,U-6544,P-1884,179,0.8,7,0,0,0
S-15545,U-6545,P-1190,263,0.19,3,1,0,0
S-15546,U-6546,P-1249,161,0.21,3,0,0,0
S-15547,U-6547,P-1341,14,0.99,2,0,0,0
S-15548,U-6548,P-1633,263,0.86,4,1,0,0
S-15549,U-6549,P-1898,73,0.67,1,0,0,0
S-15550,U-6550,P-1915,60,0.74,1,0,0,0
S-15551,U-6551,P-1393,253,0.38,8,1,0,0
S-15552,U-6552,P-1681,40,0.95,7,1,0,0
S-15553,U-6553,P-1406,186,0.59,1,0,0,0
S-15554,U-6554,P-1976,267,0.21,2,0,0,0
S-15555,U-6555,P-1462,256,0.95,3,0,0,0
S-15556,U-6556,P-1656,276,0.44,2,0,0,0
S-15557,U-6557,P-1285,257,0.86,9,1,0,0
S-15558,U-6558,P-1204,26,0.26,3,0,0,0
S-15559,U-6559,P-1591,32,0.97,5,0,0,0
S-15560,U-6560,P-1973,50,0.15,8,0,0,0
S-15561,U-6561,P-1493,3,0.24,3,1,0,0
S-15562,U-6562,P-1951,240,0.2,4,1,0,0
S-15563,U-6563,P-1318,230,0.42,0,0,0,0
S-15564,U-6564,P-1128,95,0.81,4,0,0,0
S-15565,U-6565,P-1685,213,0.24,3,0,0,0
S-15566,U-6566,P-1825,249,0.35,9,1,1,0
S-15567,U-6567,P-1806,87,0.68,2,1,0,0
S-15568,U-6568,P-1646,37,0.55,6,1,0,0
S-15569,U-6569,P-1637,86,0.69,0,1,0,0
S-15570,U-6570,P-1214,80,0.99,0,0,0,0
S-15571,U-6571,P-1254,285,0.6,5,1,0,0
S-15572,U-6572,P-1072,62,0.76,3,0,0,0
S-15573,U-6573,P-1280,188,0.51,2,1,0,0
S-15574,U-6574,P-1969,178,0.9,9,1,0,0
S-15575,U-6575,P-1587,119,0.58,1,1,0,0
S-15576,U-6576,P-1256,55,0.5,4,1,1,0
S-15577,U-6577,P-1486,251,0.87,2,1,0,0
S-15578,U-6578,P-1675,7,0.26,4,0,0,0
S-15579,U-6579,P-1598,6,0.59,6,0,1,1
S-15580,U-6580,P-1043,89,0.7,7,1,0,0
S-15581,U-6581,P-1021,185,0.28,8,1,0,0
S-15582,U-6582,P-1437,197,0.98,6,0,0,0
S-15583,U-6583,P-1615,88,0.49,9,1,0,0
S-15584,U-6584,P-1533,243,0.96,0,0,0,0
S-15585,U-6585,P-1551,175,0.7,5,1,0,0
S-15586,U-6586,P-1037,152,0.6,5,0,0,0
S-15587,U-6587,P-1489,124,0.57,1,0,0,0
S-15588,U-6588,P-1189,133,0.18,8,0,0,0
S-15589,U-6589,P-1302,30,0.26,4,0,0,0
S-15590,U-6590,P-1660,191,0.63,7,0,0,0
S-15591,U-6591,P-1597,253,0.37,5,0,0,0
S-15592,U-6592,P-1075,190,0.16,0,0,0,0
S-15593,U-6593,P-1603,130,0.12,2,1,0,0
S-15594,U-6594,P-1265,177,0.26,3,0,0,0
S-15595,U-6595,P-1788,265,0.61,0,1,0,0
S-15596,U-6596,P-1366,94,0.64,8,0,0,0
S-15597,U-6597,P-1508,199,0.35,9,0,0,0
S-15598,U-6598,P-1634,16,0.16,2,1,0,0
S-15599,U-6599,P-1676,158,0.39,1,1,0,0
S-15600,U-6600,P-1378,297,0.2,9,1,0,0
S-15601,U-6601,P-1945,252,0.82,0,1,0,0
S-15602,U-6602,P-1923,213,0.77,8,1,0,0
S-15603,U-6603,P-1489,93,0.7,6,0,0,0
S-15604,U-6604,P-1220,1,0.34,2,1,0,0
S-15605,U-6605,P-1961,217,0.16,2,0,0,0
S-15606,U-6606,P-1425,158,0.71,5,0,1,0
S-15607,U-6607,P-1375,271,0.59,6,0,0,0
S-15608,U-6608,P-1878,85,0.7,8,1,0,0
S-15609,U-6609,P-1277,234,0.6,8,1,0,0
S-15610,U-6610,P-1821,180,0.29,7,0,0,0
S-15611,U-6611,P-1412,166,0.85,1,0,1,0
S-15612,U-6612,P-1718,278,0.53,1,1,0,0
S-15613,U-6613,P-1341,174,0.98,7,0,0,0
S-15614,U-6614,P-1328,258,0.73,4,0,0,0
S-15615,U-6615,P-1682,268,0.48,5,0,0,0
S-15616,U-6616,P-1507,197,0.83,7,1,0,0
S-15617,U-6617,P-1891,244,0.14,3,0,0,0
S-15618,U-6618,P-1112,202,0.95,5,0,0,0
S-15619,U-6619,P-1671,81,0.41,0,1,0,0
S-15620,U-6620,P-1029,2,0.32,4,0,0,0
S-15621,U-6621,P-1259,131,0.61,4,0,0,0
S-15622,U-6622,P-1319,220,0.35,8,0,0,0
S-15623,U-6623,P-1671,195,0.24,2,0,0,0
S-15624,U-6624,P-1261,146,0.77,2,0,0,0
S-15625,U-6625,P-1694,150,0.41,0,1,1,0
S-15626,U-6626,P-1764,138,0.68,1,1,0,0
S-15627,U-6627,P-1542,291,0.37,3,0,0,0
S-15628,U-6628,P-1737,199,0.71,0,1,0,0
S-15629,U-6629,P-1341,64,0.78,8,0,0,0
S-15630,U-6630,P-1306,5,0.8,8,1,0,0
S-15631,U-6631,P-1092,266,0.85,8,1,0,0
S-15632,U-6632,P-1197,169,0.41,2,0,0,0
S-15633,U-6633,P-1083,50,0.24,7,1,0,0
S-15634,U-6634,P-1815,69,0.24,4,1,0,0
S-15635,U-6635,P-1699,110,0.43,1,1,0,0
S-15636,U-6636,P-1879,119,0.26,7,0,0,0
S-15637,U-6637,P-1353,95,0.47,3,0,0,0
S-15638,U-6638,P-1968,28,0.64,8,0,0,0
S-15639,U-6639,P-1823,252,0.64,1,1,0,0
S-15640,U-6640,P-1680,36,0.5,5,0,0,0
S-15641,U-6641,P-1985,193,0.34,0,1,0,0
S-15642,U-6642,P-1994,165,0.94,0,1,0,0
S-15643,U-6643,P-1818,27,0.78,7,1,0,0
S-15644,U-6644,P-1184,76,0.37,3,0,0,0
S-15645,U-6645,P-1440,167,0.93,5,0,0,0
S-15646,U-6646,P-1931,15,0.91,2,1,0,0
S-15647,U-6647,P-1182,227,0.27,8,1,0,0
S-15648,U-6648,P-1441,5,0.8,4,0,0,0
S-15649,U-6649,P-1235,2,0.59,4,1,0,0
S-15650,U-6650,P-1085,1,0.71,9,1,0,0
S-15651,U-6651,P-1027,127,0.96,6,0,0,0
S-15652,U-6652,P-1481,132,0.48,4,1,0,0
S-15653,U-6653,P-1398,131,0.74,7,0,0,0
S-15654,U-6654,P-1580,283,0.23,0,1,0,0
S-15655,U-6655,P-1102,266,0.97,9,0,0,0
S-15656,U-6656,P-1381,115,0.43,7,1,0,0
S-15657,U-6657,P-1109,240,0.46,8,1,0,0
S-15658,U-6658,P-1101,280,0.64,3,1,0,0
S-15659,U-6659,P-1030,16,0.3,5,0,1,0
S-15660,U-6660,P-1505,238,0.12,5,1,0,0
S-15661,U-6661,P-1768,5,0.4,6,0,0,0
S-15662,U-6662,P-1622,287,0.16,3,1,0,0
S-15663,U-6663,P-1066,124,0.42,0,0,0,0
S-15664,U-6664,P-1694,268,0.44,6,1,0,0
S-15665,U-6665,P-1950,118,0.31,2,0,0,0
S-15666,U-6666,P-1618,35,0.13,3,0,0,0
S-15667,U-6667,P-1868,252,0.33,2,1,0,0
S-15668,U-6668,P-1123,112,0.8,5,0,0,0
S-15669,U-6669,P-1821,120,0.26,7,1,0,0
S-15670,U-6670,P-1787,185,0.61,9,0,0,0
S-15671,U-6671,P-1006,260,0.52,3,0,0,0
S-15672,U-6672,P-1553,267,0.62,4,1,0,0
S-15673,U-6673,P-1422,148,0.9,3,1,0,0
S-15674,U-6674,P-1380,226,0.59,9,1,0,0
S-15675,U-6675,P-1954,65,0.64,1,0,0,0
S-15676,U-6676,P-1338,262,0.9,4,0,0,0
S-15677,U-6677,P-1392,224,0.25,6,0,0,0
S-15678,U-6678,P-1740,10,0.34,5,1,0,0
S-15679,U-6679,P-1457,217,0.53,9,0,0,0
S-15680,U-6680,P-1554,187,0.25,0,1,0,0
S-15681,U-6681,P-1263,6,0.98,9,0,0,0
S-15682,U-6682,P-1138,81,0.17,7,0,0,0
S-15683,U-6683,P-1977,30,0.7,6,0,0,0
S-15684,U-6684,P-1560,186,0.33,3,0,0,0
S-15685,U-6685,P-1414,171,0.58,3,1,0,0
S-15686,U-6686,P-1906,187,0.23,9,0,0,0
S-15687,U-6687,P-1579,131,0.21,3,0,0,0
S-15688,U-6688,P-1812,81,0.32,0,0,0,0
S-15689,U-6689,P-1943,90,0.15,6,1,0,0
S-15690,U-6690,P-1920,234,0.49,4,0,1,0
S-15691,U-6691,P-1981,292,0.38,7,1,0,0
S-15692,U-6692,P-1202,105,0.54,7,0,0,0
S-15693,U-6693,P-1040,53,0.34,1,1,0,0
S-15694,U-6694,P-1396,152,0.77,8,0,0,0
S-15695,U-6695,P-1967,140,0.99,8,0,0,0
S-15696,U-6696,P-1569,255,0.4,6,1,0,0
S-15697,U-6697,P-1304,96,1.0,1,0,0,0
S-15698,U-6698,P-1459,262,0.69,8,1,0,0
S-15699,U-6699,P-1297,76,0.46,9,0,0,0
S-15700,U-6700,P-1634,264,0.51,4,0,0,0
S-15701,U-6701,P-1432,154,0.3,9,1,0,0
S-15702,U-6702,P-1355,63,0.86,0,1,1,1
S-15703,U-6703,P-1960,186,0.88,5,1,0,0
S-15704,U-6704,P-1711,161,0.79,1,1,0,0
S-15705,U-6705,P-1011,216,0.76,8,1,0,0
S-15706,U-6706,P-1435,217,0.49,9,1,0,0
S-15707,U-6707,P-1196,153,0.23,6,1,0,0
S-15708,U-6708,P-1560,39,0.35,1,1,0,0
S-15709,U-6709,P-1004,95,0.84,1,0,0,0
S-15710,U-6710,P-1643,193,0.45,1,0,0,0
S-15711,U-6711,P-1750,163,0.52,2,0,0,0
S-15712,U-6712,P-1300,101,0.11,0,0,0,0
S-15713,U-6713,P-1089,224,0.16,1,1,0,0
S-15714,U-6714,P-1534,224,0.72,3,1,0,0
S-15715,U-6715,P-1428,247,0.29,4,1,0,0
S-15716,U-6716,P-1441,256,0.14,5,1,0,0
S-15717,U-6717,P-1075,242,0.41,3,0,0,0
S-15718,U-6718,P-1218,146,0.26,3,0,0,0
S-15719,U-6719,P-1928,85,0.81,8,0,1,0
S-15720,U-6720,P-1674,8,0.32,9,0,0,0
S-15721,U-6721,P-1031,216,0.19,8,1,0,0
S-15722,U-6722,P-1190,289,0.1,7,0,0,0
S-15723,U-6723,P-1129,17,0.52,1,1,0,0
S-15724,U-6724,P-1179,47,0.7,1,0,0,0
S-15725,U-6725,P-1257,120,0.95,4,1,0,0
S-15726,U-6726,P-1727,243,0.73,7,0,0,0
S-15727,U-6727,P-1812,144,0.52,5,1,0,0
S-15728,U-6728,P-1697,152,0.37,0,1,0,0
S-15729,U-6729,P-1928,98,0.18,4,1,0,0
S-15730,U-6730,P-1806,140,0.39,4,1,0,0
S-15731,U-6731,P-1863,53,0.96,7,1,0,0
S-15732,U-6732,P-1386,240,0.92,6,0,0,0
S-15733,U-6733,P-1265,106,0.24,9,0,0,0
S-15734,U-6734,P-1022,194,0.94,0,0,0,0
S-15735,U-6735,P-1440,170,0.6,0,0,0,0
S-15736,U-6736,P-1571,106,0.13,9,1,0,0
S-15737,U-6737,P-1928,114,0.8,9,1,0,0
S-15738,U-6738,P-1612,59,0.43,0,1,0,0
S-15739,U-6739,P-1899,213,0.46,3,0,0,0
S-15740,U-6740,P-1603,196,0.76,8,1,0,0
S-15741,U-6741,P-1277,125,0.4,9,0,0,0
S-15742,U-6742,P-1539,159,0.25,9,0,0,0
S-15743,U-6743,P-1940,267,0.28,1,0,0,0
S-15744,U-6744,P-1954,142,0.99,5,0,0,0
S-15745,U-6745,P-1846,228,0.86,8,1,0,0
S-15746,U-6746,P-1848,164,0.66,9,0,0,0
S-15747,U-6747,P-1542,229,0.56,0,0,0,0
S-15748,U-6748,P-1391,238,0.66,4,0,0,0
S-15749,U-6749,P-1277,68,0.68,1,1,0,0
S-15750,U-6750,P-1637,112,0.55,3,1,0,0
S-15751,U-6751,P-1738,29,0.21,4,0,0,0
S-15752,U-6752,P-1554,137,0.27,1,1,0,0
S-15753,U-6753,P-1435,206,0.23,9,1,0,0
S-15754,U-6754,P-1246,289,0.27,6,1,0,0
S-15755,U-6755,P-1009,189,0.59,0,0,0,0
S-15756,U-6756,P-1306,181,0.57,5,1,0,0
S-15757,U-6757,P-1839,131,0.32,7,1,0,0
S-15758,U-6758,P-1256,95,0.68,8,1,0,0
S-15759,U-6759,P-1189,250,0.83,5,1,0,0
S-15760,U-6760,P-1882,29,0.62,1,1,0,0
S-15761,U-6761,P-1000,153,0.92,3,0,0,0
S-15762,U-6762,P-1967,251,0.51,9,1,0,0
S-15763,U-6763,P-1226,98,0.32,9,0,0,0
S-15764,U-6764,P-1482,92,0.1,1,1,0,0
S-15765,U-6765,P-1221,197,0.34,8,1,0,0
S-15766,U-6766,P-1712,191,0.35,2,0,0,0
S-15767,U-6767,P-1863,259,0.41,3,0,0,0
S-15768,U-6768,P-1328,174,0.13,4,1,0,0
S-15769,U-6769,P-1797,97,0.6,0,0,0,0
S-15770,U-6770,P-1774,150,1.0,1,1,0,0
S-15771,U-6771,P-1371,61,0.23,0,1,0,0
S-15772,U-6772,P-1640,44,0.12,5,1,0,0
S-15773,U-6773,P-1960,277,0.22,9,1,0,0
S-15774,U-6774,P-1021,96,0.29,5,0,0,0
S-15775,U-6775,P-1956,277,0.16,3,0,0,0
S-15776,U-6776,P-1836,186,0.25,7,1,0,0
S-15777,U-6777,P-1975,241,0.1,7,1,0,0
S-15778,U-6778,P-1756,43,0.69,0,1,0,0
S-15779,U-6779,P-1048,230,0.32,4,0,1,1
S-15780,U-6780,P-1453,200,0.81,3,1,0,0
S-15781,U-6781,P-1560,78,0.51,6,1,0,0
S-15782,U-6782,P-1706,238,0.5,9,1,0,0
S-15783,U-6783,P-1577,147,0.36,2,1,0,0
S-15784,U-6784,P-1884,200,0.9,4,0,0,0
S-15785,U-6785,P-1956,102,0.73,2,0,0,0
S-15786,U-6786,P-1655,191,0.81,1,1,0,0
S-15787,U-6787,P-1801,89,0.6,4,0,0,0
S-15788,U-6788,P-1297,262,0.45,0,0,0,0
S-15789,U-6789,P-1038,277,0.43,4,0,0,0
S-15790,U-6790,P-1210,214,0.92,7,0,0,0
S-15791,U-6791,P-1297,67,0.59,2,0,0,0
S-15792,U-6792,P-1315,128,0.41,3,0,0,0
S-15793,U-6793,P-1022,273,0.74,3,1,0,0
S-15794,U-6794,P-1724,168,0.76,7,1,0,0
S-15795,U-6795,P-1059,20,0.53,3,1,0,0
S-15796,U-6796,P-1330,288,0.38,6,0,0,0
S-15797,U-6797,P-1490,96,0.89,1,0,0,0
S-15798,U-6798,P-1912,149,0.99,5,0,0,0
S-15799,U-6799,P-1725,31,0.32,5,1,0,0
S-15800,U-6800,P-1981,164,0.94,4,0,0,0
S-15801,U-6801,P-1326,118,0.55,5,0,0,0
S-15802,U-6802,P-1667,297,0.7,7,0,0,0
S-15803,U-6803,P-1272,175,0.8,7,0,0,0
S-15804,U-6804,P-1755,44,0.26,8,1,0,0
S-15805,U-6805,P-1381,253,0.87,1,1,0,0
S-15806,U-6806,P-1464,197,0.9,7,1,0,0
S-15807,U-6807,P-1808,287,0.51,3,0,0,0
S-15808,U-6808,P-1812,264,0.81,2,0,0,0
S-15809,U-6809,P-1976,156,0.63,1,1,0,0
S-15810,U-6810,P-1419,188,0.16,3,1,1,0
S-15811,U-6811,P-1137,65,0.76,0,1,0,0
S-15812,U-6812,P-1110,115,0.62,4,0,0,0
S-15813,U-6813,P-1501,140,0.3,9,0,0,0
S-15814,U-6814,P-1691,5,0.19,0,0,0,0
S-15815,U-6815,P-1026,118,0.38,5,1,0,0
S-15816,U-6816,P-1218,145,0.99,6,1,0,0
S-15817,U-6817,P-1424,287,0.13,4,1,0,0
S-15818,U-6818,P-1910,135,0.26,4,0,0,0
S-15819,U-6819,P-1955,65,1.0,6,1,0,0
S-15820,U-6820,P-1809,162,0.2,3,0,0,0
S-15821,U-6821,P-1158,264,0.55,2,1,0,0
S-15822,U-6822,P-1966,207,0.43,3,1,0,0
S-15823,U-6823,P-1120,142,0.1,5,1,0,0
S-15824,U-6824,P-1858,101,0.52,3,1,0,0
S-15825,U-6825,P-1860,273,0.51,8,1,0,0
S-15826,U-6826,P-1928,186,0.44,5,1,0,0
S-15827,U-6827,P-1904,10,0.7,3,0,0,0
S-15828,U-6828,P-1954,289,0.6,8,0,0,0
S-15829,U-6829,P-1216,178,0.81,6,1,0,0
S-15830,U-6830,P-1744,170,0.46,6,1,0,0
S-15831,U-6831,P-1871,12,0.96,1,0,1,0
S-15832,U-6832,P-1017,245,0.3,7,1,0,0
S-15833,U-6833,P-1724,33,0.53,1,1,0,0
S-15834,U-6834,P-1916,28,0.52,3,0,0,0
S-15835,U-6835,P-1234,77,0.37,2,1,0,0
S-15836,U-6836,P-1937,170,0.34,2,1,0,0
S-15837,U-6837,P-1808,175,0.97,7,0,0,0
S-15838,U-6838,P-1228,106,0.65,1,1,0,0
S-15839,U-6839,P-1213,26,0.61,6,0,0,0
S-15840,U-6840,P-1413,3,0.92,0,1,0,0
S-15841,U-6841,P-1379,12,0.18,1,0,0,0
S-15842,U-6842,P-1802,182,0.7,5,0,0,0
S-15843,U-6843,P-1555,232,0.12,4,0,0,0
S-15844,U-6844,P-1441,103,0.16,3,1,1,1
S-15845,U-6845,P-1880,3,0.67,3,1,0,0
S-15846,U-6846,P-1415,259,0.35,0,1,0,0
S-15847,U-6847,P-1796,203,0.36,6,0,0,0
S-15848,U-6848,P-1763,5,0.95,3,1,0,0
S-15849,U-6849,P-1522,264,0.87,0,1,0,0
S-15850,U-6850,P-1201,12,0.94,4,0,0,0
S-15851,U-6851,P-1315,132,0.42,2,1,0,0
S-15852,U-6852,P-1541,62,0.84,3,0,0,0
S-15853,U-6853,P-1136,148,0.57,8,0,0,0
S-15854,U-6854,P-1050,20,0.88,0,0,0,0
S-15855,U-6855,P-1065,126,0.95,3,0,0,0
S-15856,U-6856,P-1222,299,0.33,9,0,0,0
S-15857,U-6857,P-1210,227,0.8,3,1,0,0
S-15858,U-6858,P-1054,27,0.6,8,1,0,0
S-15859,U-6859,P-1599,30,0.91,9,0,0,0
S-15860,U-6860,P-1598,200,0.34,2,0,0,0
S-15861,U-6861,P-1895,128,0.86,9,1,0,0
S-15862,U-6862,P-1888,14,0.24,9,0,0,0
S-15863,U-6863,P-1096,294,0.87,8,0,0,0
S-15864,U-6864,P-1413,97,0.69,9,0,0,0
S-15865,U-6865,P-1644,246,0.42,4,1,0,0
S-15866,U-6866,P-1037,251,0.57,7,1,0,0
S-15867,U-6867,P-1191,223,0.43,6,0,0,0
S-15868,U-6868,P-1521,197,0.59,7,0,0,0
S-15869,U-6869,P-1355,297,0.22,7,0,0,0
S-15870,U-6870,P-1231,79,1.0,9,0,0,0
S-15871,U-6871,P-1485,154,0.43,3,1,0,0
S-15872,U-6872,P-1991,82,0.77,6,0,0,0
S-15873,U-6873,P-1208,12,0.53,3,0,0,0
S-15874,U-6874,P-1109,73,0.61,1,1,0,0
S-15875,U-6875,P-1478,257,0.3,2,1,0,0
S-15876,U-6876,P-1322,133,0.73,5,1,0,0
S-15877,U-6877,P-1490,181,0.45,6,1,0,0
S-15878,U-6878,P-1752,183,0.45,6,1,0,0
S-15879,U-6879,P-1079,138,0.45,6,1,0,0
S-15880,U-6880,P-1867,149,0.39,4,1,0,0
S-15881,U-6881,P-1431,281,0.26,8,0,0,0
S-15882,U-6882,P-1146,121,0.68,6,1,0,0
S-15883,U-6883,P-1392,253,0.39,7,1,0,0
S-15884,U-6884,P-1404,36,0.21,0,0,0,0
S-15885,U-6885,P-1904,156,0.8,8,0,0,0
S-15886,U-6886,P-1819,108,1.0,2,0,0,0
S-15887,U-6887,P-1336,166,0.17,4,0,0,0
S-15888,U-6888,P-1699,185,0.94,1,1,0,0
S-15889,U-6889,P-1487,73,0.99,8,0,0,0
S-15890,U-6890,P-1155,151,0.82,2,0,0,0
S-15891,U-6891,P-1696,33,0.99,5,0,0,0
S-15892,U-6892,P-1876,167,0.98,0,0,0,0
S-15893,U-6893,P-1056,110,0.86,8,1,0,0
S-15894,U-6894,P-1156,43,0.39,9,0,0,0
S-15895,U-6895,P-1590,236,0.24,0,0,0,0
S-15896,U-6896,P-1780,56,0.13,5,0,0,0
S-15897,U-6897,P-1019,224,0.35,7,1,0,0
S-15898,U-6898,P-1342,289,0.65,4,1,0,0
S-15899,U-6899,P-1939,1,0.88,2,0,0,0
S-15900,U-6900,P-1510,156,0.13,0,0,0,0
S-15901,U-6901,P-1677,106,0.14,8,1,1,0
S-15902,U-6902,P-1152,40,0.35,9,0,0,0
S-15903,U-6903,P-1062,72,0.34,7,1,0,0
S-15904,U-6904,P-1830,227,0.42,3,1,0,0
S-15905,U-6905,P-1817,12,0.26,7,1,0,0
S-15906,U-6906,P-1298,171,0.53,5,0,0,0
S-15907,U-6907,P-1860,181,0.8,0,0,0,0
S-15908,U-6908,P-1876,269,0.62,5,0,0,0
S-15909,U-6909,P-1862,108,0.69,6,0,0,0
S-15910,U-6910,P-1080,11,0.63,4,1,0,0
S-15911,U-6911,P-1472,284,0.98,3,1,0,0
S-15912,U-6912,P-1792,234,0.64,7,0,0,0
S-15913,U-6913,P-1945,267,0.71,9,1,0,0
S-15914,U-6914,P-1323,225,0.86,4,1,0,0
S-15915,U-6915,P-1276,96,0.99,9,1,1,0
S-15916,U-6916,P-1631,95,0.84,9,1,1,0
S-15917,U-6917,P-1179,184,0.42,5,1,0,0
S-15918,U-6918,P-1728,45,0.88,2,0,0,0
S-15919,U-6919,P-1817,160,0.11,8,0,0,0
S-15920,U-6920,P-1501,214,0.17,6,1,0,0
S-15921,U-6921,P-1860,185,0.1,5,0,0,0
S-15922,U-6922,P-1639,135,0.45,6,1,0,0
S-15923,U-6923,P-1561,299,1.0,1,0,0,0
S-15924,U-6924,P-1565,116,0.14,5,1,0,0
S-15925,U-6925,P-1214,140,0.68,5,1,0,0
S-15926,U-6926,P-1633,255,0.96,2,0,0,0
S-15927,U-6927,P-1583,196,0.9,0,0,0,0
S-15928,U-6928,P-1049,91,0.63,3,0,0,0
S-15929,U-6929,P-1387,258,0.28,6,1,0,0
S-15930,U-6930,P-1439,263,0.26,8,1,0,0
S-15931,U-6931,P-1283,99,0.31,3,1,0,0
S-15932,U-6932,P-1775,196,0.79,0,1,0,0
S-15933,U-6933,P-1748,299,0.33,3,1,0,0
S-15934,U-6934,P-1821,193,0.29,6,0,0,0
S-15935,U-6935,P-1694,285,0.63,9,0,0,0
S-15936,U-6936,P-1131,162,0.25,8,0,0,0
S-15937,U-6937,P-1502,248,0.98,5,1,0,0
S-15938,U-6938,P-1334,16,0.89,2,0,0,0
S-15939,U-6939,P-1346,226,0.37,0,1,0,0
S-15940,U-6940,P-1012,286,0.74,1,1,0,0
S-15941,U-6941,P-1977,73,0.76,5,1,0,0
S-15942,U-6942,P-1934,16,0.74,8,0,0,0
S-15943,U-6943,P-1754,215,0.85,9,0,0,0
S-15944,U-6944,P-1885,52,0.61,2,0,0,0
S-15945,U-6945,P-1949,90,0.92,9,1,0,0
S-15946,U-6946,P-1999,147,0.11,4,0,0,0
S-15947,U-6947,P-1750,178,0.72,7,1,0,0
S-15948,U-6948,P-1205,32,0.32,6,0,0,0
S-15949,U-6949,P-1766,9,0.4,5,0,0,0
S-15950,U-6950,P-1468,66,0.86,2,0,0,0
S-15951,U-6951,P-1088,69,0.57,9,1,0,0
S-15952,U-6952,P-1020,184,0.71,4,1,0,0
S-15953,U-6953,P-1205,204,0.61,2,0,0,0
S-15954,U-6954,P-1150,244,0.49,6,1,0,0
S-15955,U-6955,P-1253,2,0.49,3,0,0,0
S-15956,U-6956,P-1056,240,0.73,0,0,0,0
S-15957,U-6957,P-1688,217,0.59,1,0,0,0
S-15958,U-6958,P-1003,251,0.94,8,1,0,0
S-15959,U-6959,P-1674,197,0.28,2,0,0,0
S-15960,U-6960,P-1871,29,0.92,3,0,0,0
S-15961,U-6961,P-1559,159,0.88,8,1,0,0
S-15962,U-6962,P-1982,251,0.13,6,0,0,0
S-15963,U-6963,P-1546,264,0.1,8,0,1,0
S-15964,U-6964,P-1040,36,0.83,9,1,0,0
S-15965,U-6965,P-1632,49,0.77,7,1,1,0
S-15966,U-6966,P-1112,189,0.75,5,1,0,0
S-15967,U-6967,P-1029,3,0.66,0,1,0,0
S-15968,U-6968,P-1078,210,0.38,7,0,0,0
S-15969,U-6969,P-1002,11,0.96,3,1,0,0
S-15970,U-6970,P-1581,29,0.52,3,1,0,0
S-15971,U-6971,P-1822,170,0.6,1,0,0,0
S-15972,U-6972,P-1869,45,0.27,7,1,0,0
S-15973,U-6973,P-1147,6,0.54,1,0,0,0
S-15974,U-6974,P-1826,74,0.29,1,0,0,0
S-15975,U-6975,P-1807,165,0.4,6,0,0,0
S-15976,U-6976,P-1232,3,0.59,6,1,0,0
S-15977,U-6977,P-1699,250,0.83,4,0,0,0
S-15978,U-6978,P-1669,284,0.89,5,1,0,0
S-15979,U-6979,P-1219,20,0.46,4,1,0,0
S-15980,U-6980,P-1203,275,0.67,5,0,0,0
S-15981,U-6981,P-1969,29,0.98,1,1,0,0
S-15982,U-6982,P-1528,240,0.68,9,1,0,0
S-15983,U-6983,P-1792,255,0.92,8,1,0,0
S-15984,U-6984,P-1230,89,0.75,3,1,0,0
S-15985,U-6985,P-1970,95,0.17,2,0,0,0
S-15986,U-6986,P-1564,286,0.2,2,1,0,0
S-15987,U-6987,P-1650,113,0.29,5,1,0,0
S-15988,U-6988,P-1505,233,0.49,4,1,0,0
S-15989,U-6989,P-1436,77,0.96,0,0,0,0
S-15990,U-6990,P-1143,153,0.5,2,0,0,0
S-15991,U-6991,P-1913,244,0.45,7,1,0,0
S-15992,U-6992,P-1936,27,0.73,7,0,0,0
S-15993,U-6993,P-1495,236,0.51,7,1,1,0
S-15994,U-6994,P-1568,157,0.78,8,1,0,0
S-15995,U-6995,P-1094,28,0.67,6,1,0,0
S-15996,U-6996,P-1074,52,0.34,5,1,0,0
S-15997,U-6997,P-1057,75,0.25,7,0,0,0
S-15998,U-6998,P-1000,229,0.72,2,1,1,0
S-15999,U-6999,P-1695,49,0.18,7,1,0,0
S-16000,U-7000,P-1068,136,0.59,2,1,0,0
S-16001,U-7001,P-1855,33,0.12,8,1,0,0
S-16002,U-7002,P-1055,199,0.37,9,0,0,0
S-16003,U-7003,P-1873,212,0.21,6,0,0,0
S-16004,U-7004,P-1497,9,0.46,8,1,0,0
S-16005,U-7005,P-1482,230,0.35,1,0,0,0
S-16006,U-7006,P-1081,86,0.48,7,1,0,0
S-16007,U-7007,P-1709,71,0.47,6,0,0,0
S-16008,U-7008,P-1582,298,0.35,0,1,0,0
S-16009,U-7009,P-1575,207,0.66,3,1,0,0
S-16010,U-7010,P-1248,28,0.95,9,1,0,0
S-16011,U-7011,P-1426,189,0.24,0,0,0,0
S-16012,U-7012,P-1698,148,0.31,9,1,0,0
S-16013,U-7013,P-1235,4,0.21,4,1,0,0
S-16014,U-7014,P-1929,278,0.77,8,1,0,0
S-16015,U-7015,P-1974,230,0.55,3,1,0,0
S-16016,U-7016,P-1918,282,0.46,7,1,0,0
S-16017,U-7017,P-1261,180,0.46,5,1,1,1
S-16018,U-7018,P-1288,130,0.98,2,0,1,0
S-16019,U-7019,P-1810,281,0.84,8,1,0,0
S-16020,U-7020,P-1437,59,0.29,4,0,0,0
S-16021,U-7021,P-1788,200,0.26,7,0,0,0
S-16022,U-7022,P-1802,37,0.71,1,1,0,0
S-16023,U-7023,P-1394,244,0.84,5,0,0,0
S-16024,U-7024,P-1257,214,0.24,3,1,0,0
S-16025,U-7025,P-1190,235,0.22,9,1,0,0
S-16026,U-7026,P-1176,127,0.73,5,1,0,0
S-16027,U-7027,P-1867,104,0.83,3,1,0,0
S-16028,U-7028,P-1926,65,0.32,4,1,0,0
S-16029,U-7029,P-1226,28,0.56,1,0,1,0
S-16030,U-7030,P-1815,258,0.83,1,1,0,0
S-16031,U-7031,P-1619,167,0.65,1,0,0,0
S-16032,U-7032,P-1325,183,0.4,0,0,0,0
S-16033,U-7033,P-1616,154,0.14,5,1,1,1
S-16034,U-7034,P-1427,274,0.82,0,0,0,0
S-16035,U-7035,P-1447,298,0.22,6,1,0,0
S-16036,U-7036,P-1044,130,0.39,1,1,0,0
S-16037,U-7037,P-1497,48,0.31,5,0,0,0
S-16038,U-7038,P-1326,132,0.16,6,0,0,0
S-16039,U-7039,P-1366,112,0.26,3,1,0,0
S-16040,U-7040,P-1548,152,0.48,8,1,0,0
S-16041,U-7041,P-1969,39,0.92,3,0,0,0
S-16042,U-7042,P-1062,125,0.26,9,1,0,0
S-16043,U-7043,P-1926,119,0.84,1,0,0,0
S-16044,U-7044,P-1430,281,0.36,9,1,0,0
S-16045,U-7045,P-1865,277,0.21,8,1,0,0
S-16046,U-7046,P-1822,5,0.66,5,0,0,0
S-16047,U-7047,P-1805,181,0.69,8,1,0,0
S-16048,U-7048,P-1115,111,0.58,7,1,0,0
S-16049,U-7049,P-1204,80,0.57,6,0,0,0
S-16050,U-7050,P-1389,148,0.82,8,1,0,0
S-16051,U-7051,P-1470,113,0.18,5,0,1,1
S-16052,U-7052,P-1175,166,0.24,8,1,0,0
S-16053,U-7053,P-1293,9,0.73,6,0,0,0
S-16054,U-7054,P-1317,223,0.7,8,0,0,0
S-16055,U-7055,P-1958,120,0.72,0,0,0,0
S-16056,U-7056,P-1463,122,0.36,3,1,0,0
S-16057,U-7057,P-1634,44,0.85,5,1,0,0
S-16058,U-7058,P-1131,134,0.18,0,0,0,0
S-16059,U-7059,P-1016,161,0.94,2,0,0,0
S-16060,U-7060,P-1863,203,0.29,8,0,0,0
S-16061,U-7061,P-1152,235,0.44,8,0,0,0
S-16062,U-7062,P-1591,258,0.96,6,0,0,0
S-16063,U-7063,P-1617,259,0.81,2,1,1,0
S-16064,U-7064,P-1340,142,0.71,7,0,0,0
S-16065,U-7065,P-1494,134,0.63,4,1,0,0
S-16066,U-7066,P-1183,241,1.0,1,1,0,0
S-16067,U-7067,P-1977,208,0.6,4,0,0,0
S-16068,U-7068,P-1729,101,0.69,7,0,0,0
S-16069,U-7069,P-1160,228,0.53,1,1,1,1
S-16070,U-7070,P-1924,239,0.54,0,1,0,0
S-16071,U-7071,P-1834,148,0.32,3,0,0,0
S-16072,U-7072,P-1755,217,0.81,1,1,0,0
S-16073,U-7073,P-1705,226,0.98,8,0,0,0
S-16074,U-7074,P-1411,162,0.39,3,1,0,0
S-16075,U-7075,P-1675,274,0.25,0,0,0,0
S-16076,U-7076,P-1325,201,0.54,4,1,0,0
S-16077,U-7077,P-1684,55,0.18,6,1,0,0
S-16078,U-7078,P-1792,142,0.66,4,1,0,0
S-16079,U-7079,P-1460,84,0.9,6,1,0,0
S-16080,U-7080,P-1354,103,0.42,3,0,0,0
S-16081,U-7081,P-1707,229,0.8,9,1,0,0
S-16082,U-7082,P-1098,54,0.84,5,0,0,0
S-16083,U-7083,P-1185,251,0.84,9,0,0,0
S-16084,U-7084,P-1447,261,0.72,0,0,0,0
S-16085,U-7085,P-1669,34,0.7,9,1,0,0
S-16086,U-7086,P-1270,123,0.6,7,0,0,0
S-16087,U-7087,P-1574,99,0.71,5,1,0,0
S-16088,U-7088,P-1566,60,0.25,1,1,0,0
S-16089,U-7089,P-1865,7,0.43,1,0,0,0
S-16090,U-7090,P-1394,202,0.83,2,1,0,0
S-16091,U-7091,P-1156,29,0.36,9,1,0,0
S-16092,U-7092,P-1211,45,0.28,9,0,0,0
S-16093,U-7093,P-1650,277,0.26,1,0,0,0
S-16094,U-7094,P-1851,22,0.23,1,0,0,0
S-16095,U-7095,P-1914,5,0.2,2,0,0,0
S-16096,U-7096,P-1395,252,0.29,1,1,0,0
S-16097,U-7097,P-1675,254,0.41,9,0,0,0
S-16098,U-7098,P-1079,237,0.11,6,0,1,0
S-16099,U-7099,P-1508,46,0.7,3,0,0,0
S-16100,U-7100,P-1649,271,0.98,0,1,0,0
S-16101,U-7101,P-1825,272,0.87,2,1,0,0
S-16102,U-7102,P-1686,29,0.27,0,0,0,0
S-16103,U-7103,P-1775,175,0.89,6,0,0,0
S-16104,U-7104,P-1664,165,0.93,6,0,0,0
S-16105,U-7105,P-1612,262,0.58,5,1,0,0
S-16106,U-7106,P-1853,97,0.69,9,0,0,0
S-16107,U-7107,P-1855,62,0.87,6,0,0,0
S-16108,U-7108,P-1651,155,0.26,7,0,1,0
S-16109,U-7109,P-1318,248,0.78,7,0,0,0
S-16110,U-7110,P-1726,284,0.49,5,0,0,0
S-16111,U-7111,P-1459,291,0.61,0,0,0,0
S-16112,U-7112,P-1119,219,0.92,5,1,0,0
S-16113,U-7113,P-1493,5,0.12,0,0,0,0
S-16114,U-7114,P-1843,195,0.28,4,1,0,0
S-16115,U-7115,P-1873,252,0.56,2,1,0,0
S-16116,U-7116,P-1839,271,0.68,9,1,0,0
S-16117,U-7117,P-1921,253,0.23,8,0,0,0
S-16118,U-7118,P-1138,109,0.61,9,1,0,0
S-16119,U-7119,P-1279,64,0.87,1,1,0,0
S-16120,U-7120,P-1522,16,0.46,8,1,0,0
S-16121,U-7121,P-1282,151,0.74,7,0,0,0
S-16122,U-7122,P-1749,97,0.19,1,1,0,0
S-16123,U-7123,P-1443,3,0.27,5,0,0,0
S-16124,U-7124,P-1714,292,0.66,4,1,0,0
S-16125,U-7125,P-1424,231,0.94,3,0,0,0
S-16126,U-7126,P-1639,65,0.94,7,0,0,0
S-16127,U-7127,P-1053,119,0.42,6,1,0,0
S-16128,U-7128,P-1897,209,0.17,6,0,0,0
S-16129,U-7129,P-1617,206,0.41,8,0,0,0
S-16130,U-7130,P-1426,107,0.55,2,1,0,0
S-16131,U-7131,P-1584,77,0.72,9,0,0,0
S-16132,U-7132,P-1999,83,0.42,0,1,0,0
S-16133,U-7133,P-1143,292,0.41,7,0,0,0
S-16134,U-7134,P-1951,35,0.58,3,1,0,0
S-16135,U-7135,P-1210,111,0.27,6,1,0,0
S-16136,U-7136,P-1042,5,0.8,6,1,0,0
S-16137,U-7137,P-1978,276,0.31,2,1,0,0
S-16138,U-7138,P-1518,30,0.69,4,1,0,0
S-16139,U-7139,P-1421,154,0.4,0,0,0,0
S-16140,U-7140,P-1619,179,0.89,8,1,0,0
S-16141,U-7141,P-1737,249,0.46,9,1,0,0
S-16142,U-7142,P-1518,74,0.21,4,0,0,0
S-16143,U-7143,P-1497,173,0.44,0,1,0,0
S-16144,U-7144,P-1364,161,0.3,7,0,0,0
S-16145,U-7145,P-1639,32,0.66,6,1,1,1
S-16146,U-7146,P-1902,99,0.46,6,0,0,0
S-16147,U-7147,P-1426,101,0.98,3,0,1,0
S-16148,U-7148,P-1913,48,0.43,5,0,0,0
S-16149,U-7149,P-1632,148,0.25,9,0,0,0
S-16150,U-7150,P-1791,121,0.61,7,0,0,0
S-16151,U-7151,P-1502,216,0.61,7,1,0,0
S-16152,U-7152,P-1396,168,0.22,5,0,0,0
S-16153,U-7153,P-1570,207,0.56,4,1,0,0
S-16154,U-7154,P-1035,258,0.22,1,0,0,0
S-16155,U-7155,P-1578,257,0.84,9,1,0,0
S-16156,U-7156,P-1601,276,0.18,9,1,1,1
S-16157,U-7157,P-1935,58,0.63,1,1,0,0
S-16158,U-7158,P-1654,113,0.77,7,1,0,0
S-16159,U-7159,P-1043,52,0.48,9,0,1,0
S-16160,U-7160,P-1509,222,0.98,1,0,0,0
S-16161,U-7161,P-1113,177,0.98,8,0,0,0
S-16162,U-7162,P-1862,234,0.28,9,1,0,0
S-16163,U-7163,P-1509,149,0.3,9,0,0,0
S-16164,U-7164,P-1948,221,0.37,9,1,0,0
S-16165,U-7165,P-1786,24,0.85,4,0,0,0
S-16166,U-7166,P-1158,218,0.5,5,0,0,0
S-16167,U-7167,P-1107,179,0.91,8,1,0,0
S-16168,U-7168,P-1129,266,0.46,1,0,0,0
S-16169,U-7169,P-1601,19,0.34,5,0,0,0
S-16170,U-7170,P-1776,202,0.69,3,0,0,0
S-16171,U-7171,P-1068,180,0.24,7,0,0,0
S-16172,U-7172,P-1743,281,0.17,5,0,0,0
S-16173,U-7173,P-1275,130,0.52,6,0,0,0
S-16174,U-7174,P-1289,129,0.38,8,1,0,0
S-16175,U-7175,P-1753,170,0.24,5,1,0,0
S-16176,U-7176,P-1478,208,0.27,6,1,0,0
S-16177,U-7177,P-1069,62,0.58,5,0,0,0
S-16178,U-7178,P-1770,251,0.29,6,1,0,0
S-16179,U-7179,P-1912,176,0.76,2,0,0,0
S-16180,U-7180,P-1202,136,0.54,4,0,0,0
S-16181,U-7181,P-1444,168,0.41,0,0,0,0
S-16182,U-7182,P-1133,86,0.22,0,1,0,0
S-16183,U-7183,P-1375,80,0.54,0,1,0,0
S-16184,U-7184,P-1755,167,0.74,1,0,0,0
S-16185,U-7185,P-1018,59,0.36,8,0,0,0
S-16186,U-7186,P-1879,98,0.53,2,0,0,0
S-16187,U-7187,P-1889,248,0.73,1,1,0,0
S-16188,U-7188,P-1079,64,0.93,8,1,0,0
S-16189,U-7189,P-1363,139,0.95,4,0,0,0
S-16190,U-7190,P-1651,29,0.27,2,0,0,0
S-16191,U-7191,P-1320,250,0.86,9,0,0,0
S-16192,U-7192,P-1278,87,0.57,1,1,0,0
S-16193,U-7193,P-1193,38,0.88,2,1,0,0
S-16194,U-7194,P-1106,249,0.51,1,0,0,0
S-16195,U-7195,P-1223,170,0.18,6,1,0,0
S-16196,U-7196,P-1841,265,0.71,8,0,0,0
S-16197,U-7197,P-1559,117,0.73,9,0,0,0
S-16198,U-7198,P-1174,101,0.45,0,1,0,0
S-16199,U-7199,P-1429,260,0.52,7,1,0,0
S-16200,U-7200,P-1921,195,0.18,0,1,1,0
S-16201,U-7201,P-1917,88,0.79,2,1,0,0
S-16202,U-7202,P-1587,23,0.73,9,1,0,0
S-16203,U-7203,P-1831,78,0.97,8,1,0,0
S-16204,U-7204,P-1581,81,0.8,6,0,0,0
S-16205,U-7205,P-1301,137,0.64,0,0,0,0
S-16206,U-7206,P-1870,272,0.69,2,0,0,0
S-16207,U-7207,P-1951,146,0.64,4,1,0,0
S-16208,U-7208,P-1900,18,0.9,1,1,0,0
S-16209,U-7209,P-1010,2,0.39,7,1,0,0
S-16210,U-7210,P-1859,159,0.67,6,1,0,0
S-16211,U-7211,P-1884,206,0.7,0,0,0,0
S-16212,U-7212,P-1858,57,0.43,2,1,0,0
S-16213,U-7213,P-1957,89,0.22,2,1,0,0
S-16214,U-7214,P-1640,260,0.23,5,1,0,0
S-16215,U-7215,P-1892,170,0.8,5,0,0,0
S-16216,U-7216,P-1560,102,0.74,8,0,0,0
S-16217,U-7217,P-1152,111,0.55,4,1,0,0
S-16218,U-7218,P-1044,224,0.15,7,1,0,0
S-16219,U-7219,P-1722,103,0.55,6,1,0,0
S-16220,U-7220,P-1007,37,0.26,4,0,0,0
S-16221,U-7221,P-1916,143,0.36,7,1,0,0
S-16222,U-7222,P-1588,63,0.68,2,1,0,0
S-16223,U-7223,P-1625,114,0.79,1,0,0,0
S-16224,U-7224,P-1516,94,0.2,4,1,0,0
S-16225,U-7225,P-1336,261,0.13,9,1,0,0
S-16226,U-7226,P-1523,4,0.52,4,1,0,0
S-16227,U-7227,P-1168,2,0.98,9,0,0,0
S-16228,U-7228,P-1329,24,0.75,6,0,0,0
S-16229,U-7229,P-1546,251,0.27,0,0,0,0
S-16230,U-7230,P-1724,14,0.72,4,0,0,0
S-16231,U-7231,P-1156,276,0.53,0,0,0,0
S-16232,U-7232,P-1310,249,0.76,4,0,1,1
S-16233,U-7233,P-1525,84,0.94,0,1,0,0
S-16234,U-7234,P-1454,273,1.0,5,1,0,0
S-16235,U-7235,P-1337,107,0.67,3,0,0,0
S-16236,U-7236,P-1642,161,0.78,1,1,1,1
S-16237,U-7237,P-1115,260,0.88,7,1,0,0
S-16238,U-7238,P-1294,282,0.32,1,0,0,0
S-16239,U-7239,P-1610,296,0.14,0,1,1,1
S-16240,U-7240,P-1808,51,0.21,5,1,0,0
S-16241,U-7241,P-1928,272,0.76,8,1,0,0
S-16242,U-7242,P-1430,49,0.17,4,1,0,0
S-16243,U-7243,P-1495,185,0.61,1,1,0,0
S-16244,U-7244,P-1483,135,0.9,9,1,0,0
S-16245,U-7245,P-1173,153,0.44,3,0,0,0
S-16246,U-7246,P-1810,228,0.14,2,1,1,1
S-16247,U-7247,P-1935,181,0.18,1,1,0,0
S-16248,U-7248,P-1196,194,0.83,0,0,0,0
S-16249,U-7249,P-1859,108,0.97,5,1,0,0
S-16250,U-7250,P-1650,202,0.12,7,1,0,0
S-16251,U-7251,P-1254,107,0.21,7,1,0,0
S-16252,U-7252,P-1449,1,0.79,2,1,0,0
S-16253,U-7253,P-1304,204,0.62,4,0,0,0
S-16254,U-7254,P-1793,270,0.7,7,1,0,0
S-16255,U-7255,P-1109,291,0.65,6,0,0,0
S-16256,U-7256,P-1313,180,0.69,2,0,0,0
S-16257,U-7257,P-1015,274,0.28,9,1,0,0
S-16258,U-7258,P-1182,199,0.93,4,1,0,0
S-16259,U-7259,P-1998,272,0.94,8,0,0,0
S-16260,U-7260,P-1240,231,0.34,4,0,0,0
S-16261,U-7261,P-1658,33,0.98,9,1,0,0
S-16262,U-7262,P-1405,284,0.57,3,0,0,0
S-16263,U-7263,P-1365,160,0.66,7,1,0,0
S-16264,U-7264,P-1390,267,0.45,1,0,0,0
S-16265,U-7265,P-1443,3,0.64,2,1,0,0
S-16266,U-7266,P-1378,276,0.48,3,1,0,0
S-16267,U-7267,P-1341,256,0.43,4,1,0,0
S-16268,U-7268,P-1656,127,0.58,6,1,0,0
S-16269,U-7269,P-1942,121,0.93,7,1,0,0
S-16270,U-7270,P-1892,26,0.75,0,1,0,0
S-16271,U-7271,P-1762,265,0.22,8,0,0,0
S-16272,U-7272,P-1027,66,0.74,5,1,0,0
S-16273,U-7273,P-1342,1,0.7,3,1,0,0
S-16274,U-7274,P-1136,156,0.59,8,1,0,0
S-16275,U-7275,P-1450,91,0.26,1,1,0,0
S-16276,U-7276,P-1732,84,0.88,9,0,0,0
S-16277,U-7277,P-1431,124,0.13,5,0,0,0
S-16278,U-7278,P-1848,146,0.29,1,1,0,0
S-16279,U-7279,P-1916,289,0.77,0,1,0,0
S-16280,U-7280,P-1936,221,0.27,2,0,0,0
S-16281,U-7281,P-1687,97,0.47,0,1,0,0
S-16282,U-7282,P-1086,213,0.33,3,1,0,0
S-16283,U-7283,P-1965,64,0.79,7,0,0,0
S-16284,U-7284,P-1707,274,0.15,7,0,0,0
S-16285,U-7285,P-1273,256,0.88,0,0,0,0
S-16286,U-7286,P-1025,132,0.36,2,1,0,0
S-16287,U-7287,P-1475,156,0.27,9,0,0,0
S-16288,U-7288,P-1853,163,0.17,2,1,0,0
S-16289,U-7289,P-1494,163,0.99,5,0,0,0
S-16290,U-7290,P-1175,154,0.74,7,1,0,0
S-16291,U-7291,P-1279,9,0.2,5,0,0,0
S-16292,U-7292,P-1563,72,0.61,9,1,0,0
S-16293,U-7293,P-1644,159,0.6,7,1,0,0
S-16294,U-7294,P-1535,118,0.63,6,0,1,0
S-16295,U-7295,P-1930,78,0.11,2,1,0,0
S-16296,U-7296,P-1157,261,0.58,6,0,1,1
S-16297,U-7297,P-1534,249,0.18,9,0,1,0
S-16298,U-7298,P-1263,245,0.47,0,1,0,0
S-16299,U-7299,P-1181,117,0.85,3,0,0,0
S-16300,U-7300,P-1047,95,0.7,6,1,0,0
S-16301,U-7301,P-1674,159,0.87,6,0,0,0
S-16302,U-7302,P-1592,122,0.68,0,1,0,0
S-16303,U-7303,P-1783,206,0.51,6,1,1,0
S-16304,U-7304,P-1185,247,0.94,0,0,0,0
S-16305,U-7305,P-1038,119,0.69,5,0,0,0
S-16306,U-7306,P-1252,280,0.2,7,1,1,1
S-16307,U-7307,P-1118,139,0.68,1,0,0,0
S-16308,U-7308,P-1414,141,0.38,7,1,1,0
S-16309,U-7309,P-1931,97,0.19,5,1,0,0
S-16310,U-7310,P-1513,160,0.66,9,0,1,1
S-16311,U-7311,P-1893,245,0.31,0,1,0,0
S-16312,U-7312,P-1720,295,0.18,4,1,0,0
S-16313,U-7313,P-1489,133,0.18,2,0,0,0
S-16314,U-7314,P-1624,138,0.53,5,1,0,0
S-16315,U-7315,P-1330,73,0.76,3,1,0,0
S-16316,U-7316,P-1675,190,0.18,3,0,1,1
S-16317,U-7317,P-1738,151,0.52,7,1,0,0
S-16318,U-7318,P-1077,283,0.75,0,1,0,0
S-16319,U-7319,P-1676,248,0.53,5,1,0,0
S-16320,U-7320,P-1013,240,0.17,2,1,0,0
S-16321,U-7321,P-1701,273,0.66,3,1,0,0
S-16322,U-7322,P-1557,166,0.72,6,1,0,0
S-16323,U-7323,P-1929,181,0.92,7,0,0,0
S-16324,U-7324,P-1536,23,0.8,4,1,0,0
S-16325,U-7325,P-1362,280,0.89,7,1,0,0
S-16326,U-7326,P-1042,239,0.23,7,0,0,0
S-16327,U-7327,P-1309,172,0.47,1,1,0,0
S-16328,U-7328,P-1515,120,0.5,7,1,0,0
S-16329,U-7329,P-1593,46,0.62,4,0,0,0
S-16330,U-7330,P-1041,269,0.68,6,1,0,0
S-16331,U-7331,P-1060,60,0.82,5,0,0,0
S-16332,U-7332,P-1696,50,0.75,9,0,0,0
S-16333,U-7333,P-1010,4,0.58,4,0,0,0
S-16334,U-7334,P-1653,257,0.2,5,1,0,0
S-16335,U-7335,P-1842,29,0.88,7,1,0,0
S-16336,U-7336,P-1231,250,0.98,6,1,0,0
S-16337,U-7337,P-1542,79,0.82,5,0,0,0
S-16338,U-7338,P-1547,189,0.12,4,0,0,0
S-16339,U-7339,P-1441,7,0.35,3,0,0,0
S-16340,U-7340,P-1201,235,0.32,4,1,1,0
S-16341,U-7341,P-1755,155,0.52,4,1,0,0
S-16342,U-7342,P-1489,240,0.6,1,1,0,0
S-16343,U-7343,P-1629,63,0.73,6,0,0,0
S-16344,U-7344,P-1778,126,0.76,0,0,1,1
S-16345,U-7345,P-1090,199,0.95,7,1,1,1
S-16346,U-7346,P-1879,182,0.55,5,0,0,0
S-16347,U-7347,P-1183,34,0.39,6,1,0,0
S-16348,U-7348,P-1166,65,0.25,5,0,0,0
S-16349,U-7349,P-1176,281,0.84,2,1,0,0
S-16350,U-7350,P-1743,212,0.76,8,0,0,0
S-16351,U-7351,P-1414,296,0.14,2,1,0,0
S-16352,U-7352,P-1783,243,0.34,9,0,0,0
S-16353,U-7353,P-1191,220,0.4,0,0,0,0
S-16354,U-7354,P-1640,195,0.26,6,0,0,0
S-16355,U-7355,P-1526,65,0.99,1,0,0,0
S-16356,U-7356,P-1701,178,0.21,5,0,0,0
S-16357,U-7357,P-1453,22,0.68,7,0,0,0
S-16358,U-7358,P-1435,271,0.44,6,0,0,0
S-16359,U-7359,P-1952,158,0.64,0,0,0,0
S-16360,U-7360,P-1967,287,0.2,5,1,0,0
S-16361,U-7361,P-1771,218,0.93,4,0,0,0
S-16362,U-7362,P-1188,2,0.44,9,1,0,0
S-16363,U-7363,P-1716,127,0.27,2,0,0,0
S-16364,U-7364,P-1238,144,0.93,9,1,0,0
S-16365,U-7365,P-1279,245,0.72,3,0,0,0
S-16366,U-7366,P-1073,75,0.62,6,1,0,0
S-16367,U-7367,P-1072,231,0.76,0,0,0,0
S-16368,U-7368,P-1339,14,0.8,8,0,0,0
S-16369,U-7369,P-1791,142,0.54,6,0,0,0
S-16370,U-7370,P-1543,295,0.14,5,1,0,0
S-16371,U-7371,P-1556,209,0.64,1,1,0,0
S-16372,U-7372,P-1771,71,0.72,3,0,0,0
S-16373,U-7373,P-1503,206,0.71,9,0,0,0
S-16374,U-7374,P-1142,275,0.76,2,0,0,0
S-16375,U-7375,P-1762,71,0.85,6,0,0,0
S-16376,U-7376,P-1581,235,0.54,9,0,0,0
S-16377,U-7377,P-1882,289,0.77,1,0,0,0
S-16378,U-7378,P-1172,75,0.53,1,0,0,0
S-16379,U-7379,P-1267,26,0.74,6,0,0,0
S-16380,U-7380,P-1510,230,0.61,0,1,0,0
S-16381,U-7381,P-1776,89,0.29,0,1,0,0
S-16382,U-7382,P-1683,179,0.16,3,1,0,0
S-16383,U-7383,P-1114,232,0.27,1,0,1,0
S-16384,U-7384,P-1642,180,0.45,1,0,0,0
S-16385,U-7385,P-1601,52,0.25,3,0,0,0
S-16386,U-7386,P-1962,292,0.68,0,1,1,0
S-16387,U-7387,P-1156,8,0.37,3,1,0,0
S-16388,U-7388,P-1234,236,0.16,8,0,0,0
S-16389,U-7389,P-1255,276,0.29,5,1,0,0
S-16390,U-7390,P-1405,119,0.49,6,1,0,0
S-16391,U-7391,P-1682,295,0.39,0,1,0,0
S-16392,U-7392,P-1847,249,0.25,6,1,0,0
S-16393,U-7393,P-1502,294,0.37,6,0,0,0
S-16394,U-7394,P-1912,250,0.3,6,1,0,0
S-16395,U-7395,P-1586,165,0.57,7,1,0,0
S-16396,U-7396,P-1941,42,0.72,9,1,0,0
S-16397,U-7397,P-1677,267,0.28,0,0,0,0
S-16398,U-7398,P-1510,136,0.73,1,1,0,0
S-16399,U-7399,P-1120,183,0.46,6,0,0,0
S-16400,U-7400,P-1456,284,0.98,1,1,0,0
S-16401,U-7401,P-1813,251,0.45,7,1,0,0
S-16402,U-7402,P-1530,286,0.77,8,1,0,0
S-16403,U-7403,P-1013,68,0.27,0,0,0,0
S-16404,U-7404,P-1713,95,0.7,4,1,0,0
S-16405,U-7405,P-1027,96,0.47,8,0,0,0
S-16406,U-7406,P-1260,5,0.9,3,1,0,0
S-16407,U-7407,P-1820,237,0.65,7,0,0,0
S-16408,U-7408,P-1494,184,0.32,3,0,0,0
S-16409,U-7409,P-1097,59,0.36,3,0,0,0
S-16410,U-7410,P-1336,90,0.37,6,1,1,0
S-16411,U-7411,P-1468,201,0.32,6,0,0,0
S-16412,U-7412,P-1735,192,0.91,7,0,0,0
S-16413,U-7413,P-1161,10,0.68,6,0,1,0
S-16414,U-7414,P-1576,196,0.97,0,0,0,0
S-16415,U-7415,P-1529,48,0.37,0,1,0,0
S-16416,U-7416,P-1577,289,0.71,9,0,0,0
S-16417,U-7417,P-1631,273,0.73,3,1,0,0
S-16418,U-7418,P-1060,185,0.11,3,0,0,0
S-16419,U-7419,P-1357,221,0.21,0,1,0,0
S-16420,U-7420,P-1066,94,0.68,9,0,0,0
S-16421,U-7421,P-1239,170,0.56,5,1,0,0
S-16422,U-7422,P-1221,89,0.78,2,1,0,0
S-16423,U-7423,P-1248,140,0.37,6,1,0,0
S-16424,U-7424,P-1934,64,0.43,4,0,0,0
S-16425,U-7425,P-1118,160,0.54,0,0,0,0
S-16426,U-7426,P-1112,83,0.88,0,1,0,0
S-16427,U-7427,P-1657,80,0.76,4,0,1,1
S-16428,U-7428,P-1594,81,0.11,6,0,0,0
S-16429,U-7429,P-1816,149,0.93,6,1,0,0
S-16430,U-7430,P-1593,34,0.32,5,0,0,0
S-16431,U-7431,P-1159,11,0.47,3,1,0,0
S-16432,U-7432,P-1412,72,0.59,7,0,1,0
S-16433,U-7433,P-1139,227,0.51,9,0,0,0
S-16434,U-7434,P-1615,235,0.79,2,1,0,0
S-16435,U-7435,P-1835,282,0.87,0,0,0,0
S-16436,U-7436,P-1962,16,0.46,6,1,0,0
S-16437,U-7437,P-1585,93,0.36,7,1,0,0
S-16438,U-7438,P-1894,221,0.84,4,0,0,0
S-16439,U-7439,P-1728,88,0.87,2,1,0,0
S-16440,U-7440,P-1346,127,0.26,9,0,0,0
S-16441,U-7441,P-1184,160,0.71,0,1,0,0
S-16442,U-7442,P-1480,277,0.36,0,0,0,0
S-16443,U-7443,P-1276,233,0.78,4,0,0,0
S-16444,U-7444,P-1663,64,0.69,1,1,0,0
S-16445,U-7445,P-1585,235,0.53,9,0,0,0
S-16446,U-7446,P-1236,136,0.92,5,1,0,0
S-16447,U-7447,P-1178,79,0.21,9,0,0,0
S-16448,U-7448,P-1064,4,0.84,3,1,0,0
S-16449,U-7449,P-1350,77,0.46,6,1,0,0
S-16450,U-7450,P-1531,251,0.24,0,0,0,0
S-16451,U-7451,P-1793,274,1.0,8,1,0,0
S-16452,U-7452,P-1411,272,0.86,7,1,0,0
S-16453,U-7453,P-1310,228,0.69,6,0,0,0
S-16454,U-7454,P-1701,162,0.72,8,1,0,0
S-16455,U-7455,P-1167,125,0.45,3,1,0,0
S-16456,U-7456,P-1987,247,0.75,0,0,0,0
S-16457,U-7457,P-1694,83,0.95,1,1,0,0
S-16458,U-7458,P-1242,5,0.84,6,0,0,0
S-16459,U-7459,P-1783,266,0.11,3,1,0,0
S-16460,U-7460,P-1872,238,0.94,8,0,0,0
S-16461,U-7461,P-1830,278,0.2,0,0,0,0
S-16462,U-7462,P-1447,243,0.8,7,1,0,0
S-16463,U-7463,P-1898,30,0.29,3,0,0,0
S-16464,U-7464,P-1528,271,0.14,7,1,0,0
S-16465,U-7465,P-1463,105,0.36,3,0,1,1
S-16466,U-7466,P-1137,288,0.2,4,1,0,0
S-16467,U-7467,P-1759,23,0.81,2,1,0,0
S-16468,U-7468,P-1375,243,0.39,6,1,0,0
S-16469,U-7469,P-1385,204,0.29,3,0,0,0
S-16470,U-7470,P-1364,241,0.77,8,1,0,0
S-16471,U-7471,P-1906,196,0.92,0,1,0,0
S-16472,U-7472,P-1024,278,0.56,1,1,0,0
S-16473,U-7473,P-1427,66,0.44,1,0,0,0
S-16474,U-7474,P-1484,176,0.8,2,1,0,0
S-16475,U-7475,P-1628,34,0.66,4,0,0,0
S-16476,U-7476,P-1462,47,0.61,4,1,0,0
S-16477,U-7477,P-1128,100,0.37,1,0,0,0
S-16478,U-7478,P-1690,262,0.42,6,1,0,0
S-16479,U-7479,P-1081,297,0.74,3,1,0,0
S-16480,U-7480,P-1383,161,0.42,5,1,0,0
S-16481,U-7481,P-1084,30,0.3,2,0,0,0
S-16482,U-7482,P-1510,21,0.56,8,1,0,0
S-16483,U-7483,P-1119,230,0.24,4,1,0,0
S-16484,U-7484,P-1782,55,0.43,9,1,0,0
S-16485,U-7485,P-1354,132,0.62,7,0,0,0
S-16486,U-7486,P-1533,94,0.48,1,1,1,0
S-16487,U-7487,P-1905,21,0.85,0,0,0,0
S-16488,U-7488,P-1384,257,0.81,0,1,0,0
S-16489,U-7489,P-1631,96,0.14,0,0,0,0
S-16490,U-7490,P-1226,156,0.36,2,0,1,1
S-16491,U-7491,P-1615,10,0.79,8,1,0,0
S-16492,U-7492,P-1976,285,0.17,4,0,0,0
S-16493,U-7493,P-1324,113,0.66,0,0,0,0
S-16494,U-7494,P-1448,208,0.42,0,1,0,0
S-16495,U-7495,P-1040,53,0.29,0,1,0,0
S-16496,U-7496,P-1890,182,0.95,6,1,0,0
S-16497,U-7497,P-1440,29,0.27,7,0,0,0
S-16498,U-7498,P-1019,284,0.16,4,0,0,0
S-16499,U-7499,P-1295,51,0.21,4,0,0,0
S-16500,U-7500,P-1582,241,0.73,1,1,0,0
S-16501,U-7501,P-1925,45,0.61,3,1,0,0
S-16502,U-7502,P-1442,281,0.45,6,1,0,0
S-16503,U-7503,P-1360,60,0.31,2,0,0,0
S-16504,U-7504,P-1071,108,0.77,1,0,0,0
S-16505,U-7505,P-1398,26,0.84,3,1,1,1
S-16506,U-7506,P-1381,87,0.42,3,1,0,0
S-16507,U-7507,P-1066,120,0.57,1,1,0,0
S-16508,U-7508,P-1449,5,0.27,8,1,1,0
S-16509,U-7509,P-1811,10,0.67,4,1,0,0
S-16510,U-7510,P-1692,25,0.62,1,1,1,0
S-16511,U-7511,P-1724,228,0.52,3,1,1,0
S-16512,U-7512,P-1561,291,0.83,8,0,1,1
S-16513,U-7513,P-1276,8,0.21,4,0,0,0
S-16514,U-7514,P-1605,191,0.46,2,1,0,0
S-16515,U-7515,P-1206,86,0.93,1,0,0,0
S-16516,U-7516,P-1257,139,0.29,9,0,0,0
S-16517,U-7517,P-1963,19,0.98,5,0,1,0
S-16518,U-7518,P-1660,97,0.94,2,1,0,0
S-16519,U-7519,P-1965,250,0.48,5,0,0,0
S-16520,U-7520,P-1117,98,0.25,3,1,0,0
S-16521,U-7521,P-1170,169,0.22,6,0,1,0
S-16522,U-7522,P-1560,54,0.18,8,1,0,0
S-16523,U-7523,P-1007,143,0.5,9,0,0,0
S-16524,U-7524,P-1445,107,0.17,9,1,0,0
S-16525,U-7525,P-1721,274,0.34,3,0,0,0
S-16526,U-7526,P-1257,10,0.97,7,0,0,0
S-16527,U-7527,P-1066,177,0.56,9,1,0,0
S-16528,U-7528,P-1443,4,0.14,3,1,1,1
S-16529,U-7529,P-1395,186,0.23,8,1,0,0
S-16530,U-7530,P-1721,127,0.19,0,1,0,0
S-16531,U-7531,P-1447,122,0.57,0,1,0,0
S-16532,U-7532,P-1314,139,0.48,0,0,0,0
S-16533,U-7533,P-1329,234,0.29,3,1,0,0
S-16534,U-7534,P-1622,132,0.66,9,0,0,0
S-16535,U-7535,P-1345,113,0.35,1,1,0,0
S-16536,U-7536,P-1991,226,0.65,2,0,0,0
S-16537,U-7537,P-1310,296,0.87,3,1,1,1
S-16538,U-7538,P-1323,111,0.69,9,1,0,0
S-16539,U-7539,P-1171,148,0.75,5,1,0,0
S-16540,U-7540,P-1655,28,0.5,8,1,0,0
S-16541,U-7541,P-1792,167,0.24,7,0,0,0
S-16542,U-7542,P-1803,1,0.85,7,0,0,0
S-16543,U-7543,P-1660,65,0.97,8,1,0,0
S-16544,U-7544,P-1971,268,0.65,9,0,0,0
S-16545,U-7545,P-1094,54,0.66,5,0,0,0
S-16546,U-7546,P-1467,28,0.23,6,1,0,0
S-16547,U-7547,P-1670,2,0.56,3,1,0,0
S-16548,U-7548,P-1678,225,0.74,4,0,0,0
S-16549,U-7549,P-1863,123,0.43,7,1,0,0
S-16550,U-7550,P-1522,266,0.47,4,0,0,0
S-16551,U-7551,P-1169,200,0.28,0,1,0,0
S-16552,U-7552,P-1084,227,0.55,3,0,0,0
S-16553,U-7553,P-1228,195,0.97,2,0,0,0
S-16554,U-7554,P-1433,194,0.98,7,0,0,0
S-16555,U-7555,P-1030,210,0.23,3,0,0,0
S-16556,U-7556,P-1818,79,0.88,2,0,0,0
S-16557,U-7557,P-1382,70,0.18,0,1,0,0
S-16558,U-7558,P-1903,153,0.87,8,0,0,0
S-16559,U-7559,P-1676,92,0.99,2,0,0,0
S-16560,U-7560,P-1822,261,0.35,6,1,0,0
S-16561,U-7561,P-1056,122,0.87,6,0,0,0
S-16562,U-7562,P-1240,241,0.66,9,1,0,0
S-16563,U-7563,P-1827,221,0.39,5,1,0,0
S-16564,U-7564,P-1707,175,0.22,5,1,0,0
S-16565,U-7565,P-1251,50,0.39,8,1,0,0
S-16566,U-7566,P-1925,193,1.0,5,0,0,0
S-16567,U-7567,P-1048,141,0.52,7,0,0,0
S-16568,U-7568,P-1198,109,0.34,9,0,0,0
S-16569,U-7569,P-1721,289,0.28,2,0,0,0
S-16570,U-7570,P-1480,48,0.96,6,0,0,0
S-16571,U-7571,P-1946,109,0.46,9,0,0,0
S-16572,U-7572,P-1595,49,0.34,7,1,0,0
S-16573,U-7573,P-1995,162,0.66,2,0,0,0
S-16574,U-7574,P-1584,99,0.35,9,0,0,0
S-16575,U-7575,P-1394,189,0.14,5,1,0,0
S-16576,U-7576,P-1957,19,0.72,3,1,0,0
S-16577,U-7577,P-1957,106,0.82,3,0,0,0
S-16578,U-7578,P-1056,246,0.23,0,0,0,0
S-16579,U-7579,P-1871,86,0.92,1,0,0,0
S-16580,U-7580,P-1020,21,0.14,4,1,0,0
S-16581,U-7581,P-1461,144,0.95,3,1,1,0
S-16582,U-7582,P-1871,14,0.59,6,0,0,0
S-16583,U-7583,P-1424,46,0.98,5,1,0,0
S-16584,U-7584,P-1910,76,0.78,8,1,0,0
S-16585,U-7585,P-1715,295,0.52,0,1,0,0
S-16586,U-7586,P-1664,234,0.42,4,0,0,0
S-16587,U-7587,P-1101,102,0.66,3,1,1,1
S-16588,U-7588,P-1864,2,0.77,6,0,0,0
S-16589,U-7589,P-1929,281,0.68,0,0,0,0
S-16590,U-7590,P-1201,155,0.4,5,1,0,0
S-16591,U-7591,P-1266,129,0.61,5,0,0,0
S-16592,U-7592,P-1928,84,0.99,4,0,0,0
S-16593,U-7593,P-1305,107,0.98,3,0,0,0
S-16594,U-7594,P-1935,292,0.99,5,1,0,0
S-16595,U-7595,P-1835,109,0.79,4,1,0,0
S-16596,U-7596,P-1525,191,0.49,0,1,0,0
S-16597,U-7597,P-1040,208,0.37,9,0,0,0
S-16598,U-7598,P-1832,208,0.88,1,0,1,0
S-16599,U-7599,P-1420,118,0.62,9,1,0,0
S-16600,U-7600,P-1269,212,0.99,2,0,0,0
S-16601,U-7601,P-1864,4,0.79,4,0,0,0
S-16602,U-7602,P-1580,110,0.14,2,0,0,0
S-16603,U-7603,P-1553,25,0.86,3,0,0,0
S-16604,U-7604,P-1204,34,0.88,1,1,0,0
S-16605,U-7605,P-1215,192,0.25,8,0,0,0
S-16606,U-7606,P-1327,190,0.27,6,1,0,0
S-16607,U-7607,P-1271,183,0.26,9,0,0,0
S-16608,U-7608,P-1023,129,0.74,5,1,0,0
S-16609,U-7609,P-1452,80,0.58,6,1,0,0
S-16610,U-7610,P-1007,225,0.79,5,0,0,0
S-16611,U-7611,P-1904,120,0.62,9,0,1,1
S-16612,U-7612,P-1104,34,0.23,7,1,0,0
S-16613,U-7613,P-1062,263,0.45,7,0,0,0
S-16614,U-7614,P-1252,276,0.66,9,0,0,0
S-16615,U-7615,P-1697,187,0.27,8,0,0,0
S-16616,U-7616,P-1516,221,0.17,2,0,0,0
S-16617,U-7617,P-1273,9,0.57,7,0,0,0
S-16618,U-7618,P-1141,172,0.88,2,0,0,0
S-16619,U-7619,P-1611,102,0.51,8,0,0,0
S-16620,U-7620,P-1651,139,0.81,7,1,0,0
S-16621,U-7621,P-1062,285,0.76,0,0,0,0
S-16622,U-7622,P-1911,194,0.65,3,1,0,0
S-16623,U-7623,P-1831,235,0.34,7,0,0,0
S-16624,U-7624,P-1603,97,0.47,6,0,0,0
S-16625,U-7625,P-1763,24,0.41,9,0,0,0
S-16626,U-7626,P-1967,191,0.46,2,0,1,1
S-16627,U-7627,P-1821,131,0.5,9,0,0,0
S-16628,U-7628,P-1249,244,0.88,5,1,0,0
S-16629,U-7629,P-1669,51,0.57,1,0,0,0
S-16630,U-7630,P-1686,206,0.32,9,0,0,0
S-16631,U-7631,P-1444,125,0.33,2,1,0,0
S-16632,U-7632,P-1886,117,0.36,1,1,0,0
S-16633,U-7633,P-1687,147,0.81,1,0,0,0
S-16634,U-7634,P-1894,58,0.34,3,1,0,0
S-16635,U-7635,P-1740,3,0.53,9,0,0,0
S-16636,U-7636,P-1273,173,0.5,9,0,0,0
S-16637,U-7637,P-1065,275,0.45,8,0,0,0
S-16638,U-7638,P-1692,185,0.61,5,0,1,0
S-16639,U-7639,P-1287,247,0.77,1,0,0,0
S-16640,U-7640,P-1493,3,0.25,7,1,0,0
S-16641,U-7641,P-1077,16,0.95,1,0,0,0
S-16642,U-7642,P-1726,8,0.78,6,0,1,0
S-16643,U-7643,P-1037,286,0.68,1,0,0,0
S-16644,U-7644,P-1597,168,0.17,4,0,0,0
S-16645,U-7645,P-1694,69,0.26,8,0,0,0
S-16646,U-7646,P-1685,228,0.52,0,0,0,0
S-16647,U-7647,P-1943,60,0.57,2,1,0,0
S-16648,U-7648,P-1932,87,0.28,5,1,0,0
S-16649,U-7649,P-1385,86,0.66,4,0,0,0
S-16650,U-7650,P-1560,220,0.72,6,0,0,0
S-16651,U-7651,P-1308,2,0.95,4,1,0,0
S-16652,U-7652,P-1630,85,0.5,1,0,0,0
S-16653,U-7653,P-1491,35,0.92,3,1,0,0
S-16654,U-7654,P-1555,32,0.37,7,1,0,0
S-16655,U-7655,P-1465,104,0.9,4,0,1,0
S-16656,U-7656,P-1682,241,0.31,4,1,1,1
S-16657,U-7657,P-1258,110,0.3,3,1,1,1
S-16658,U-7658,P-1999,101,0.48,2,0,0,0
S-16659,U-7659,P-1818,194,0.51,3,0,0,0
S-16660,U-7660,P-1481,13,0.28,4,1,0,0
S-16661,U-7661,P-1261,81,0.25,7,0,0,0
S-16662,U-7662,P-1791,196,0.39,0,1,0,0
S-16663,U-7663,P-1436,216,0.82,0,0,0,0
S-16664,U-7664,P-1990,25,0.61,5,1,1,0
S-16665,U-7665,P-1350,50,0.84,4,1,0,0
S-16666,U-7666,P-1268,250,0.3,6,1,0,0
S-16667,U-7667,P-1734,24,0.38,7,0,0,0
S-16668,U-7668,P-1262,186,0.55,6,0,0,0
S-16669,U-7669,P-1018,53,0.72,3,1,0,0
S-16670,U-7670,P-1351,116,0.79,6,1,0,0
S-16671,U-7671,P-1083,218,0.49,8,1,0,0
S-16672,U-7672,P-1408,183,0.6,2,0,0,0
S-16673,U-7673,P-1167,199,0.97,2,1,0,0
S-16674,U-7674,P-1524,289,0.87,1,1,0,0
S-16675,U-7675,P-1075,159,0.5,2,1,0,0
S-16676,U-7676,P-1483,176,0.41,2,1,0,0
S-16677,U-7677,P-1476,249,0.81,3,0,0,0
S-16678,U-7678,P-1442,278,0.94,7,1,0,0
S-16679,U-7679,P-1253,1,0.86,9,1,0,0
S-16680,U-7680,P-1026,268,0.43,1,1,1,0
S-16681,U-7681,P-1288,52,0.49,2,0,0,0
S-16682,U-7682,P-1514,213,0.5,8,1,0,0
S-16683,U-7683,P-1624,208,0.12,3,0,1,1
S-16684,U-7684,P-1395,42,0.24,1,1,0,0
S-16685,U-7685,P-1066,103,0.38,7,1,0,0
S-16686,U-7686,P-1319,50,0.22,1,1,0,0
S-16687,U-7687,P-1426,55,0.65,0,0,0,0
S-16688,U-7688,P-1668,98,0.59,3,1,0,0
S-16689,U-7689,P-1551,225,0.51,9,0,0,0
S-16690,U-7690,P-1030,43,0.14,8,1,0,0
S-16691,U-7691,P-1788,216,0.3,7,0,0,0
S-16692,U-7692,P-1091,121,0.3,1,1,0,0
S-16693,U-7693,P-1352,71,0.86,3,1,0,0
S-16694,U-7694,P-1388,63,0.6,0,0,0,0
S-16695,U-7695,P-1029,4,0.27,8,1,0,0
S-16696,U-7696,P-1653,185,0.88,6,1,0,0
S-16697,U-7697,P-1939,5,0.16,6,1,0,0
S-16698,U-7698,P-1848,197,0.73,3,1,0,0
S-16699,U-7699,P-1204,226,0.53,2,0,0,0
S-16700,U-7700,P-1941,125,0.59,2,0,0,0
S-16701,U-7701,P-1780,87,0.75,1,1,0,0
S-16702,U-7702,P-1622,299,0.74,8,1,0,0
S-16703,U-7703,P-1946,82,0.61,1,1,0,0
S-16704,U-7704,P-1053,179,0.64,2,0,0,0
S-16705,U-7705,P-1680,81,0.89,9,1,0,0
S-16706,U-7706,P-1782,292,0.22,8,0,0,0
S-16707,U-7707,P-1055,21,0.27,3,1,0,0
S-16708,U-7708,P-1310,267,0.79,4,0,0,0
S-16709,U-7709,P-1599,106,0.46,4,0,0,0
S-16710,U-7710,P-1270,61,0.5,1,1,0,0
S-16711,U-7711,P-1571,287,0.32,0,0,0,0
S-16712,U-7712,P-1228,81,0.64,7,1,0,0
S-16713,U-7713,P-1822,67,0.3,6,0,0,0
S-16714,U-7714,P-1111,87,0.26,1,1,0,0
S-16715,U-7715,P-1357,132,0.25,4,1,0,0
S-16716,U-7716,P-1262,270,0.13,6,1,0,0
S-16717,U-7717,P-1803,239,0.4,5,0,0,0
S-16718,U-7718,P-1995,214,0.72,9,1,0,0
S-16719,U-7719,P-1938,216,0.55,7,1,0,0
S-16720,U-7720,P-1415,73,0.94,7,1,0,0
S-16721,U-7721,P-1131,76,0.13,9,1,0,0
S-16722,U-7722,P-1851,233,0.56,5,1,0,0
S-16723,U-7723,P-1242,2,0.53,1,0,0,0
S-16724,U-7724,P-1759,93,0.16,5,0,0,0
S-16725,U-7725,P-1351,78,0.51,8,1,0,0
S-16726,U-7726,P-1027,125,0.12,0,1,0,0
S-16727,U-7727,P-1516,223,0.9,6,0,1,1
S-16728,U-7728,P-1587,205,0.8,9,1,0,0
S-16729,U-7729,P-1913,98,0.3,6,1,0,0
S-16730,U-7730,P-1118,111,0.17,9,1,0,0
S-16731,U-7731,P-1497,219,0.15,8,1,0,0
S-16732,U-7732,P-1961,45,0.11,8,1,0,0
S-16733,U-7733,P-1820,201,0.94,6,0,0,0
S-16734,U-7734,P-1213,148,0.77,3,1,0,0
S-16735,U-7735,P-1114,187,0.41,7,1,0,0
S-16736,U-7736,P-1692,280,0.61,2,1,0,0
S-16737,U-7737,P-1602,63,0.57,2,1,0,0
S-16738,U-7738,P-1843,137,0.22,4,0,0,0
S-16739,U-7739,P-1168,4,0.17,3,0,0,0
S-16740,U-7740,P-1942,203,0.52,4,0,0,0
S-16741,U-7741,P-1000,20,0.95,1,1,1,0
S-16742,U-7742,P-1384,235,0.72,5,1,0,0
S-16743,U-7743,P-1064,1,0.9,4,1,0,0
S-16744,U-7744,P-1755,57,0.9,3,0,0,0
S-16745,U-7745,P-1245,197,0.42,3,0,0,0
S-16746,U-7746,P-1861,1,0.15,9,0,0,0
S-16747,U-7747,P-1740,5,0.18,8,1,0,0
S-16748,U-7748,P-1730,97,0.3,1,0,0,0
S-16749,U-7749,P-1477,234,0.21,7,1,0,0
S-16750,U-7750,P-1673,71,0.76,8,0,0,0
S-16751,U-7751,P-1269,211,0.13,9,0,0,0
S-16752,U-7752,P-1941,179,0.19,8,1,0,0
S-16753,U-7753,P-1429,181,0.13,5,1,0,0
S-16754,U-7754,P-1373,213,0.36,1,1,0,0
S-16755,U-7755,P-1099,204,0.73,9,1,0,0
S-16756,U-7756,P-1339,152,0.36,8,0,0,0
S-16757,U-7757,P-1079,136,0.78,7,0,0,0
S-16758,U-7758,P-1425,176,0.36,6,0,0,0
S-16759,U-7759,P-1993,224,0.48,7,1,0,0
S-16760,U-7760,P-1326,58,0.84,8,0,0,0
S-16761,U-7761,P-1282,45,0.2,9,0,0,0
S-16762,U-7762,P-1490,128,0.85,1,1,1,1
S-16763,U-7763,P-1629,106,0.92,0,1,1,1
S-16764,U-7764,P-1916,154,0.49,0,1,0,0
S-16765,U-7765,P-1777,75,0.61,3,0,0,0
S-16766,U-7766,P-1938,215,0.18,4,1,0,0
S-16767,U-7767,P-1757,50,0.42,2,1,0,0
S-16768,U-7768,P-1360,221,0.81,1,0,0,0
S-16769,U-7769,P-1045,50,0.55,7,1,0,0
S-16770,U-7770,P-1792,261,0.22,3,0,1,0
S-16771,U-7771,P-1476,32,0.6,6,0,0,0
S-16772,U-7772,P-1045,227,0.3,9,0,0,0
S-16773,U-7773,P-1925,125,0.48,5,1,0,0
S-16774,U-7774,P-1207,160,0.22,8,0,0,0
S-16775,U-7775,P-1054,150,0.89,9,0,0,0
S-16776,U-7776,P-1309,258,0.97,0,1,0,0
S-16777,U-7777,P-1327,96,0.44,8,1,0,0
S-16778,U-7778,P-1795,268,0.31,8,0,0,0
S-16779,U-7779,P-1132,54,0.93,2,0,0,0
S-16780,U-7780,P-1560,61,0.51,1,1,0,0
S-16781,U-7781,P-1943,36,0.9,6,1,0,0
S-16782,U-7782,P-1958,272,0.81,5,0,0,0
S-16783,U-7783,P-1629,254,0.21,9,1,0,0
S-16784,U-7784,P-1573,281,0.21,4,1,0,0
S-16785,U-7785,P-1718,125,0.61,5,1,0,0
S-16786,U-7786,P-1702,242,0.57,4,0,0,0
S-16787,U-7787,P-1042,186,0.35,7,1,0,0
S-16788,U-7788,P-1156,53,0.86,9,1,0,0
S-16789,U-7789,P-1780,229,0.38,8,1,0,0
S-16790,U-7790,P-1878,264,0.19,0,1,0,0
S-16791,U-7791,P-1970,40,0.22,7,1,0,0
S-16792,U-7792,P-1186,220,0.42,5,1,0,0
S-16793,U-7793,P-1040,113,0.87,9,0,0,0
S-16794,U-7794,P-1874,185,0.53,5,0,0,0
S-16795,U-7795,P-1824,4,0.68,2,0,0,0
S-16796,U-7796,P-1051,5,0.43,1,1,0,0
S-16797,U-7797,P-1624,208,0.62,1,1,0,0
S-16798,U-7798,P-1365,174,0.99,7,1,0,0
S-16799,U-7799,P-1481,232,0.67,2,0,0,0
S-16800,U-7800,P-1098,103,0.27,9,1,0,0
S-16801,U-7801,P-1469,282,0.83,7,1,0,0
S-16802,U-7802,P-1941,139,0.91,0,1,0,0
S-16803,U-7803,P-1206,187,0.89,3,0,0,0
S-16804,U-7804,P-1987,46,0.14,7,0,0,0
S-16805,U-7805,P-1049,274,0.39,2,1,0,0
S-16806,U-7806,P-1608,67,0.28,4,1,0,0
S-16807,U-7807,P-1226,199,0.54,6,0,0,0
S-16808,U-7808,P-1330,139,0.14,6,1,0,0
S-16809,U-7809,P-1953,65,0.73,1,0,0,0
S-16810,U-7810,P-1550,35,0.87,7,1,0,0
S-16811,U-7811,P-1464,169,0.93,3,1,0,0
S-16812,U-7812,P-1924,96,0.93,2,1,0,0
S-16813,U-7813,P-1444,95,0.25,6,1,0,0
S-16814,U-7814,P-1989,99,0.66,1,1,0,0
S-16815,U-7815,P-1094,65,0.35,5,1,0,0
S-16816,U-7816,P-1155,229,0.61,7,1,0,0
S-16817,U-7817,P-1452,42,0.59,1,1,0,0
S-16818,U-7818,P-1661,211,0.84,1,1,0,0
S-16819,U-7819,P-1739,152,0.12,6,0,0,0
S-16820,U-7820,P-1842,284,0.39,1,0,0,0
S-16821,U-7821,P-1931,162,0.95,4,1,0,0
S-16822,U-7822,P-1284,29,0.21,7,0,0,0
S-16823,U-7823,P-1510,256,0.9,3,1,0,0
S-16824,U-7824,P-1841,79,0.21,2,0,0,0
S-16825,U-7825,P-1564,12,0.42,7,1,1,0
S-16826,U-7826,P-1894,169,0.52,6,0,0,0
S-16827,U-7827,P-1498,232,0.3,2,1,0,0
S-16828,U-7828,P-1200,248,0.45,4,1,0,0
S-16829,U-7829,P-1463,188,0.63,1,0,1,1
S-16830,U-7830,P-1065,171,0.82,3,1,0,0
S-16831,U-7831,P-1473,209,0.67,9,0,0,0
S-16832,U-7832,P-1311,146,0.12,0,1,0,0
S-16833,U-7833,P-1490,260,0.94,6,1,1,0
S-16834,U-7834,P-1795,145,0.45,2,0,0,0
S-16835,U-7835,P-1510,264,0.54,0,0,0,0
S-16836,U-7836,P-1333,227,0.77,9,0,0,0
S-16837,U-7837,P-1023,219,0.3,3,0,0,0
S-16838,U-7838,P-1589,282,0.8,3,1,0,0
S-16839,U-7839,P-1734,104,0.74,8,1,0,0
S-16840,U-7840,P-1323,131,0.82,3,0,0,0
S-16841,U-7841,P-1188,4,0.26,0,1,0,0
S-16842,U-7842,P-1341,118,0.44,4,0,0,0
S-16843,U-7843,P-1516,96,0.59,8,1,0,0
S-16844,U-7844,P-1006,79,0.49,0,0,0,0
S-16845,U-7845,P-1343,41,0.49,7,1,0,0
S-16846,U-7846,P-1734,130,0.11,6,0,0,0
S-16847,U-7847,P-1783,203,0.85,7,0,0,0
S-16848,U-7848,P-1568,122,0.3,8,1,0,0
S-16849,U-7849,P-1122,13,0.75,6,1,0,0
S-16850,U-7850,P-1242,202,0.61,6,0,0,0
S-16851,U-7851,P-1404,176,0.17,2,1,0,0
S-16852,U-7852,P-1950,140,0.48,7,1,0,0
S-16853,U-7853,P-1377,209,0.63,8,1,1,0
S-16854,U-7854,P-1758,115,0.21,4,1,0,0
S-16855,U-7855,P-1624,288,0.45,2,0,0,0
S-16856,U-7856,P-1284,26,0.68,5,0,0,0
S-16857,U-7857,P-1435,126,0.4,7,1,0,0
S-16858,U-7858,P-1500,289,0.89,7,0,0,0
S-16859,U-7859,P-1867,98,0.89,1,1,0,0
S-16860,U-7860,P-1956,36,0.17,2,1,1,0
S-16861,U-7861,P-1323,113,0.99,6,1,0,0
S-16862,U-7862,P-1032,72,0.65,6,0,0,0
S-16863,U-7863,P-1565,54,0.29,7,1,0,0
S-16864,U-7864,P-1624,166,0.81,1,1,0,0
S-16865,U-7865,P-1599,214,0.52,4,1,0,0
S-16866,U-7866,P-1512,277,0.1,8,1,0,0
S-16867,U-7867,P-1587,81,0.42,4,1,0,0
S-16868,U-7868,P-1875,86,0.55,1,1,0,0
S-16869,U-7869,P-1435,129,0.97,5,0,0,0
S-16870,U-7870,P-1616,119,0.67,8,0,0,0
S-16871,U-7871,P-1003,249,0.11,7,0,0,0
S-16872,U-7872,P-1990,201,0.86,3,1,0,0
S-16873,U-7873,P-1959,142,0.85,7,0,0,0
S-16874,U-7874,P-1432,176,0.96,5,0,0,0
S-16875,U-7875,P-1555,31,0.86,3,0,0,0
S-16876,U-7876,P-1118,193,0.14,6,0,0,0
S-16877,U-7877,P-1595,262,0.12,3,1,0,0
S-16878,U-7878,P-1124,48,0.63,6,1,0,0
S-16879,U-7879,P-1675,223,0.29,9,1,0,0
S-16880,U-7880,P-1549,170,0.53,1,0,0,0
S-16881,U-7881,P-1945,9,0.74,8,1,0,0
S-16882,U-7882,P-1838,65,0.32,3,1,0,0
S-16883,U-7883,P-1108,268,0.7,3,1,0,0
S-16884,U-7884,P-1843,208,0.43,9,1,0,0
S-16885,U-7885,P-1930,22,0.55,7,1,0,0
S-16886,U-7886,P-1863,195,0.84,7,1,0,0
S-16887,U-7887,P-1061,116,0.19,9,0,0,0
S-16888,U-7888,P-1459,190,0.45,7,0,0,0
S-16889,U-7889,P-1375,236,0.22,3,0,0,0
S-16890,U-7890,P-1672,70,0.43,7,1,0,0
S-16891,U-7891,P-1034,112,0.85,7,0,0,0
S-16892,U-7892,P-1834,157,0.84,7,0,0,0
S-16893,U-7893,P-1276,232,0.74,8,0,1,1
S-16894,U-7894,P-1344,253,0.44,7,0,0,0
S-16895,U-7895,P-1777,220,0.71,5,0,0,0
S-16896,U-7896,P-1882,14,0.36,4,0,0,0
S-16897,U-7897,P-1682,219,0.77,5,0,0,0
S-16898,U-7898,P-1637,116,0.19,6,1,0,0
S-16899,U-7899,P-1510,41,0.74,5,1,0,0
S-16900,U-7900,P-1038,266,0.21,4,1,0,0
S-16901,U-7901,P-1900,8,0.15,0,1,1,1
S-16902,U-7902,P-1939,5,0.92,1,1,0,0
S-16903,U-7903,P-1026,99,0.7,3,1,0,0
S-16904,U-7904,P-1523,1,0.7,3,1,0,0
S-16905,U-7905,P-1492,278,0.52,4,1,0,0
S-16906,U-7906,P-1899,215,0.5,3,0,0,0
S-16907,U-7907,P-1300,190,0.27,7,0,0,0
S-16908,U-7908,P-1458,66,0.35,9,1,0,0
S-16909,U-7909,P-1012,55,0.91,9,0,0,0
S-16910,U-7910,P-1670,1,0.84,8,0,0,0
S-16911,U-7911,P-1041,258,0.42,7,0,0,0
S-16912,U-7912,P-1044,48,0.21,6,0,0,0
S-16913,U-7913,P-1922,260,0.49,5,1,0,0
S-16914,U-7914,P-1962,132,0.56,7,0,0,0
S-16915,U-7915,P-1849,45,0.15,8,1,0,0
S-16916,U-7916,P-1145,92,0.28,8,1,0,0
S-16917,U-7917,P-1043,265,0.23,0,0,0,0
S-16918,U-7918,P-1809,131,0.38,0,1,0,0
S-16919,U-7919,P-1550,265,0.39,3,1,0,0
S-16920,U-7920,P-1525,76,0.22,8,1,0,0
S-16921,U-7921,P-1563,43,0.25,4,1,0,0
S-16922,U-7922,P-1062,198,0.49,8,1,0,0
S-16923,U-7923,P-1328,218,0.29,4,0,0,0
S-16924,U-7924,P-1735,25,0.38,6,1,0,0
S-16925,U-7925,P-1648,3,0.45,7,0,0,0
S-16926,U-7926,P-1778,210,0.6,5,1,0,0
S-16927,U-7927,P-1624,78,0.76,1,1,0,0
S-16928,U-7928,P-1534,91,0.89,0,1,0,0
S-16929,U-7929,P-1930,59,0.86,8,0,0,0
S-16930,U-7930,P-1126,243,0.41,0,0,0,0
S-16931,U-7931,P-1666,128,0.79,5,0,0,0
S-16932,U-7932,P-1447,159,0.17,3,1,0,0
S-16933,U-7933,P-1253,1,0.39,2,1,0,0
S-16934,U-7934,P-1377,103,0.36,7,1,0,0
S-16935,U-7935,P-1492,216,0.8,6,0,0,0
S-16936,U-7936,P-1413,4,0.17,3,1,0,0
S-16937,U-7937,P-1296,258,0.74,0,0,0,0
S-16938,U-7938,P-1228,82,0.33,4,1,0,0
S-16939,U-7939,P-1185,75,0.16,4,1,0,0
S-16940,U-7940,P-1444,210,0.31,8,1,0,0
S-16941,U-7941,P-1541,108,0.2,5,1,0,0
S-16942,U-7942,P-1006,265,0.34,5,1,0,0
S-16943,U-7943,P-1835,216,0.47,3,1,0,0
S-16944,U-7944,P-1245,162,0.47,0,1,0,0
S-16945,U-7945,P-1682,60,0.19,5,1,0,0
S-16946,U-7946,P-1541,223,0.12,6,0,0,0
S-16947,U-7947,P-1188,5,0.89,3,1,0,0
S-16948,U-7948,P-1500,299,0.47,5,1,0,0
S-16949,U-7949,P-1128,88,0.53,3,1,0,0
S-16950,U-7950,P-1736,103,0.62,8,0,0,0
S-16951,U-7951,P-1452,90,0.61,6,1,0,0
S-16952,U-7952,P-1882,173,0.93,5,0,1,0
S-16953,U-7953,P-1088,200,0.6,6,0,1,1
S-16954,U-7954,P-1352,280,0.39,4,0,0,0
S-16955,U-7955,P-1567,290,0.67,7,0,0,0
S-16956,U-7956,P-1311,87,0.36,7,1,0,0
S-16957,U-7957,P-1358,94,0.81,3,1,0,0
S-16958,U-7958,P-1256,131,0.24,8,1,0,0
S-16959,U-7959,P-1194,56,0.98,2,0,0,0
S-16960,U-7960,P-1784,167,0.31,5,1,0,0
S-16961,U-7961,P-1909,25,0.58,0,1,0,0
S-16962,U-7962,P-1406,98,0.14,8,0,0,0
S-16963,U-7963,P-1760,171,0.56,5,1,0,0
S-16964,U-7964,P-1954,19,0.84,9,0,0,0
S-16965,U-7965,P-1924,3,0.35,7,0,0,0
S-16966,U-7966,P-1145,241,0.54,7,1,1,1
S-16967,U-7967,P-1285,33,0.46,3,0,0,0
S-16968,U-7968,P-1715,27,0.19,5,1,0,0
S-16969,U-7969,P-1433,108,0.13,8,1,0,0
S-16970,U-7970,P-1111,66,0.94,6,0,0,0
S-16971,U-7971,P-1028,90,0.21,7,1,0,0
S-16972,U-7972,P-1558,1,0.96,8,1,0,0
S-16973,U-7973,P-1793,84,0.69,1,0,0,0
S-16974,U-7974,P-1726,242,0.17,3,0,0,0
S-16975,U-7975,P-1393,99,0.28,2,0,0,0
S-16976,U-7976,P-1948,276,0.55,7,0,0,0
S-16977,U-7977,P-1750,249,0.96,4,0,0,0
S-16978,U-7978,P-1395,140,0.34,6,0,0,0
S-16979,U-7979,P-1707,92,0.75,6,1,0,0
S-16980,U-7980,P-1219,97,0.52,0,0,1,1
S-16981,U-7981,P-1160,257,0.28,6,0,0,0
S-16982,U-7982,P-1113,180,0.93,1,0,0,0
S-16983,U-7983,P-1194,178,0.84,7,1,0,0
S-16984,U-7984,P-1552,271,0.61,7,1,0,0
S-16985,U-7985,P-1649,298,0.9,4,0,0,0
S-16986,U-7986,P-1635,64,0.32,6,0,0,0
S-16987,U-7987,P-1261,181,0.29,4,0,0,0
S-16988,U-7988,P-1305,39,0.6,1,1,0,0
S-16989,U-7989,P-1111,144,0.25,2,1,0,0
S-16990,U-7990,P-1413,2,0.84,3,1,0,0
S-16991,U-7991,P-1573,214,0.95,3,0,0,0
S-16992,U-7992,P-1469,213,0.71,7,1,0,0
S-16993,U-7993,P-1434,161,0.85,6,1,1,0
S-16994,U-7994,P-1338,8,0.9,4,1,1,0
S-16995,U-7995,P-1612,41,0.99,3,1,0,0
S-16996,U-7996,P-1356,72,0.17,8,0,0,0
S-16997,U-7997,P-1565,46,0.45,7,0,0,0
S-16998,U-7998,P-1149,1,0.59,0,1,0,0
S-16999,U-7999,P-1860,94,0.69,7,1,0,0
S-17000,U-8000,P-1161,188,0.37,5,1,0,0
S-17001,U-8001,P-1324,187,0.77,9,0,0,0
S-17002,U-8002,P-1683,34,0.31,6,0,0,0
S-17003,U-8003,P-1694,89,0.17,1,0,0,0
S-17004,U-8004,P-1792,76,0.56,2,0,0,0
S-17005,U-8005,P-1109,71,0.18,4,0,0,0
S-17006,U-8006,P-1095,68,0.48,0,1,0,0
S-17007,U-8007,P-1488,243,0.68,8,0,0,0
S-17008,U-8008,P-1749,208,0.72,5,1,0,0
S-17009,U-8009,P-1040,155,0.13,9,0,0,0
S-17010,U-8010,P-1875,20,0.43,8,1,0,0
S-17011,U-8011,P-1155,218,0.17,6,1,0,0
S-17012,U-8012,P-1619,182,0.33,2,1,0,0
S-17013,U-8013,P-1795,44,0.48,6,0,0,0
S-17014,U-8014,P-1331,183,0.32,5,1,0,0
S-17015,U-8015,P-1620,60,0.42,9,1,0,0
S-17016,U-8016,P-1609,142,0.32,7,1,0,0
S-17017,U-8017,P-1382,19,0.73,5,0,0,0
S-17018,U-8018,P-1048,235,0.66,0,0,0,0
S-17019,U-8019,P-1005,3,0.7,2,1,0,0
S-17020,U-8020,P-1749,191,0.63,0,0,0,0
S-17021,U-8021,P-1361,30,0.41,8,0,0,0
S-17022,U-8022,P-1644,157,0.4,5,0,0,0
S-17023,U-8023,P-1136,190,0.64,4,0,0,0
S-17024,U-8024,P-1275,5,0.13,4,1,0,0
S-17025,U-8025,P-1913,187,0.46,2,0,0,0
S-17026,U-8026,P-1249,235,0.42,6,1,0,0
S-17027,U-8027,P-1424,213,0.81,7,1,0,0
S-17028,U-8028,P-1859,135,0.96,3,0,0,0
S-17029,U-8029,P-1699,101,0.53,4,1,0,0
S-17030,U-8030,P-1327,223,0.77,5,1,0,0
S-17031,U-8031,P-1347,253,0.67,3,0,0,0
S-17032,U-8032,P-1968,197,0.7,8,1,0,0
S-17033,U-8033,P-1731,250,0.45,1,0,0,0
S-17034,U-8034,P-1767,127,0.88,1,1,1,1
S-17035,U-8035,P-1100,55,0.78,6,1,0,0
S-17036,U-8036,P-1430,273,0.45,6,0,0,0
S-17037,U-8037,P-1725,160,0.76,8,1,0,0
S-17038,U-8038,P-1214,213,0.49,8,0,0,0
S-17039,U-8039,P-1302,67,0.35,0,0,0,0
S-17040,U-8040,P-1266,185,0.25,3,1,0,0
S-17041,U-8041,P-1272,78,0.53,0,0,0,0
S-17042,U-8042,P-1602,34,0.59,6,1,0,0
S-17043,U-8043,P-1991,168,0.94,6,0,0,0
S-17044,U-8044,P-1790,158,0.43,1,1,1,1
S-17045,U-8045,P-1264,3,0.65,5,1,1,1
S-17046,U-8046,P-1278,44,0.55,3,0,0,0
S-17047,U-8047,P-1517,133,0.49,9,0,0,0
S-17048,U-8048,P-1419,100,0.9,4,1,0,0
S-17049,U-8049,P-1623,34,0.44,4,1,0,0
S-17050,U-8050,P-1687,189,0.37,3,1,0,0
S-17051,U-8051,P-1512,113,0.41,1,1,0,0
S-17052,U-8052,P-1276,237,0.74,6,1,0,0
S-17053,U-8053,P-1746,142,0.37,5,1,0,0
S-17054,U-8054,P-1782,41,0.91,5,1,1,1
S-17055,U-8055,P-1066,254,0.26,3,1,0,0
S-17056,U-8056,P-1830,250,0.13,5,1,0,0
S-17057,U-8057,P-1139,232,0.29,1,1,0,0
S-17058,U-8058,P-1386,162,0.99,5,1,0,0
S-17059,U-8059,P-1745,157,0.62,2,1,0,0
S-17060,U-8060,P-1406,80,0.87,2,1,0,0
S-17061,U-8061,P-1522,200,0.48,9,0,0,0
S-17062,U-8062,P-1191,68,0.95,3,0,0,0
S-17063,U-8063,P-1465,250,0.61,6,0,0,0
S-17064,U-8064,P-1209,294,0.41,4,0,1,0
S-17065,U-8065,P-1538,244,0.31,0,1,0,0
S-17066,U-8066,P-1471,79,0.14,1,1,0,0
S-17067,U-8067,P-1885,16,0.34,1,0,0,0
S-17068,U-8068,P-1668,182,0.83,8,0,0,0
S-17069,U-8069,P-1605,232,0.39,9,0,0,0
S-17070,U-8070,P-1528,38,0.54,6,1,0,0
S-17071,U-8071,P-1971,152,0.92,4,0,0,0
S-17072,U-8072,P-1444,269,0.23,3,0,0,0
S-17073,U-8073,P-1402,171,0.51,6,0,0,0
S-17074,U-8074,P-1628,56,0.1,8,0,0,0
S-17075,U-8075,P-1242,3,0.81,3,0,1,0
S-17076,U-8076,P-1619,124,0.99,6,0,0,0
S-17077,U-8077,P-1144,79,0.22,9,1,0,0
S-17078,U-8078,P-1627,85,0.79,9,0,0,0
S-17079,U-8079,P-1685,41,0.44,0,1,0,0
S-17080,U-8080,P-1547,87,0.23,9,1,0,0
S-17081,U-8081,P-1810,178,0.57,1,1,0,0
S-17082,U-8082,P-1022,155,0.59,4,1,0,0
S-17083,U-8083,P-1311,289,0.71,1,1,0,0
S-17084,U-8084,P-1586,85,0.68,7,0,0,0
S-17085,U-8085,P-1321,21,0.29,5,1,0,0
S-17086,U-8086,P-1005,4,0.76,8,0,0,0
S-17087,U-8087,P-1616,129,0.55,8,1,0,0
S-17088,U-8088,P-1881,91,0.56,4,1,0,0
S-17089,U-8089,P-1136,91,0.93,2,0,0,0
S-17090,U-8090,P-1657,165,0.9,6,0,0,0
S-17091,U-8091,P-1457,173,0.54,9,1,0,0
S-17092,U-8092,P-1892,174,0.35,6,0,0,0
S-17093,U-8093,P-1552,50,0.31,9,1,0,0
S-17094,U-8094,P-1425,30,0.88,6,0,0,0
S-17095,U-8095,P-1978,122,0.4,3,1,0,0
S-17096,U-8096,P-1240,200,0.96,1,1,0,0
S-17097,U-8097,P-1258,74,1.0,2,1,0,0
S-17098,U-8098,P-1992,1,0.61,8,0,0,0
S-17099,U-8099,P-1586,249,0.45,5,1,0,0
S-17100,U-8100,P-1224,160,0.31,6,0,0,0
S-17101,U-8101,P-1753,270,0.65,3,1,0,0
S-17102,U-8102,P-1517,156,0.79,5,0,0,0
S-17103,U-8103,P-1527,24,0.39,6,1,0,0
S-17104,U-8104,P-1726,277,0.12,3,1,0,0
S-17105,U-8105,P-1201,206,0.35,8,1,0,0
S-17106,U-8106,P-1396,179,0.63,6,1,0,0
S-17107,U-8107,P-1563,122,0.36,8,1,0,0
S-17108,U-8108,P-1223,19,0.24,5,1,0,0
S-17109,U-8109,P-1825,234,0.56,1,1,0,0
S-17110,U-8110,P-1433,177,0.35,2,0,0,0
S-17111,U-8111,P-1742,265,0.59,7,0,0,0
S-17112,U-8112,P-1383,112,0.26,9,1,0,0
S-17113,U-8113,P-1888,159,0.23,4,0,0,0
S-17114,U-8114,P-1433,247,0.22,2,1,0,0
S-17115,U-8115,P-1856,221,0.67,8,1,0,0
S-17116,U-8116,P-1040,114,0.94,0,0,0,0
S-17117,U-8117,P-1912,286,0.58,6,0,0,0
S-17118,U-8118,P-1625,204,0.96,2,0,1,1
S-17119,U-8119,P-1497,122,0.93,4,0,0,0
S-17120,U-8120,P-1336,188,0.85,1,1,0,0
S-17121,U-8121,P-1355,174,0.2,7,0,0,0
S-17122,U-8122,P-1266,138,0.87,6,0,0,0
S-17123,U-8123,P-1026,32,0.85,0,1,0,0
S-17124,U-8124,P-1654,179,0.63,4,1,0,0
S-17125,U-8125,P-1014,189,0.31,8,0,0,0
S-17126,U-8126,P-1559,80,0.18,5,0,0,0
S-17127,U-8127,P-1001,117,0.63,2,0,0,0
S-17128,U-8128,P-1565,180,0.49,6,0,0,0
S-17129,U-8129,P-1619,188,0.49,0,0,0,0
S-17130,U-8130,P-1883,141,0.77,1,1,1,0
S-17131,U-8131,P-1314,263,0.19,1,0,0,0
S-17132,U-8132,P-1083,120,0.26,6,1,0,0
S-17133,U-8133,P-1224,236,0.55,8,0,0,0
S-17134,U-8134,P-1859,177,0.82,9,1,0,0
S-17135,U-8135,P-1159,56,0.53,7,0,0,0
S-17136,U-8136,P-1717,12,0.15,1,0,0,0
S-17137,U-8137,P-1050,289,0.98,4,1,0,0
S-17138,U-8138,P-1049,275,0.36,2,0,0,0
S-17139,U-8139,P-1331,253,0.6,4,0,0,0
S-17140,U-8140,P-1134,146,0.55,3,1,0,0
S-17141,U-8141,P-1597,192,0.54,1,1,1,1
S-17142,U-8142,P-1291,67,0.54,7,1,0,0
S-17143,U-8143,P-1087,190,0.43,1,0,1,0
S-17144,U-8144,P-1263,265,0.22,8,1,0,0
S-17145,U-8145,P-1928,240,0.8,0,0,0,0
S-17146,U-8146,P-1228,280,0.73,3,0,0,0
S-17147,U-8147,P-1315,99,0.84,9,0,0,0
S-17148,U-8148,P-1659,162,0.25,6,0,0,0
S-17149,U-8149,P-1123,162,0.46,4,1,0,0
S-17150,U-8150,P-1451,292,0.23,8,0,0,0
S-17151,U-8151,P-1653,65,0.12,1,1,0,0
S-17152,U-8152,P-1741,5,0.64,1,0,0,0
S-17153,U-8153,P-1066,174,0.71,4,1,0,0
S-17154,U-8154,P-1378,185,0.88,4,0,0,0
S-17155,U-8155,P-1567,181,0.56,2,1,0,0
S-17156,U-8156,P-1061,270,0.56,4,0,1,0
S-17157,U-8157,P-1598,180,0.6,3,1,0,0
S-17158,U-8158,P-1802,66,0.85,1,0,0,0
S-17159,U-8159,P-1806,232,0.99,2,1,0,0
S-17160,U-8160,P-1188,2,0.99,9,1,0,0
S-17161,U-8161,P-1090,23,0.83,7,1,0,0
S-17162,U-8162,P-1626,229,0.79,0,1,0,0
S-17163,U-8163,P-1337,149,0.32,9,0,0,0
S-17164,U-8164,P-1645,265,0.93,7,1,0,0
S-17165,U-8165,P-1669,25,0.74,5,1,0,0
S-17166,U-8166,P-1372,132,0.41,0,1,0,0
S-17167,U-8167,P-1239,75,0.73,0,0,0,0
S-17168,U-8168,P-1628,275,0.87,1,1,0,0
S-17169,U-8169,P-1313,131,0.14,7,1,0,0
S-17170,U-8170,P-1884,158,0.19,4,0,0,0
S-17171,U-8171,P-1893,150,0.22,7,0,0,0
S-17172,U-8172,P-1328,186,0.34,6,1,0,0
S-17173,U-8173,P-1326,294,0.32,7,0,0,0
S-17174,U-8174,P-1244,34,0.44,1,0,0,0
S-17175,U-8175,P-1453,294,0.63,8,0,0,0
S-17176,U-8176,P-1119,247,0.79,9,1,0,0
S-17177,U-8177,P-1228,214,0.77,6,0,0,0
S-17178,U-8178,P-1538,276,0.72,9,0,0,0
S-17179,U-8179,P-1790,120,0.46,4,0,0,0
S-17180,U-8180,P-1767,136,0.58,4,1,0,0
S-17181,U-8181,P-1257,140,0.57,5,0,0,0
S-17182,U-8182,P-1774,194,0.86,3,0,1,1
S-17183,U-8183,P-1015,181,0.29,2,0,0,0
S-17184,U-8184,P-1721,137,0.75,9,0,0,0
S-17185,U-8185,P-1816,137,0.93,2,1,0,0
S-17186,U-8186,P-1071,211,0.23,1,0,0,0
S-17187,U-8187,P-1210,56,0.48,9,1,0,0
S-17188,U-8188,P-1145,228,0.46,1,1,0,0
S-17189,U-8189,P-1457,5,0.27,5,1,0,0
S-17190,U-8190,P-1796,74,0.91,9,0,0,0
S-17191,U-8191,P-1459,167,0.39,4,0,0,0
S-17192,U-8192,P-1583,253,0.18,0,0,0,0
S-17193,U-8193,P-1651,200,0.28,1,1,0,0
S-17194,U-8194,P-1697,214,0.8,3,1,0,0
S-17195,U-8195,P-1786,167,0.24,6,1,0,0
S-17196,U-8196,P-1907,110,0.99,9,1,0,0
S-17197,U-8197,P-1696,238,0.85,2,1,0,0
S-17198,U-8198,P-1437,53,0.38,7,0,0,0
S-17199,U-8199,P-1628,193,0.94,9,0,0,0
S-17200,U-8200,P-1747,197,0.21,9,1,0,0
S-17201,U-8201,P-1332,2,0.64,5,0,0,0
S-17202,U-8202,P-1486,163,0.35,3,1,0,0
S-17203,U-8203,P-1550,282,0.39,0,1,0,0
S-17204,U-8204,P-1585,161,0.87,1,0,0,0
S-17205,U-8205,P-1854,86,0.76,7,1,0,0
S-17206,U-8206,P-1317,157,0.13,1,1,0,0
S-17207,U-8207,P-1059,237,0.49,6,0,0,0
S-17208,U-8208,P-1080,17,0.46,2,1,0,0
S-17209,U-8209,P-1231,209,0.44,8,0,0,0
S-17210,U-8210,P-1667,117,0.52,2,1,0,0
S-17211,U-8211,P-1361,295,0.81,2,1,0,0
S-17212,U-8212,P-1124,210,0.86,8,1,0,0
S-17213,U-8213,P-1977,205,0.7,1,0,0,0
S-17214,U-8214,P-1094,10,0.92,1,0,0,0
S-17215,U-8215,P-1279,119,0.97,0,1,0,0
S-17216,U-8216,P-1316,281,0.12,3,0,0,0
S-17217,U-8217,P-1290,15,0.37,1,0,0,0
S-17218,U-8218,P-1150,187,0.59,7,1,0,0
S-17219,U-8219,P-1980,100,0.58,6,1,0,0
S-17220,U-8220,P-1057,93,0.62,4,0,0,0
S-17221,U-8221,P-1938,64,0.58,0,0,0,0
S-17222,U-8222,P-1207,234,0.22,9,0,0,0
S-17223,U-8223,P-1068,167,0.66,9,0,0,0
S-17224,U-8224,P-1603,279,0.11,0,1,0,0
S-17225,U-8225,P-1265,150,0.96,3,0,0,0
S-17226,U-8226,P-1561,119,0.73,9,1,0,0
S-17227,U-8227,P-1160,290,0.11,0,0,1,1
S-17228,U-8228,P-1832,128,0.17,8,1,0,0
S-17229,U-8229,P-1440,273,0.94,4,0,0,0
S-17230,U-8230,P-1299,153,0.34,9,1,1,0
S-17231,U-8231,P-1987,38,0.93,5,0,1,0
S-17232,U-8232,P-1805,1,0.7,6,0,0,0
S-17233,U-8233,P-1304,141,0.41,1,0,0,0
S-17234,U-8234,P-1133,15,0.13,7,0,0,0
S-17235,U-8235,P-1621,64,0.33,5,0,0,0
S-17236,U-8236,P-1325,238,0.35,8,0,1,0
S-17237,U-8237,P-1449,2,0.72,7,0,0,0
S-17238,U-8238,P-1385,80,0.39,2,0,0,0
S-17239,U-8239,P-1504,226,0.77,8,0,0,0
S-17240,U-8240,P-1857,267,0.76,0,0,0,0
S-17241,U-8241,P-1561,42,0.38,7,1,0,0
S-17242,U-8242,P-1442,263,0.8,5,0,0,0
S-17243,U-8243,P-1185,227,0.25,2,0,0,0
S-17244,U-8244,P-1987,80,0.92,7,1,0,0
S-17245,U-8245,P-1981,154,0.78,0,0,0,0
S-17246,U-8246,P-1222,202,0.63,2,1,0,0
S-17247,U-8247,P-1518,2,0.66,3,0,0,0
S-17248,U-8248,P-1909,184,0.93,1,1,0,0
S-17249,U-8249,P-1408,63,0.45,7,1,0,0
S-17250,U-8250,P-1322,16,0.5,6,0,0,0
S-17251,U-8251,P-1782,193,0.25,8,0,0,0
S-17252,U-8252,P-1069,256,0.12,1,1,0,0
S-17253,U-8253,P-1228,289,0.32,0,1,0,0
S-17254,U-8254,P-1989,14,0.99,3,1,0,0
S-17255,U-8255,P-1537,150,0.67,8,1,0,0
S-17256,U-8256,P-1789,79,0.52,0,0,0,0
S-17257,U-8257,P-1936,201,0.98,5,1,0,0
S-17258,U-8258,P-1960,85,0.15,2,0,0,0
S-17259,U-8259,P-1073,263,0.46,2,1,0,0
S-17260,U-8260,P-1048,280,0.8,0,0,1,1
S-17261,U-8261,P-1462,252,0.77,1,1,0,0
S-17262,U-8262,P-1186,21,0.18,3,0,0,0
S-17263,U-8263,P-1765,154,0.99,8,0,0,0
S-17264,U-8264,P-1149,1,0.81,6,0,0,0
S-17265,U-8265,P-1232,109,0.92,9,1,0,0
S-17266,U-8266,P-1023,156,0.49,6,1,0,0
S-17267,U-8267,P-1675,35,0.31,1,1,0,0
S-17268,U-8268,P-1350,147,0.27,5,0,0,0
S-17269,U-8269,P-1658,83,0.42,7,0,0,0
S-17270,U-8270,P-1749,25,0.79,4,0,0,0
S-17271,U-8271,P-1680,217,0.73,8,0,0,0
S-17272,U-8272,P-1348,160,0.11,5,0,0,0
S-17273,U-8273,P-1078,207,0.64,5,0,0,0
S-17274,U-8274,P-1611,141,0.75,4,0,0,0
S-17275,U-8275,P-1532,267,0.39,7,1,0,0
S-17276,U-8276,P-1559,22,0.46,1,1,0,0
S-17277,U-8277,P-1340,91,0.18,4,0,0,0
S-17278,U-8278,P-1882,20,0.92,9,0,0,0
S-17279,U-8279,P-1306,74,0.18,5,0,0,0
S-17280,U-8280,P-1362,82,0.5,9,1,0,0
S-17281,U-8281,P-1905,201,0.72,4,1,1,0
S-17282,U-8282,P-1979,141,0.2,4,0,0,0
S-17283,U-8283,P-1990,153,0.44,4,1,1,0
S-17284,U-8284,P-1952,115,0.2,0,1,0,0
S-17285,U-8285,P-1024,95,0.96,0,0,0,0
S-17286,U-8286,P-1138,244,0.43,8,0,0,0
S-17287,U-8287,P-1274,130,0.85,8,0,0,0
S-17288,U-8288,P-1229,40,0.91,2,1,0,0
S-17289,U-8289,P-1638,251,0.15,9,1,0,0
S-17290,U-8290,P-1270,124,0.69,3,0,0,0
S-17291,U-8291,P-1224,258,0.95,7,1,0,0
S-17292,U-8292,P-1443,4,0.9,2,1,0,0
S-17293,U-8293,P-1503,78,0.8,9,0,0,0
S-17294,U-8294,P-1186,214,0.82,4,0,0,0
S-17295,U-8295,P-1008,196,0.12,7,0,0,0
S-17296,U-8296,P-1293,6,0.5,5,1,0,0
S-17297,U-8297,P-1279,186,0.45,7,1,0,0
S-17298,U-8298,P-1397,283,0.94,0,1,0,0
S-17299,U-8299,P-1218,171,0.65,7,1,0,0
S-17300,U-8300,P-1156,177,0.63,3,1,0,0
S-17301,U-8301,P-1604,255,0.69,6,1,0,0
S-17302,U-8302,P-1048,115,0.76,4,1,0,0
S-17303,U-8303,P-1270,254,0.45,5,1,0,0
S-17304,U-8304,P-1750,232,0.62,8,1,0,0
S-17305,U-8305,P-1143,40,0.29,6,1,0,0
S-17306,U-8306,P-1200,158,0.59,2,0,0,0
S-17307,U-8307,P-1666,283,0.59,5,1,0,0
S-17308,U-8308,P-1751,258,0.43,3,1,0,0
S-17309,U-8309,P-1771,298,0.75,3,1,0,0
S-17310,U-8310,P-1553,39,0.2,5,1,0,0
S-17311,U-8311,P-1408,13,0.89,3,0,0,0
S-17312,U-8312,P-1268,176,0.9,7,1,0,0
S-17313,U-8313,P-1356,74,0.29,1,1,0,0
S-17314,U-8314,P-1105,118,0.56,6,1,0,0
S-17315,U-8315,P-1882,66,0.57,3,0,0,0
S-17316,U-8316,P-1231,263,0.78,9,0,0,0
S-17317,U-8317,P-1571,101,0.26,3,0,0,0
S-17318,U-8318,P-1189,49,0.76,1,0,0,0
S-17319,U-8319,P-1488,224,0.65,4,1,0,0
S-17320,U-8320,P-1342,163,0.12,0,1,0,0
S-17321,U-8321,P-1375,37,0.51,2,1,0,0
S-17322,U-8322,P-1283,31,0.97,8,0,0,0
S-17323,U-8323,P-1488,139,0.8,8,1,0,0
S-17324,U-8324,P-1632,165,0.96,6,0,0,0
S-17325,U-8325,P-1590,241,0.64,6,1,1,1
S-17326,U-8326,P-1825,101,0.26,6,1,0,0
S-17327,U-8327,P-1180,49,0.98,5,1,0,0
S-17328,U-8328,P-1443,1,0.89,0,0,0,0
S-17329,U-8329,P-1866,59,0.44,0,1,0,0
S-17330,U-8330,P-1637,122,0.34,4,1,0,0
S-17331,U-8331,P-1854,5,0.56,0,0,0,0
S-17332,U-8332,P-1829,201,0.59,8,0,1,1
S-17333,U-8333,P-1428,203,0.99,8,1,0,0
S-17334,U-8334,P-1615,111,0.13,6,0,0,0
S-17335,U-8335,P-1431,126,0.69,3,1,0,0
S-17336,U-8336,P-1139,51,0.35,1,0,0,0
S-17337,U-8337,P-1848,152,0.47,8,0,0,0
S-17338,U-8338,P-1749,140,0.85,4,0,0,0
S-17339,U-8339,P-1843,10,0.74,5,1,1,1
S-17340,U-8340,P-1679,138,0.84,8,1,0,0
S-17341,U-8341,P-1147,27,0.83,0,0,0,0
S-17342,U-8342,P-1828,17,0.24,1,1,0,0
S-17343,U-8343,P-1182,17,0.98,0,0,0,0
S-17344,U-8344,P-1200,153,0.7,6,1,0,0
S-17345,U-8345,P-1245,156,0.4,6,1,1,0
S-17346,U-8346,P-1993,100,0.22,0,0,0,0
S-17347,U-8347,P-1266,274,0.92,5,1,0,0
S-17348,U-8348,P-1810,35,0.38,7,0,0,0
S-17349,U-8349,P-1689,145,0.27,2,1,0,0
S-17350,U-8350,P-1311,113,0.57,8,1,0,0
S-17351,U-8351,P-1158,263,0.21,5,0,0,0
S-17352,U-8352,P-1459,63,0.81,7,1,0,0
S-17353,U-8353,P-1399,120,0.5,5,0,0,0
S-17354,U-8354,P-1028,245,0.22,4,0,0,0
S-17355,U-8355,P-1234,264,0.4,7,0,0,0
S-17356,U-8356,P-1057,273,0.29,1,1,0,0
S-17357,U-8357,P-1262,261,0.92,9,1,1,0
S-17358,U-8358,P-1790,19,0.59,9,0,0,0
S-17359,U-8359,P-1377,237,0.86,7,0,0,0
S-17360,U-8360,P-1425,116,0.29,4,1,0,0
S-17361,U-8361,P-1610,56,0.42,4,0,0,0
S-17362,U-8362,P-1311,254,0.52,1,0,0,0
S-17363,U-8363,P-1001,293,0.59,1,0,0,0
S-17364,U-8364,P-1392,255,0.58,9,0,0,0
S-17365,U-8365,P-1975,264,0.78,0,1,0,0
S-17366,U-8366,P-1790,192,0.81,7,0,0,0
S-17367,U-8367,P-1835,140,0.52,1,0,0,0
S-17368,U-8368,P-1874,135,0.63,8,1,0,0
S-17369,U-8369,P-1124,138,0.29,0,1,0,0
S-17370,U-8370,P-1867,228,0.2,8,1,0,0
S-17371,U-8371,P-1215,179,0.42,2,0,0,0
S-17372,U-8372,P-1197,171,0.18,8,1,0,0
S-17373,U-8373,P-1236,288,0.68,1,1,0,0
S-17374,U-8374,P-1259,231,0.5,1,1,0,0
S-17375,U-8375,P-1642,221,0.93,7,0,0,0
S-17376,U-8376,P-1640,153,0.88,8,1,0,0
S-17377,U-8377,P-1753,228,0.56,0,0,0,0
S-17378,U-8378,P-1749,227,0.35,4,1,0,0
S-17379,U-8379,P-1235,2,0.17,4,1,0,0
S-17380,U-8380,P-1012,262,0.41,2,0,0,0
S-17381,U-8381,P-1032,269,0.43,4,1,0,0
S-17382,U-8382,P-1933,118,0.77,3,0,0,0
S-17383,U-8383,P-1034,269,0.3,5,0,0,0
S-17384,U-8384,P-1355,73,0.52,1,1,0,0
S-17385,U-8385,P-1087,265,0.94,1,1,0,0
S-17386,U-8386,P-1411,240,0.65,4,0,0,0
S-17387,U-8387,P-1642,136,0.24,5,0,0,0
S-17388,U-8388,P-1334,172,0.54,2,1,0,0
S-17389,U-8389,P-1436,205,0.53,2,1,0,0
S-17390,U-8390,P-1513,133,0.92,7,1,0,0
S-17391,U-8391,P-1232,3,0.25,9,1,0,0
S-17392,U-8392,P-1240,200,0.2,9,0,0,0
S-17393,U-8393,P-1507,240,0.63,0,1,0,0
S-17394,U-8394,P-1400,1,0.18,1,0,0,0
S-17395,U-8395,P-1866,147,0.99,7,0,0,0
S-17396,U-8396,P-1585,213,0.25,7,1,0,0
S-17397,U-8397,P-1722,149,0.9,7,1,0,0
S-17398,U-8398,P-1591,253,0.51,3,1,0,0
S-17399,U-8399,P-1696,51,0.91,1,1,0,0
S-17400,U-8400,P-1919,71,0.62,8,0,0,0
S-17401,U-8401,P-1560,218,0.89,8,1,0,0
S-17402,U-8402,P-1066,153,0.44,9,0,0,0
S-17403,U-8403,P-1085,242,0.71,6,1,0,0
S-17404,U-8404,P-1225,77,0.72,2,1,0,0
S-17405,U-8405,P-1666,238,0.74,0,1,0,0
S-17406,U-8406,P-1402,268,0.88,2,1,0,0
S-17407,U-8407,P-1862,45,0.67,3,0,0,0
S-17408,U-8408,P-1862,180,0.18,8,0,0,0
S-17409,U-8409,P-1027,34,0.75,9,1,1,1
S-17410,U-8410,P-1181,138,0.56,2,1,0,0
S-17411,U-8411,P-1440,134,0.4,1,1,0,0
S-17412,U-8412,P-1469,243,0.24,4,0,0,0
S-17413,U-8413,P-1515,289,0.88,5,0,0,0
S-17414,U-8414,P-1854,1,0.19,0,1,0,0
S-17415,U-8415,P-1585,128,0.2,8,0,0,0
S-17416,U-8416,P-1265,134,0.96,7,1,0,0
S-17417,U-8417,P-1653,100,0.15,6,1,0,0
S-17418,U-8418,P-1105,217,0.74,1,0,0,0
S-17419,U-8419,P-1713,274,0.8,2,0,0,0
S-17420,U-8420,P-1487,127,0.66,8,0,0,0
S-17421,U-8421,P-1011,148,0.88,7,0,0,0
S-17422,U-8422,P-1446,297,0.53,6,0,0,0
S-17423,U-8423,P-1343,224,0.53,5,1,0,0
S-17424,U-8424,P-1266,209,0.46,2,0,0,0
S-17425,U-8425,P-1502,251,0.86,6,0,0,0
S-17426,U-8426,P-1726,51,0.93,9,0,0,0
S-17427,U-8427,P-1187,205,0.32,1,1,0,0
S-17428,U-8428,P-1231,104,0.95,3,1,0,0
S-17429,U-8429,P-1514,137,0.47,2,0,0,0
S-17430,U-8430,P-1385,233,0.53,5,0,0,0
S-17431,U-8431,P-1709,8,0.32,4,0,0,0
S-17432,U-8432,P-1968,218,0.38,7,0,0,0
S-17433,U-8433,P-1154,36,0.34,0,1,0,0
S-17434,U-8434,P-1681,276,0.76,2,1,0,0
S-17435,U-8435,P-1962,22,0.21,3,0,0,0
S-17436,U-8436,P-1581,272,0.68,9,1,0,0
S-17437,U-8437,P-1885,20,0.94,3,0,0,0
S-17438,U-8438,P-1547,128,0.26,5,0,0,0
S-17439,U-8439,P-1593,53,0.84,0,1,0,0
S-17440,U-8440,P-1801,144,0.6,0,0,0,0
S-17441,U-8441,P-1926,163,0.78,4,1,0,0
S-17442,U-8442,P-1351,40,0.69,9,0,0,0
S-17443,U-8443,P-1959,199,0.99,7,0,0,0
S-17444,U-8444,P-1754,80,0.76,3,0,0,0
S-17445,U-8445,P-1201,183,0.84,9,1,0,0
S-17446,U-8446,P-1653,74,0.71,1,0,0,0
S-17447,U-8447,P-1604,198,0.68,3,0,0,0
S-17448,U-8448,P-1959,177,0.57,8,1,0,0
S-17449,U-8449,P-1278,295,0.2,8,0,0,0
S-17450,U-8450,P-1853,123,0.9,1,1,0,0
S-17451,U-8451,P-1877,171,0.75,0,1,0,0
S-17452,U-8452,P-1247,189,0.62,6,0,0,0
S-17453,U-8453,P-1281,132,0.12,7,0,0,0
S-17454,U-8454,P-1062,99,0.38,1,1,0,0
S-17455,U-8455,P-1331,93,0.15,5,0,0,0
S-17456,U-8456,P-1374,280,0.58,4,1,0,0
S-17457,U-8457,P-1202,277,0.96,5,0,0,0
S-17458,U-8458,P-1004,103,0.61,3,0,0,0
S-17459,U-8459,P-1794,117,0.24,6,1,0,0
S-17460,U-8460,P-1841,8,0.96,5,1,0,0
S-17461,U-8461,P-1784,67,0.56,0,0,0,0
S-17462,U-8462,P-1905,68,0.97,4,1,0,0
S-17463,U-8463,P-1304,293,0.79,0,1,1,0
S-17464,U-8464,P-1450,219,0.73,9,0,1,0
S-17465,U-8465,P-1903,283,0.56,8,1,0,0
S-17466,U-8466,P-1855,100,0.46,0,0,0,0
S-17467,U-8467,P-1477,126,0.53,1,0,0,0
S-17468,U-8468,P-1927,211,0.23,8,1,0,0
S-17469,U-8469,P-1007,214,0.11,5,1,0,0
S-17470,U-8470,P-1312,279,0.28,8,0,0,0
S-17471,U-8471,P-1107,111,0.53,1,0,0,0
S-17472,U-8472,P-1513,265,0.19,6,1,0,0
S-17473,U-8473,P-1227,55,0.17,5,1,0,0
S-17474,U-8474,P-1689,173,0.76,8,0,0,0
S-17475,U-8475,P-1136,94,0.91,1,0,0,0
S-17476,U-8476,P-1079,151,0.57,7,1,0,0
S-17477,U-8477,P-1114,49,0.48,7,1,0,0
S-17478,U-8478,P-1076,168,0.77,8,1,0,0
S-17479,U-8479,P-1607,299,0.18,3,1,0,0
S-17480,U-8480,P-1664,241,0.66,0,1,0,0
S-17481,U-8481,P-1130,223,0.24,3,0,0,0
S-17482,U-8482,P-1902,138,0.46,3,1,0,0
S-17483,U-8483,P-1838,251,0.86,5,1,0,0
S-17484,U-8484,P-1442,169,0.38,2,1,0,0
S-17485,U-8485,P-1363,50,0.9,3,0,0,0
S-17486,U-8486,P-1223,222,0.98,9,0,0,0
S-17487,U-8487,P-1468,266,0.52,3,1,0,0
S-17488,U-8488,P-1872,131,0.83,7,1,0,0
S-17489,U-8489,P-1141,259,0.89,7,0,0,0
S-17490,U-8490,P-1303,214,0.68,6,1,1,0
S-17491,U-8491,P-1483,20,0.98,2,1,0,0
S-17492,U-8492,P-1586,268,0.35,7,1,0,0
S-17493,U-8493,P-1222,76,0.44,5,1,0,0
S-17494,U-8494,P-1541,166,0.75,7,1,0,0
S-17495,U-8495,P-1198,68,0.83,2,0,0,0
S-17496,U-8496,P-1238,22,0.24,3,0,0,0
S-17497,U-8497,P-1232,248,0.22,1,0,0,0
S-17498,U-8498,P-1509,211,0.2,3,0,0,0
S-17499,U-8499,P-1515,136,0.13,3,0,0,0
S-17500,U-8500,P-1238,16,0.92,3,1,0,0
S-17501,U-8501,P-1159,114,0.74,6,0,0,0
S-17502,U-8502,P-1268,62,0.27,2,0,0,0
S-17503,U-8503,P-1067,216,0.18,6,0,0,0
S-17504,U-8504,P-1389,56,0.84,7,1,0,0
S-17505,U-8505,P-1837,93,0.89,7,0,0,0
S-17506,U-8506,P-1532,128,0.86,2,1,1,1
S-17507,U-8507,P-1114,100,0.63,9,1,0,0
S-17508,U-8508,P-1592,266,0.18,7,0,0,0
S-17509,U-8509,P-1910,74,0.41,7,0,0,0
S-17510,U-8510,P-1302,274,0.72,9,0,0,0
S-17511,U-8511,P-1420,249,0.84,8,1,0,0
S-17512,U-8512,P-1090,24,0.41,1,0,0,0
S-17513,U-8513,P-1488,278,0.79,5,0,0,0
S-17514,U-8514,P-1277,175,0.9,0,0,0,0
S-17515,U-8515,P-1019,7,0.97,3,0,0,0
S-17516,U-8516,P-1192,142,0.44,3,0,0,0
S-17517,U-8517,P-1372,174,0.37,2,0,0,0
S-17518,U-8518,P-1473,140,0.46,8,1,0,0
S-17519,U-8519,P-1184,210,0.93,4,1,0,0
S-17520,U-8520,P-1498,131,0.48,5,1,0,0
S-17521,U-8521,P-1991,49,0.79,6,1,0,0
S-17522,U-8522,P-1657,159,0.66,1,0,0,0
S-17523,U-8523,P-1473,138,0.41,2,1,0,0
S-17524,U-8524,P-1400,15,0.57,0,0,0,0
S-17525,U-8525,P-1642,11,0.94,8,1,0,0
S-17526,U-8526,P-1455,22,0.15,1,0,0,0
S-17527,U-8527,P-1207,228,0.2,2,1,0,0
S-17528,U-8528,P-1965,214,0.78,4,0,0,0
S-17529,U-8529,P-1694,159,0.96,9,0,0,0
S-17530,U-8530,P-1673,22,0.18,2,0,0,0
S-17531,U-8531,P-1382,193,0.54,3,0,0,0
S-17532,U-8532,P-1043,140,0.22,5,0,0,0
S-17533,U-8533,P-1736,41,0.55,6,1,0,0
S-17534,U-8534,P-1702,10,0.66,8,1,0,0
S-17535,U-8535,P-1455,36,0.26,4,1,1,0
S-17536,U-8536,P-1036,11,0.93,2,0,0,0
S-17537,U-8537,P-1754,99,0.6,3,0,0,0
S-17538,U-8538,P-1677,114,0.8,5,0,0,0
S-17539,U-8539,P-1579,58,0.83,3,0,0,0
S-17540,U-8540,P-1974,117,0.22,4,0,0,0
S-17541,U-8541,P-1059,35,0.85,4,0,0,0
S-17542,U-8542,P-1291,57,0.52,3,1,0,0
S-17543,U-8543,P-1205,236,0.48,7,1,0,0
S-17544,U-8544,P-1587,257,0.17,2,1,0,0
S-17545,U-8545,P-1231,287,0.53,5,0,0,0
S-17546,U-8546,P-1821,58,0.57,4,0,0,0
S-17547,U-8547,P-1782,245,0.35,6,1,1,0
S-17548,U-8548,P-1594,34,0.14,7,1,0,0
S-17549,U-8549,P-1592,192,0.9,3,0,0,0
S-17550,U-8550,P-1713,297,0.93,0,0,0,0
S-17551,U-8551,P-1179,22,0.79,3,0,1,1
S-17552,U-8552,P-1694,69,0.94,6,1,0,0
S-17553,U-8553,P-1640,268,0.84,0,1,0,0
S-17554,U-8554,P-1972,39,0.32,2,0,0,0
S-17555,U-8555,P-1191,98,0.42,6,1,0,0
S-17556,U-8556,P-1586,230,0.31,0,1,1,1
S-17557,U-8557,P-1225,29,0.58,4,1,0,0
S-17558,U-8558,P-1751,241,0.66,6,0,0,0
S-17559,U-8559,P-1049,133,0.77,2,0,0,0
S-17560,U-8560,P-1640,67,0.13,8,1,1,0
S-17561,U-8561,P-1021,89,0.85,9,1,0,0
S-17562,U-8562,P-1346,296,0.41,8,0,0,0
S-17563,U-8563,P-1498,184,0.85,7,1,0,0
S-17564,U-8564,P-1016,156,0.42,5,0,0,0
S-17565,U-8565,P-1891,126,0.31,0,0,0,0
S-17566,U-8566,P-1150,241,0.73,2,1,0,0
S-17567,U-8567,P-1246,122,0.59,1,1,0,0
S-17568,U-8568,P-1148,134,0.76,1,0,0,0
S-17569,U-8569,P-1826,212,0.51,0,0,0,0
S-17570,U-8570,P-1906,226,0.65,5,1,0,0
S-17571,U-8571,P-1485,77,0.41,9,0,0,0
S-17572,U-8572,P-1989,86,0.75,6,0,0,0
S-17573,U-8573,P-1130,248,0.56,3,0,0,0
S-17574,U-8574,P-1346,32,0.41,1,0,0,0
S-17575,U-8575,P-1832,272,0.31,6,1,0,0
S-17576,U-8576,P-1405,207,0.49,3,0,0,0
S-17577,U-8577,P-1246,238,0.54,3,1,0,0
S-17578,U-8578,P-1041,243,0.18,7,1,0,0
S-17579,U-8579,P-1170,238,0.28,3,1,0,0
S-17580,U-8580,P-1408,165,0.57,4,1,0,0
S-17581,U-8581,P-1573,241,0.27,4,1,0,0
S-17582,U-8582,P-1904,141,0.28,1,0,0,0
S-17583,U-8583,P-1556,91,0.31,4,1,1,1
S-17584,U-8584,P-1752,255,0.99,3,0,0,0
S-17585,U-8585,P-1770,118,0.43,3,0,0,0
S-17586,U-8586,P-1856,281,0.26,3,0,0,0
S-17587,U-8587,P-1086,210,0.2,1,0,0,0
S-17588,U-8588,P-1643,223,0.19,7,1,0,0
S-17589,U-8589,P-1733,8,0.8,2,0,0,0
S-17590,U-8590,P-1763,291,0.88,0,1,0,0
S-17591,U-8591,P-1597,158,0.15,4,0,0,0
S-17592,U-8592,P-1040,136,0.82,8,0,0,0
S-17593,U-8593,P-1080,187,0.13,2,1,0,0
S-17594,U-8594,P-1834,134,0.66,3,0,0,0
S-17595,U-8595,P-1433,262,0.57,9,1,0,0
S-17596,U-8596,P-1607,270,0.37,5,1,0,0
S-17597,U-8597,P-1664,145,0.3,4,0,0,0
S-17598,U-8598,P-1440,242,0.39,9,1,0,0
S-17599,U-8599,P-1215,269,0.15,9,0,0,0
S-17600,U-8600,P-1782,15,0.84,8,1,1,0
S-17601,U-8601,P-1889,149,0.95,1,1,0,0
S-17602,U-8602,P-1682,63,0.51,5,0,1,1
S-17603,U-8603,P-1571,159,0.17,5,0,0,0
S-17604,U-8604,P-1999,283,0.4,1,0,0,0
S-17605,U-8605,P-1066,34,0.63,9,1,0,0
S-17606,U-8606,P-1207,79,0.67,0,0,0,0
S-17607,U-8607,P-1395,45,0.62,5,1,0,0
S-17608,U-8608,P-1047,262,0.42,3,1,0,0
S-17609,U-8609,P-1236,127,0.16,6,1,0,0
S-17610,U-8610,P-1085,3,0.93,4,0,0,0
S-17611,U-8611,P-1807,90,0.96,8,1,0,0
S-17612,U-8612,P-1139,296,0.8,0,1,0,0
S-17613,U-8613,P-1877,285,0.18,6,1,0,0
S-17614,U-8614,P-1934,145,0.41,1,0,0,0
S-17615,U-8615,P-1227,293,0.33,4,0,0,0
S-17616,U-8616,P-1276,93,0.46,8,1,1,0
S-17617,U-8617,P-1163,79,0.46,1,0,0,0
S-17618,U-8618,P-1187,80,0.7,2,0,0,0
S-17619,U-8619,P-1051,88,0.36,2,0,0,0
S-17620,U-8620,P-1585,235,0.51,0,1,0,0
S-17621,U-8621,P-1628,60,0.17,7,1,0,0
S-17622,U-8622,P-1000,246,0.82,4,1,0,0
S-17623,U-8623,P-1898,34,0.41,4,1,0,0
S-17624,U-8624,P-1672,154,0.45,9,1,0,0
S-17625,U-8625,P-1014,135,0.98,8,1,0,0
S-17626,U-8626,P-1621,56,0.47,9,1,0,0
S-17627,U-8627,P-1365,100,0.88,3,1,0,0
S-17628,U-8628,P-1278,73,0.29,2,1,0,0
S-17629,U-8629,P-1464,26,0.11,9,0,0,0
S-17630,U-8630,P-1085,47,0.18,1,0,0,0
S-17631,U-8631,P-1351,132,0.8,2,1,0,0
S-17632,U-8632,P-1058,8,0.44,4,0,0,0
S-17633,U-8633,P-1801,183,0.9,9,0,0,0
S-17634,U-8634,P-1462,137,0.29,6,1,0,0
S-17635,U-8635,P-1216,214,0.4,5,0,0,0
S-17636,U-8636,P-1279,233,0.86,1,0,0,0
S-17637,U-8637,P-1063,175,0.32,1,1,0,0
S-17638,U-8638,P-1764,201,0.63,2,1,0,0
S-17639,U-8639,P-1455,253,0.97,9,1,0,0
S-17640,U-8640,P-1112,112,0.53,7,0,0,0
S-17641,U-8641,P-1216,285,0.85,0,0,0,0
S-17642,U-8642,P-1356,233,0.78,8,0,1,0
S-17643,U-8643,P-1411,281,0.78,3,1,0,0
S-17644,U-8644,P-1046,199,0.82,1,1,1,0
S-17645,U-8645,P-1959,214,0.86,9,0,0,0
S-17646,U-8646,P-1341,9,0.68,7,1,0,0
S-17647,U-8647,P-1312,123,0.72,4,1,0,0
S-17648,U-8648,P-1840,278,0.82,7,1,0,0
S-17649,U-8649,P-1943,284,0.96,1,0,0,0
S-17650,U-8650,P-1329,111,0.21,1,1,0,0
S-17651,U-8651,P-1810,131,0.52,5,0,0,0
S-17652,U-8652,P-1065,26,0.21,2,1,0,0
S-17653,U-8653,P-1520,209,0.4,9,1,0,0
S-17654,U-8654,P-1698,40,0.53,0,0,0,0
S-17655,U-8655,P-1026,27,0.22,5,1,0,0
S-17656,U-8656,P-1187,67,0.31,9,0,1,0
S-17657,U-8657,P-1157,190,0.15,0,1,1,0
S-17658,U-8658,P-1035,204,0.76,2,1,1,0
S-17659,U-8659,P-1113,296,0.41,7,0,0,0
S-17660,U-8660,P-1341,292,0.96,4,0,0,0
S-17661,U-8661,P-1395,200,0.51,8,0,0,0
S-17662,U-8662,P-1762,86,0.53,9,1,0,0
S-17663,U-8663,P-1333,285,0.83,4,0,0,0
S-17664,U-8664,P-1117,284,0.55,7,0,0,0
S-17665,U-8665,P-1668,191,0.96,1,0,0,0
S-17666,U-8666,P-1823,151,0.64,7,0,0,0
S-17667,U-8667,P-1502,51,0.94,8,0,0,0
S-17668,U-8668,P-1995,37,0.16,6,0,0,0
S-17669,U-8669,P-1020,197,0.94,5,1,1,0
S-17670,U-8670,P-1084,219,0.67,0,1,0,0
S-17671,U-8671,P-1880,5,0.11,0,0,0,0
S-17672,U-8672,P-1588,106,0.99,7,1,0,0
S-17673,U-8673,P-1521,257,0.94,4,1,0,0
S-17674,U-8674,P-1528,171,0.23,7,0,0,0
S-17675,U-8675,P-1650,30,0.38,5,1,0,0
S-17676,U-8676,P-1839,231,0.64,3,0,0,0
S-17677,U-8677,P-1777,73,0.22,4,0,0,0
S-17678,U-8678,P-1634,285,0.75,9,1,1,0
S-17679,U-8679,P-1098,286,0.91,9,0,0,0
S-17680,U-8680,P-1428,27,0.36,8,1,0,0
S-17681,U-8681,P-1618,99,0.89,5,0,0,0
S-17682,U-8682,P-1933,228,0.5,4,0,0,0
S-17683,U-8683,P-1819,190,0.75,6,0,0,0
S-17684,U-8684,P-1544,103,0.78,2,0,0,0
S-17685,U-8685,P-1634,287,0.26,0,0,1,0
S-17686,U-8686,P-1188,271,0.77,2,0,0,0
S-17687,U-8687,P-1332,2,0.14,9,0,0,0
S-17688,U-8688,P-1113,170,0.34,7,1,1,0
S-17689,U-8689,P-1084,235,0.92,0,1,0,0
S-17690,U-8690,P-1209,171,0.35,0,0,0,0
S-17691,U-8691,P-1122,187,0.18,8,0,0,0
S-17692,U-8692,P-1187,276,0.43,6,1,1,0
S-17693,U-8693,P-1973,200,0.38,5,0,0,0
S-17694,U-8694,P-1283,90,0.31,6,0,0,0
S-17695,U-8695,P-1099,90,0.75,0,1,1,1
S-17696,U-8696,P-1009,215,0.75,8,1,0,0
S-17697,U-8697,P-1101,35,0.5,7,0,0,0
S-17698,U-8698,P-1521,211,0.45,4,0,0,0
S-17699,U-8699,P-1653,193,0.51,5,1,0,0
S-17700,U-8700,P-1645,111,0.43,4,1,0,0
S-17701,U-8701,P-1235,2,0.94,6,0,0,0
S-17702,U-8702,P-1871,17,1.0,7,0,0,0
S-17703,U-8703,P-1626,43,0.23,5,1,0,0
S-17704,U-8704,P-1813,17,0.88,7,0,0,0
S-17705,U-8705,P-1169,141,0.92,2,0,0,0
S-17706,U-8706,P-1008,15,0.78,0,0,1,1
S-17707,U-8707,P-1236,43,0.88,3,0,0,0
S-17708,U-8708,P-1834,78,0.29,2,1,0,0
S-17709,U-8709,P-1471,186,0.14,1,1,0,0
S-17710,U-8710,P-1366,117,0.59,1,0,0,0
S-17711,U-8711,P-1559,81,0.14,9,1,0,0
S-17712,U-8712,P-1424,166,0.43,3,1,0,0
S-17713,U-8713,P-1225,282,0.52,2,0,0,0
S-17714,U-8714,P-1121,168,0.61,3,1,0,0
S-17715,U-8715,P-1579,68,0.95,1,0,0,0
S-17716,U-8716,P-1989,53,0.43,9,0,0,0
S-17717,U-8717,P-1822,123,0.51,2,0,0,0
S-17718,U-8718,P-1325,17,0.63,7,1,0,0
S-17719,U-8719,P-1908,175,0.56,5,0,0,0
S-17720,U-8720,P-1266,157,0.43,4,0,0,0
S-17721,U-8721,P-1601,28,0.24,1,0,0,0
S-17722,U-8722,P-1353,72,0.52,3,0,0,0
S-17723,U-8723,P-1438,204,0.72,8,1,0,0
S-17724,U-8724,P-1908,59,1.0,1,1,0,0
S-17725,U-8725,P-1712,27,0.76,9,1,0,0
S-17726,U-8726,P-1454,216,0.43,5,1,1,1
S-17727,U-8727,P-1577,225,0.93,3,0,0,0
S-17728,U-8728,P-1306,4,0.52,4,1,0,0
S-17729,U-8729,P-1116,45,0.21,8,1,0,0
S-17730,U-8730,P-1127,134,0.47,7,0,0,0
S-17731,U-8731,P-1388,62,0.5,3,0,0,0
S-17732,U-8732,P-1055,216,0.81,9,0,1,0
S-17733,U-8733,P-1735,207,0.63,2,0,0,0
S-17734,U-8734,P-1610,36,0.72,9,1,0,0
S-17735,U-8735,P-1558,3,0.64,1,0,0,0
S-17736,U-8736,P-1757,102,0.2,2,1,0,0
S-17737,U-8737,P-1793,248,0.69,8,0,0,0
S-17738,U-8738,P-1793,291,0.56,4,1,0,0
S-17739,U-8739,P-1468,284,0.51,1,0,0,0
S-17740,U-8740,P-1490,214,0.37,9,1,0,0
S-17741,U-8741,P-1384,18,0.72,1,1,0,0
S-17742,U-8742,P-1333,92,0.89,7,1,0,0
S-17743,U-8743,P-1134,32,0.69,8,1,0,0
S-17744,U-8744,P-1857,166,0.87,1,1,0,0
S-17745,U-8745,P-1019,105,0.46,4,1,0,0
S-17746,U-8746,P-1898,47,0.82,3,1,0,0
S-17747,U-8747,P-1324,142,0.66,0,1,0,0
S-17748,U-8748,P-1651,86,0.64,5,0,0,0
S-17749,U-8749,P-1185,291,0.72,5,1,0,0
S-17750,U-8750,P-1713,67,0.81,6,0,0,0
S-17751,U-8751,P-1825,231,0.51,5,0,0,0
S-17752,U-8752,P-1343,11,0.65,8,1,0,0
S-17753,U-8753,P-1599,244,0.14,0,0,0,0
S-17754,U-8754,P-1372,21,0.17,5,0,0,0
S-17755,U-8755,P-1333,299,0.95,8,0,0,0
S-17756,U-8756,P-1433,130,0.8,4,1,0,0
S-17757,U-8757,P-1390,105,0.99,9,0,0,0
S-17758,U-8758,P-1204,167,0.56,1,1,0,0
S-17759,U-8759,P-1211,213,0.99,0,1,0,0
S-17760,U-8760,P-1179,241,0.12,1,1,0,0
S-17761,U-8761,P-1870,129,0.89,5,0,0,0
S-17762,U-8762,P-1461,17,0.87,5,0,0,0
S-17763,U-8763,P-1172,41,0.7,0,0,0,0
S-17764,U-8764,P-1599,120,0.61,0,1,0,0
S-17765,U-8765,P-1373,56,0.83,6,0,0,0
S-17766,U-8766,P-1172,204,0.94,7,1,0,0
S-17767,U-8767,P-1013,44,0.64,0,1,0,0
S-17768,U-8768,P-1767,248,0.69,6,0,0,0
S-17769,U-8769,P-1089,176,0.83,9,1,0,0
S-17770,U-8770,P-1308,20,0.13,9,0,0,0
S-17771,U-8771,P-1307,18,0.15,0,1,0,0
S-17772,U-8772,P-1533,52,0.56,3,1,0,0
S-17773,U-8773,P-1191,183,0.37,2,1,0,0
S-17774,U-8774,P-1544,111,0.11,8,1,0,0
S-17775,U-8775,P-1260,160,0.11,4,0,0,0
S-17776,U-8776,P-1416,64,0.18,8,0,0,0
S-17777,U-8777,P-1597,129,0.18,8,0,1,0
S-17778,U-8778,P-1192,101,0.9,7,0,0,0
S-17779,U-8779,P-1397,26,0.11,4,0,0,0
S-17780,U-8780,P-1600,48,0.61,6,0,0,0
S-17781,U-8781,P-1838,21,0.7,4,0,0,0
S-17782,U-8782,P-1696,45,0.4,7,1,0,0
S-17783,U-8783,P-1567,185,0.23,8,0,0,0
S-17784,U-8784,P-1885,88,0.85,2,1,0,0
S-17785,U-8785,P-1340,151,0.58,3,1,0,0
S-17786,U-8786,P-1403,240,0.22,0,0,0,0
S-17787,U-8787,P-1159,122,0.81,2,1,0,0
S-17788,U-8788,P-1223,90,0.56,7,0,0,0
S-17789,U-8789,P-1024,132,0.64,9,0,0,0
S-17790,U-8790,P-1851,224,0.91,8,0,0,0
S-17791,U-8791,P-1836,271,0.89,6,1,0,0
S-17792,U-8792,P-1360,22,0.92,5,0,0,0
S-17793,U-8793,P-1497,39,0.79,0,0,0,0
S-17794,U-8794,P-1662,181,0.11,2,1,0,0
S-17795,U-8795,P-1237,83,0.92,1,0,0,0
S-17796,U-8796,P-1374,290,0.64,9,1,1,1
S-17797,U-8797,P-1895,188,0.63,3,0,0,0
S-17798,U-8798,P-1674,201,0.4,2,0,0,0
S-17799,U-8799,P-1303,224,0.4,5,1,0,0
S-17800,U-8800,P-1440,214,0.31,1,1,0,0
S-17801,U-8801,P-1552,238,0.29,6,0,0,0
S-17802,U-8802,P-1050,239,0.42,3,1,0,0
S-17803,U-8803,P-1560,257,0.13,7,0,0,0
S-17804,U-8804,P-1495,142,0.25,8,0,0,0
S-17805,U-8805,P-1144,291,0.11,5,1,0,0
S-17806,U-8806,P-1965,226,0.72,2,0,0,0
S-17807,U-8807,P-1126,153,0.58,2,1,0,0
S-17808,U-8808,P-1275,187,0.54,2,1,0,0
S-17809,U-8809,P-1444,5,0.29,2,0,0,0
S-17810,U-8810,P-1136,17,0.64,1,0,0,0
S-17811,U-8811,P-1585,271,0.85,2,1,0,0
S-17812,U-8812,P-1347,268,0.68,5,0,1,0
S-17813,U-8813,P-1532,39,0.19,6,1,0,0
S-17814,U-8814,P-1123,233,0.97,4,0,1,1
S-17815,U-8815,P-1773,23,0.28,6,1,0,0
S-17816,U-8816,P-1155,70,0.42,3,1,0,0
S-17817,U-8817,P-1483,225,0.3,3,0,0,0
S-17818,U-8818,P-1589,90,0.61,6,1,0,0
S-17819,U-8819,P-1530,85,0.91,7,0,0,0
S-17820,U-8820,P-1316,177,0.97,7,0,0,0
S-17821,U-8821,P-1739,233,0.62,1,1,0,0
S-17822,U-8822,P-1449,21,0.58,8,0,0,0
S-17823,U-8823,P-1107,114,0.11,5,0,0,0
S-17824,U-8824,P-1962,75,0.11,4,1,0,0
S-17825,U-8825,P-1197,126,0.43,9,1,0,0
S-17826,U-8826,P-1101,202,0.35,3,1,0,0
S-17827,U-8827,P-1040,120,0.26,0,1,0,0
S-17828,U-8828,P-1433,241,0.91,9,0,0,0
S-17829,U-8829,P-1321,255,0.66,0,1,0,0
S-17830,U-8830,P-1963,58,0.17,8,1,0,0
S-17831,U-8831,P-1363,206,0.34,3,1,0,0
S-17832,U-8832,P-1397,26,0.44,4,0,0,0
S-17833,U-8833,P-1296,192,0.59,7,0,0,0
S-17834,U-8834,P-1788,114,0.23,4,1,0,0
S-17835,U-8835,P-1413,4,0.3,9,1,0,0
S-17836,U-8836,P-1420,291,0.84,4,1,0,0
S-17837,U-8837,P-1787,291,0.2,0,0,0,0
S-17838,U-8838,P-1864,2,0.32,3,0,0,0
S-17839,U-8839,P-1517,32,0.66,8,1,0,0
S-17840,U-8840,P-1135,47,0.67,6,1,0,0
S-17841,U-8841,P-1158,17,0.25,3,0,0,0
S-17842,U-8842,P-1741,233,0.32,6,0,0,0
S-17843,U-8843,P-1917,257,0.49,5,0,0,0
S-17844,U-8844,P-1763,121,0.81,4,1,0,0
S-17845,U-8845,P-1747,170,0.54,3,0,0,0
S-17846,U-8846,P-1530,120,0.52,3,0,0,0
S-17847,U-8847,P-1185,111,0.89,8,0,0,0
S-17848,U-8848,P-1594,15,0.6,1,0,0,0
S-17849,U-8849,P-1354,184,0.12,7,0,0,0
S-17850,U-8850,P-1537,222,0.44,8,0,0,0
S-17851,U-8851,P-1431,85,0.22,2,1,0,0
S-17852,U-8852,P-1227,235,0.48,0,0,0,0
S-17853,U-8853,P-1582,29,0.54,2,0,0,0
S-17854,U-8854,P-1006,189,0.95,7,0,0,0
S-17855,U-8855,P-1936,176,0.14,4,0,0,0
S-17856,U-8856,P-1047,23,0.27,3,0,0,0
S-17857,U-8857,P-1123,278,0.29,1,0,0,0
S-17858,U-8858,P-1611,256,0.11,4,1,0,0
S-17859,U-8859,P-1673,223,0.71,0,0,0,0
S-17860,U-8860,P-1522,279,0.65,1,1,0,0
S-17861,U-8861,P-1501,292,0.17,0,1,0,0
S-17862,U-8862,P-1518,85,0.92,8,1,0,0
S-17863,U-8863,P-1370,109,0.64,1,1,0,0
S-17864,U-8864,P-1421,169,0.79,9,1,0,0
S-17865,U-8865,P-1197,157,0.61,2,1,0,0
S-17866,U-8866,P-1025,85,0.17,0,0,0,0
S-17867,U-8867,P-1352,148,0.36,7,1,0,0
S-17868,U-8868,P-1281,9,0.45,6,1,0,0
S-17869,U-8869,P-1962,207,0.86,5,0,0,0
S-17870,U-8870,P-1027,46,0.51,8,1,0,0
S-17871,U-8871,P-1926,194,0.31,9,1,0,0
S-17872,U-8872,P-1177,15,0.41,4,0,0,0
S-17873,U-8873,P-1486,106,0.54,4,1,0,0
S-17874,U-8874,P-1694,73,0.25,2,1,0,0
S-17875,U-8875,P-1630,1,0.61,1,1,0,0
S-17876,U-8876,P-1127,79,0.45,8,1,0,0
S-17877,U-8877,P-1770,283,0.48,7,1,0,0
S-17878,U-8878,P-1234,215,0.12,2,0,1,1
S-17879,U-8879,P-1391,278,0.68,9,1,0,0
S-17880,U-8880,P-1763,241,0.2,4,0,1,0
S-17881,U-8881,P-1428,190,1.0,2,1,0,0
S-17882,U-8882,P-1850,23,0.18,0,0,0,0
S-17883,U-8883,P-1415,221,0.82,0,1,0,0
S-17884,U-8884,P-1841,5,0.77,0,1,0,0
S-17885,U-8885,P-1829,241,0.97,3,0,1,1
S-17886,U-8886,P-1232,80,0.14,2,0,0,0
S-17887,U-8887,P-1324,147,0.94,9,1,0,0
S-17888,U-8888,P-1787,137,0.54,2,1,0,0
S-17889,U-8889,P-1616,146,0.53,7,0,0,0
S-17890,U-8890,P-1654,242,0.93,2,0,0,0
S-17891,U-8891,P-1044,298,0.72,3,0,0,0
S-17892,U-8892,P-1604,260,0.25,3,1,1,1
S-17893,U-8893,P-1262,8,0.97,5,1,0,0
S-17894,U-8894,P-1061,80,0.82,6,1,0,0
S-17895,U-8895,P-1614,180,0.76,1,1,0,0
S-17896,U-8896,P-1396,87,0.79,6,0,0,0
S-17897,U-8897,P-1206,152,0.5,4,1,0,0
S-17898,U-8898,P-1746,95,0.32,4,0,0,0
S-17899,U-8899,P-1711,182,0.47,1,1,0,0
S-17900,U-8900,P-1748,263,0.61,9,0,0,0
S-17901,U-8901,P-1255,173,0.1,9,0,0,0
S-17902,U-8902,P-1472,22,0.47,0,0,0,0
S-17903,U-8903,P-1547,156,0.85,6,1,0,0
S-17904,U-8904,P-1269,251,0.69,8,0,0,0
S-17905,U-8905,P-1392,59,0.34,5,1,1,0
S-17906,U-8906,P-1820,131,0.74,8,1,0,0
S-17907,U-8907,P-1207,202,0.64,4,0,0,0
S-17908,U-8908,P-1509,108,0.35,8,1,0,0
S-17909,U-8909,P-1688,3,0.75,7,0,0,0
S-17910,U-8910,P-1763,293,0.68,2,1,0,0
S-17911,U-8911,P-1430,34,0.78,3,0,0,0
S-17912,U-8912,P-1839,70,0.8,1,0,1,1
S-17913,U-8913,P-1763,18,0.32,9,1,0,0
S-17914,U-8914,P-1017,270,0.13,6,0,0,0
S-17915,U-8915,P-1450,284,0.12,5,1,1,0
S-17916,U-8916,P-1366,188,0.62,1,0,0,0
S-17917,U-8917,P-1062,154,0.79,1,0,0,0
S-17918,U-8918,P-1160,268,0.82,1,1,1,1
S-17919,U-8919,P-1412,43,0.69,2,0,0,0
S-17920,U-8920,P-1616,46,0.89,7,0,0,0
S-17921,U-8921,P-1853,294,0.99,3,0,0,0
S-17922,U-8922,P-1187,294,0.67,3,0,1,1
S-17923,U-8923,P-1154,272,0.84,1,1,1,0
S-17924,U-8924,P-1565,171,0.31,1,1,0,0
S-17925,U-8925,P-1782,77,0.12,1,1,0,0
S-17926,U-8926,P-1352,253,0.53,2,0,0,0
S-17927,U-8927,P-1585,291,0.33,7,0,0,0
S-17928,U-8928,P-1120,45,0.95,4,0,0,0
S-17929,U-8929,P-1419,280,0.22,5,1,0,0
S-17930,U-8930,P-1986,78,0.9,1,0,0,0
S-17931,U-8931,P-1807,118,0.69,2,0,0,0
S-17932,U-8932,P-1662,112,0.45,1,0,0,0
S-17933,U-8933,P-1803,4,1.0,5,1,0,0
S-17934,U-8934,P-1064,5,0.95,5,1,0,0
S-17935,U-8935,P-1395,279,0.74,5,0,0,0
S-17936,U-8936,P-1204,108,0.16,9,0,0,0
S-17937,U-8937,P-1683,168,0.66,6,0,0,0
S-17938,U-8938,P-1097,170,0.19,1,1,0,0
S-17939,U-8939,P-1508,228,0.28,5,0,0,0
S-17940,U-8940,P-1213,124,0.67,6,0,0,0
S-17941,U-8941,P-1342,5,0.29,2,0,0,0
S-17942,U-8942,P-1244,272,0.71,5,0,0,0
S-17943,U-8943,P-1835,128,0.69,5,0,0,0
S-17944,U-8944,P-1393,248,0.19,3,0,0,0
S-17945,U-8945,P-1671,94,0.51,7,1,0,0
S-17946,U-8946,P-1271,14,0.61,2,1,0,0
S-17947,U-8947,P-1091,29,0.13,6,1,0,0
S-17948,U-8948,P-1659,33,0.91,6,0,0,0
S-17949,U-8949,P-1211,14,0.56,4,1,0,0
S-17950,U-8950,P-1975,150,0.59,2,0,0,0
S-17951,U-8951,P-1984,199,0.42,4,0,0,0
S-17952,U-8952,P-1272,133,0.12,2,1,0,0
S-17953,U-8953,P-1370,82,0.25,1,0,0,0
S-17954,U-8954,P-1969,46,0.29,9,1,0,0
S-17955,U-8955,P-1116,203,0.77,5,0,0,0
S-17956,U-8956,P-1714,253,0.6,6,0,0,0
S-17957,U-8957,P-1728,180,0.58,0,0,0,0
S-17958,U-8958,P-1774,43,0.98,2,0,0,0
S-17959,U-8959,P-1645,23,0.35,4,1,0,0
S-17960,U-8960,P-1626,147,0.6,9,0,0,0
S-17961,U-8961,P-1111,155,0.16,4,1,0,0
S-17962,U-8962,P-1991,49,0.73,9,1,1,0
S-17963,U-8963,P-1381,37,0.99,8,0,0,0
S-17964,U-8964,P-1664,164,0.17,7,0,0,0
S-17965,U-8965,P-1994,63,0.72,5,0,0,0
S-17966,U-8966,P-1622,11,0.67,1,1,0,0
S-17967,U-8967,P-1603,297,0.51,4,1,1,1
S-17968,U-8968,P-1640,44,0.36,5,1,0,0
S-17969,U-8969,P-1288,95,0.18,2,1,0,0
S-17970,U-8970,P-1646,174,0.95,0,0,0,0
S-17971,U-8971,P-1441,26,0.15,7,0,0,0
S-17972,U-8972,P-1446,5,0.85,5,1,0,0
S-17973,U-8973,P-1663,279,0.32,7,1,0,0
S-17974,U-8974,P-1225,108,0.43,9,0,0,0
S-17975,U-8975,P-1208,111,0.83,3,1,0,0
S-17976,U-8976,P-1942,72,0.21,8,0,0,0
S-17977,U-8977,P-1645,65,0.94,6,0,0,0
S-17978,U-8978,P-1566,90,0.22,6,1,0,0
S-17979,U-8979,P-1161,139,0.68,1,0,0,0
S-17980,U-8980,P-1387,205,0.4,8,0,0,0
S-17981,U-8981,P-1935,195,0.61,5,1,0,0
S-17982,U-8982,P-1857,75,0.88,2,0,0,0
S-17983,U-8983,P-1180,33,0.32,0,1,0,0
S-17984,U-8984,P-1988,53,0.23,7,0,0,0
S-17985,U-8985,P-1741,65,0.65,7,1,0,0
S-17986,U-8986,P-1705,95,0.5,0,0,0,0
S-17987,U-8987,P-1360,224,0.31,4,0,0,0
S-17988,U-8988,P-1285,73,0.91,9,1,0,0
S-17989,U-8989,P-1018,81,0.87,2,0,0,0
S-17990,U-8990,P-1426,89,0.13,8,0,1,0
S-17991,U-8991,P-1477,139,0.4,5,0,0,0
S-17992,U-8992,P-1849,275,0.27,8,0,0,0
S-17993,U-8993,P-1762,290,0.35,8,0,0,0
S-17994,U-8994,P-1936,274,0.47,2,0,0,0
S-17995,U-8995,P-1036,149,0.59,1,1,0,0
S-17996,U-8996,P-1493,5,0.35,7,1,0,0
S-17997,U-8997,P-1616,81,0.1,8,1,0,0
S-17998,U-8998,P-1275,283,0.29,8,0,0,0
S-17999,U-8999,P-1960,29,0.81,7,0,0,0
S-18000,U-9000,P-1121,252,0.53,9,0,0,0
S-18001,U-9001,P-1036,95,0.4,1,0,0,0
S-18002,U-9002,P-1729,78,0.32,3,1,1,1
S-18003,U-9003,P-1309,134,0.83,5,1,0,0
S-18004,U-9004,P-1246,145,0.35,9,0,0,0
S-18005,U-9005,P-1155,165,0.87,6,1,0,0
S-18006,U-9006,P-1679,6,0.93,8,1,0,0
S-18007,U-9007,P-1382,254,0.2,3,0,0,0
S-18008,U-9008,P-1599,166,0.58,8,0,0,0
S-18009,U-9009,P-1307,121,0.25,3,1,0,0
S-18010,U-9010,P-1101,209,0.55,6,0,0,0
S-18011,U-9011,P-1911,227,0.5,4,0,0,0
S-18012,U-9012,P-1049,231,0.16,5,1,0,0
S-18013,U-9013,P-1499,145,0.36,8,0,0,0
S-18014,U-9014,P-1979,224,0.56,6,0,0,0
S-18015,U-9015,P-1293,291,0.87,4,1,0,0
S-18016,U-9016,P-1303,145,0.73,5,0,0,0
S-18017,U-9017,P-1973,229,0.5,6,0,1,1
S-18018,U-9018,P-1411,176,0.94,2,1,0,0
S-18019,U-9019,P-1412,202,0.15,7,1,1,0
S-18020,U-9020,P-1394,230,0.37,6,0,0,0
S-18021,U-9021,P-1660,248,0.48,1,0,0,0
S-18022,U-9022,P-1087,55,0.89,7,1,0,0
S-18023,U-9023,P-1319,151,0.43,3,1,0,0
S-18024,U-9024,P-1363,70,0.55,1,1,0,0
S-18025,U-9025,P-1137,241,0.54,7,1,0,0
S-18026,U-9026,P-1893,170,0.25,3,0,0,0
S-18027,U-9027,P-1878,287,0.98,2,1,0,0
S-18028,U-9028,P-1251,212,0.91,4,0,0,0
S-18029,U-9029,P-1439,51,0.4,2,0,0,0
S-18030,U-9030,P-1347,221,0.13,9,1,0,0
S-18031,U-9031,P-1822,259,0.49,3,0,0,0
S-18032,U-9032,P-1110,290,0.88,4,0,0,0
S-18033,U-9033,P-1468,125,0.3,2,0,0,0
S-18034,U-9034,P-1973,186,0.93,1,0,0,0
S-18035,U-9035,P-1111,297,0.27,0,0,0,0
S-18036,U-9036,P-1016,172,0.9,0,1,0,0
S-18037,U-9037,P-1123,291,0.73,7,0,0,0
S-18038,U-9038,P-1353,152,0.65,2,0,0,0
S-18039,U-9039,P-1877,177,0.45,5,1,0,0
S-18040,U-9040,P-1183,111,0.99,7,0,0,0
S-18041,U-9041,P-1379,274,0.12,0,1,0,0
S-18042,U-9042,P-1766,119,0.85,6,1,0,0
S-18043,U-9043,P-1088,197,0.59,9,0,0,0
S-18044,U-9044,P-1144,240,0.66,1,0,0,0
S-18045,U-9045,P-1777,203,0.3,0,0,0,0
S-18046,U-9046,P-1018,178,0.63,6,0,0,0
S-18047,U-9047,P-1320,160,0.66,9,1,0,0
S-18048,U-9048,P-1924,5,0.54,1,0,0,0
S-18049,U-9049,P-1108,169,0.86,7,0,1,1
S-18050,U-9050,P-1026,206,0.93,5,1,0,0
S-18051,U-9051,P-1080,145,0.33,9,1,0,0
S-18052,U-9052,P-1638,276,0.89,2,1,0,0
S-18053,U-9053,P-1280,28,0.13,8,1,0,0
S-18054,U-9054,P-1978,236,0.96,1,0,0,0
S-18055,U-9055,P-1964,215,0.25,8,1,0,0
S-18056,U-9056,P-1445,15,0.52,3,0,0,0
S-18057,U-9057,P-1711,124,0.62,6,1,0,0
S-18058,U-9058,P-1546,180,0.46,4,0,0,0
S-18059,U-9059,P-1502,294,0.78,9,0,0,0
S-18060,U-9060,P-1215,260,0.96,2,1,0,0
S-18061,U-9061,P-1687,53,0.68,9,1,0,0
S-18062,U-9062,P-1514,228,0.91,8,1,0,0
S-18063,U-9063,P-1176,249,0.55,9,0,0,0
S-18064,U-9064,P-1835,215,0.21,1,0,0,0
S-18065,U-9065,P-1369,37,0.17,5,0,0,0
S-18066,U-9066,P-1592,264,0.7,6,1,0,0
S-18067,U-9067,P-1011,131,0.59,8,0,0,0
S-18068,U-9068,P-1500,189,0.65,6,0,0,0
S-18069,U-9069,P-1996,294,0.37,3,0,0,0
S-18070,U-9070,P-1560,271,0.93,3,1,0,0
S-18071,U-9071,P-1839,266,0.26,9,1,0,0
S-18072,U-9072,P-1764,254,0.87,5,1,0,0
S-18073,U-9073,P-1274,224,0.95,5,0,0,0
S-18074,U-9074,P-1819,268,0.5,1,0,0,0
S-18075,U-9075,P-1486,239,0.88,1,0,0,0
S-18076,U-9076,P-1237,189,0.5,2,1,0,0
S-18077,U-9077,P-1562,34,0.31,5,0,0,0
S-18078,U-9078,P-1230,237,0.31,1,0,0,0
S-18079,U-9079,P-1568,154,0.48,9,0,0,0
S-18080,U-9080,P-1338,257,0.86,9,0,1,1
S-18081,U-9081,P-1499,117,0.79,4,1,0,0
S-18082,U-9082,P-1438,271,0.95,2,0,0,0
S-18083,U-9083,P-1255,6,0.94,6,1,0,0
S-18084,U-9084,P-1488,77,0.22,3,1,0,0
S-18085,U-9085,P-1923,296,0.19,2,0,0,0
S-18086,U-9086,P-1373,35,1.0,3,1,0,0
S-18087,U-9087,P-1136,95,0.75,2,1,0,0
S-18088,U-9088,P-1294,30,0.22,5,0,0,0
S-18089,U-9089,P-1480,71,0.14,4,1,0,0
S-18090,U-9090,P-1465,274,0.38,6,0,0,0
S-18091,U-9091,P-1878,74,0.47,1,1,0,0
S-18092,U-9092,P-1377,196,0.87,4,1,0,0
S-18093,U-9093,P-1714,52,0.66,7,0,0,0
S-18094,U-9094,P-1949,213,0.46,6,1,0,0
S-18095,U-9095,P-1345,99,0.48,6,1,0,0
S-18096,U-9096,P-1938,136,0.69,9,0,0,0
S-18097,U-9097,P-1344,211,0.34,1,1,0,0
S-18098,U-9098,P-1327,290,0.3,2,0,0,0
S-18099,U-9099,P-1557,133,0.66,6,1,0,0
S-18100,U-9100,P-1623,66,0.32,4,0,0,0
S-18101,U-9101,P-1157,99,0.37,6,1,0,0
S-18102,U-9102,P-1844,218,0.66,3,0,0,0
S-18103,U-9103,P-1533,203,0.87,2,1,0,0
S-18104,U-9104,P-1955,256,0.12,3,0,0,0
S-18105,U-9105,P-1403,146,0.12,1,0,0,0
S-18106,U-9106,P-1506,197,0.61,3,0,0,0
S-18107,U-9107,P-1119,72,0.97,3,0,0,0
S-18108,U-9108,P-1486,272,0.15,2,0,0,0
S-18109,U-9109,P-1434,268,0.33,2,0,0,0
S-18110,U-9110,P-1402,142,0.19,2,0,0,0
S-18111,U-9111,P-1866,101,0.91,8,0,0,0
S-18112,U-9112,P-1705,245,0.7,4,0,0,0
S-18113,U-9113,P-1933,149,0.4,1,1,0,0
S-18114,U-9114,P-1559,126,0.5,3,0,0,0
S-18115,U-9115,P-1630,3,0.74,3,1,0,0
S-18116,U-9116,P-1931,254,0.43,7,0,0,0
S-18117,U-9117,P-1362,126,0.54,0,0,0,0
S-18118,U-9118,P-1288,230,0.35,6,1,0,0
S-18119,U-9119,P-1936,88,0.5,8,1,0,0
S-18120,U-9120,P-1734,217,0.47,5,1,0,0
S-18121,U-9121,P-1446,90,0.81,1,1,0,0
S-18122,U-9122,P-1032,193,0.95,0,1,0,0
S-18123,U-9123,P-1178,176,0.29,0,0,0,0
S-18124,U-9124,P-1863,82,0.62,3,1,0,0
S-18125,U-9125,P-1655,194,0.33,9,1,0,0
S-18126,U-9126,P-1306,5,0.57,4,0,0,0
S-18127,U-9127,P-1487,177,0.33,5,0,0,0
S-18128,U-9128,P-1833,199,0.44,4,0,0,0
S-18129,U-9129,P-1402,161,0.21,3,0,1,1
S-18130,U-9130,P-1279,290,0.77,3,1,0,0
S-18131,U-9131,P-1625,250,0.75,3,1,0,0
S-18132,U-9132,P-1398,199,0.85,3,0,0,0
S-18133,U-9133,P-1121,237,0.14,9,1,0,0
S-18134,U-9134,P-1980,44,0.47,7,0,1,1
S-18135,U-9135,P-1069,70,0.3,8,0,0,0
S-18136,U-9136,P-1655,99,0.9,1,1,0,0
S-18137,U-9137,P-1217,124,0.65,5,1,0,0
S-18138,U-9138,P-1200,91,0.6,5,0,0,0
S-18139,U-9139,P-1330,168,0.59,9,1,0,0
S-18140,U-9140,P-1961,166,0.12,2,1,0,0
S-18141,U-9141,P-1536,45,0.8,5,1,1,0
S-18142,U-9142,P-1137,32,0.38,3,1,0,0
S-18143,U-9143,P-1601,57,0.14,5,1,0,0
S-18144,U-9144,P-1936,278,0.45,2,0,0,0
S-18145,U-9145,P-1285,234,0.65,2,0,0,0
S-18146,U-9146,P-1113,97,0.69,7,0,0,0
S-18147,U-9147,P-1925,11,0.49,9,1,0,0
S-18148,U-9148,P-1595,164,0.72,1,1,0,0
S-18149,U-9149,P-1572,15,0.94,2,1,0,0
S-18150,U-9150,P-1323,219,0.12,2,1,0,0
S-18151,U-9151,P-1823,82,0.12,3,0,1,1
S-18152,U-9152,P-1827,164,0.92,0,1,0,0
S-18153,U-9153,P-1246,250,0.42,2,1,0,0
S-18154,U-9154,P-1261,19,0.92,4,1,0,0
S-18155,U-9155,P-1907,40,0.29,5,0,0,0
S-18156,U-9156,P-1293,90,0.5,6,1,0,0
S-18157,U-9157,P-1800,91,0.63,4,0,0,0
S-18158,U-9158,P-1124,41,0.33,0,0,0,0
S-18159,U-9159,P-1916,134,0.34,3,1,0,0
S-18160,U-9160,P-1504,29,0.86,7,0,0,0
S-18161,U-9161,P-1950,285,0.56,9,1,0,0
S-18162,U-9162,P-1254,147,0.54,1,0,0,0
S-18163,U-9163,P-1393,70,0.41,1,0,0,0
S-18164,U-9164,P-1055,286,0.53,4,0,1,1
S-18165,U-9165,P-1784,15,0.43,3,0,0,0
S-18166,U-9166,P-1523,3,0.65,1,0,0,0
S-18167,U-9167,P-1436,71,0.63,2,1,1,0
S-18168,U-9168,P-1879,226,0.17,0,1,0,0
S-18169,U-9169,P-1499,206,0.82,9,1,0,0
S-18170,U-9170,P-1754,275,0.18,3,0,0,0
S-18171,U-9171,P-1701,286,0.14,0,0,0,0
S-18172,U-9172,P-1782,106,0.94,9,1,1,1
S-18173,U-9173,P-1446,294,0.73,5,1,0,0
S-18174,U-9174,P-1775,285,0.3,0,1,0,0
S-18175,U-9175,P-1499,254,0.86,7,1,0,0
S-18176,U-9176,P-1375,72,0.7,5,1,0,0
S-18177,U-9177,P-1418,21,0.53,2,0,0,0
S-18178,U-9178,P-1624,279,0.97,2,0,0,0
S-18179,U-9179,P-1117,83,0.96,5,0,0,0
S-18180,U-9180,P-1239,288,0.59,5,1,0,0
S-18181,U-9181,P-1687,65,0.46,3,1,0,0
S-18182,U-9182,P-1846,22,0.24,4,1,0,0
S-18183,U-9183,P-1325,174,0.51,1,1,0,0
S-18184,U-9184,P-1134,229,0.44,2,0,0,0
S-18185,U-9185,P-1527,72,0.83,7,0,0,0
S-18186,U-9186,P-1573,121,0.11,6,1,0,0
S-18187,U-9187,P-1936,263,0.45,2,0,0,0
S-18188,U-9188,P-1037,32,0.8,4,1,0,0
S-18189,U-9189,P-1498,227,0.3,1,0,0,0
S-18190,U-9190,P-1304,112,0.31,6,1,1,0
S-18191,U-9191,P-1056,293,0.12,2,1,0,0
S-18192,U-9192,P-1579,167,0.25,8,0,0,0
S-18193,U-9193,P-1729,173,0.62,0,0,0,0
S-18194,U-9194,P-1658,267,0.32,4,1,0,0
S-18195,U-9195,P-1023,195,0.19,3,0,0,0
S-18196,U-9196,P-1229,62,0.89,1,1,0,0
S-18197,U-9197,P-1940,222,0.77,6,0,0,0
S-18198,U-9198,P-1976,232,0.76,2,0,0,0
S-18199,U-9199,P-1885,131,0.33,1,1,0,0
S-18200,U-9200,P-1071,38,0.86,9,0,0,0
S-18201,U-9201,P-1048,216,0.97,8,0,0,0
S-18202,U-9202,P-1137,195,0.93,5,1,0,0
S-18203,U-9203,P-1306,2,0.69,8,0,0,0
S-18204,U-9204,P-1479,206,0.41,9,0,0,0
S-18205,U-9205,P-1231,258,0.62,3,0,0,0
S-18206,U-9206,P-1794,202,0.3,4,0,0,0
S-18207,U-9207,P-1930,161,0.13,3,1,0,0
S-18208,U-9208,P-1771,37,0.45,2,0,0,0
S-18209,U-9209,P-1858,15,0.57,3,1,0,0
S-18210,U-9210,P-1804,225,0.84,8,1,0,0
S-18211,U-9211,P-1741,64,0.78,1,0,0,0
S-18212,U-9212,P-1572,59,0.82,2,0,0,0
S-18213,U-9213,P-1228,205,0.9,6,1,0,0
S-18214,U-9214,P-1448,267,0.9,5,0,0,0
S-18215,U-9215,P-1483,226,0.2,2,1,0,0
S-18216,U-9216,P-1796,131,0.92,9,1,0,0
S-18217,U-9217,P-1530,137,0.19,9,1,0,0
S-18218,U-9218,P-1770,135,0.97,3,1,0,0
S-18219,U-9219,P-1195,61,0.14,4,0,0,0
S-18220,U-9220,P-1318,277,0.14,9,1,0,0
S-18221,U-9221,P-1195,135,0.33,0,1,1,1
S-18222,U-9222,P-1861,4,0.93,0,1,0,0
S-18223,U-9223,P-1537,64,0.64,4,0,0,0
S-18224,U-9224,P-1293,162,0.7,7,0,0,0
S-18225,U-9225,P-1883,112,0.9,1,0,1,0
S-18226,U-9226,P-1370,233,0.78,8,1,0,0
S-18227,U-9227,P-1799,256,0.53,6,0,0,0
S-18228,U-9228,P-1847,157,0.41,8,0,0,0
S-18229,U-9229,P-1320,284,0.57,6,0,0,0
S-18230,U-9230,P-1390,141,0.18,0,0,0,0
S-18231,U-9231,P-1458,225,0.25,3,0,1,1
S-18232,U-9232,P-1108,95,0.64,3,0,0,0
S-18233,U-9233,P-1275,3,0.43,9,0,0,0
S-18234,U-9234,P-1181,213,0.12,4,0,0,0
S-18235,U-9235,P-1767,201,0.31,7,0,0,0
S-18236,U-9236,P-1744,195,0.22,2,1,0,0
S-18237,U-9237,P-1013,233,0.57,6,1,0,0
S-18238,U-9238,P-1187,98,0.19,6,1,0,0
S-18239,U-9239,P-1344,263,0.42,4,1,0,0
S-18240,U-9240,P-1082,131,0.36,8,0,0,0
S-18241,U-9241,P-1327,121,0.12,2,0,0,0
S-18242,U-9242,P-1336,115,0.37,1,1,0,0
S-18243,U-9243,P-1230,155,0.39,7,0,0,0
S-18244,U-9244,P-1202,147,0.57,8,0,0,0
S-18245,U-9245,P-1123,172,0.63,7,0,0,0
S-18246,U-9246,P-1079,88,0.39,5,1,0,0
S-18247,U-9247,P-1958,257,0.86,6,1,0,0
S-18248,U-9248,P-1138,122,0.56,4,0,0,0
S-18249,U-9249,P-1679,265,0.4,5,0,0,0
S-18250,U-9250,P-1784,208,0.47,2,0,0,0
S-18251,U-9251,P-1986,104,0.87,7,1,0,0
S-18252,U-9252,P-1748,88,0.18,3,0,0,0
S-18253,U-9253,P-1028,16,0.9,5,0,0,0
S-18254,U-9254,P-1075,30,0.59,5,0,0,0
S-18255,U-9255,P-1460,58,0.63,3,0,0,0
S-18256,U-9256,P-1245,149,0.29,4,1,1,1
S-18257,U-9257,P-1917,167,0.81,2,0,0,0
S-18258,U-9258,P-1441,8,0.26,7,1,0,0
S-18259,U-9259,P-1113,215,0.68,3,1,0,0
S-18260,U-9260,P-1114,248,0.41,7,0,0,0
S-18261,U-9261,P-1100,118,0.31,4,1,0,0
S-18262,U-9262,P-1845,290,0.88,8,0,1,1
S-18263,U-9263,P-1331,12,0.27,5,0,0,0
S-18264,U-9264,P-1476,98,0.72,7,0,0,0
S-18265,U-9265,P-1707,282,0.24,1,0,0,0
S-18266,U-9266,P-1055,19,0.5,4,1,0,0
S-18267,U-9267,P-1882,31,0.62,4,0,0,0
S-18268,U-9268,P-1217,47,0.23,3,1,0,0
S-18269,U-9269,P-1118,150,0.98,1,1,0,0
S-18270,U-9270,P-1468,17,0.95,5,0,0,0
S-18271,U-9271,P-1596,175,0.71,9,1,1,0
S-18272,U-9272,P-1520,126,0.72,9,0,0,0
S-18273,U-9273,P-1857,116,0.92,7,0,0,0
S-18274,U-9274,P-1325,179,0.86,4,0,0,0
S-18275,U-9275,P-1553,241,0.28,1,1,0,0
S-18276,U-9276,P-1714,225,0.25,7,0,0,0
S-18277,U-9277,P-1867,130,0.99,8,0,0,0
S-18278,U-9278,P-1240,29,0.6,7,0,0,0
S-18279,U-9279,P-1202,225,0.45,1,0,0,0
S-18280,U-9280,P-1582,161,0.68,3,0,0,0
S-18281,U-9281,P-1349,72,0.65,6,1,0,0
S-18282,U-9282,P-1116,165,0.11,7,0,0,0
S-18283,U-9283,P-1706,60,0.94,7,1,0,0
S-18284,U-9284,P-1019,276,0.31,7,1,1,0
S-18285,U-9285,P-1740,5,0.42,7,1,0,0
S-18286,U-9286,P-1867,112,0.12,8,0,1,0
S-18287,U-9287,P-1182,296,0.67,4,0,0,0
S-18288,U-9288,P-1926,21,0.23,6,0,0,0
S-18289,U-9289,P-1555,285,0.46,1,0,1,0
S-18290,U-9290,P-1406,145,0.15,9,0,0,0
S-18291,U-9291,P-1092,273,0.98,6,1,0,0
S-18292,U-9292,P-1135,206,0.46,0,0,0,0
S-18293,U-9293,P-1758,233,0.96,3,1,0,0
S-18294,U-9294,P-1368,268,0.25,9,1,0,0
S-18295,U-9295,P-1010,7,0.75,4,1,0,0
S-18296,U-9296,P-1495,130,0.34,2,0,0,0
S-18297,U-9297,P-1000,11,0.92,6,0,0,0
S-18298,U-9298,P-1864,4,0.47,0,1,0,0
S-18299,U-9299,P-1096,53,0.27,3,0,0,0
S-18300,U-9300,P-1653,167,0.85,6,0,0,0
S-18301,U-9301,P-1191,262,0.68,4,1,0,0
S-18302,U-9302,P-1446,211,0.36,2,1,0,0
S-18303,U-9303,P-1462,11,0.35,1,1,0,0
S-18304,U-9304,P-1261,43,0.89,8,0,0,0
S-18305,U-9305,P-1204,223,0.33,0,1,0,0
S-18306,U-9306,P-1230,23,0.61,2,0,0,0
S-18307,U-9307,P-1523,253,0.52,0,0,0,0
S-18308,U-9308,P-1333,70,0.66,7,1,0,0
S-18309,U-9309,P-1925,71,0.71,6,1,0,0
S-18310,U-9310,P-1653,131,0.34,8,1,0,0
S-18311,U-9311,P-1211,265,0.69,2,1,0,0
S-18312,U-9312,P-1955,179,0.47,6,0,0,0
S-18313,U-9313,P-1406,60,0.2,7,0,0,0
S-18314,U-9314,P-1131,47,0.3,9,0,0,0
S-18315,U-9315,P-1183,64,0.45,8,0,0,0
S-18316,U-9316,P-1360,218,0.97,7,1,0,0
S-18317,U-9317,P-1511,61,0.66,8,1,0,0
S-18318,U-9318,P-1972,295,0.88,5,1,0,0
S-18319,U-9319,P-1628,256,0.9,9,1,0,0
S-18320,U-9320,P-1503,88,0.99,1,0,0,0
S-18321,U-9321,P-1713,292,0.22,6,0,0,0
S-18322,U-9322,P-1132,206,0.67,7,0,1,1
S-18323,U-9323,P-1601,135,0.61,7,0,0,0
S-18324,U-9324,P-1892,295,0.63,3,0,0,0
S-18325,U-9325,P-1417,216,0.45,7,1,0,0
S-18326,U-9326,P-1151,164,0.85,0,0,0,0
S-18327,U-9327,P-1905,160,0.96,8,0,0,0
S-18328,U-9328,P-1230,261,0.81,3,0,0,0
S-18329,U-9329,P-1997,141,0.51,6,1,0,0
S-18330,U-9330,P-1515,129,0.69,1,0,0,0
S-18331,U-9331,P-1657,193,0.65,4,0,0,0
S-18332,U-9332,P-1452,31,0.69,3,0,0,0
S-18333,U-9333,P-1889,67,0.99,1,0,0,0
S-18334,U-9334,P-1576,119,0.68,2,1,0,0
S-18335,U-9335,P-1783,5,0.76,0,0,0,0
S-18336,U-9336,P-1735,246,0.78,3,0,0,0
S-18337,U-9337,P-1383,272,0.22,1,0,0,0
S-18338,U-9338,P-1829,141,0.61,7,0,0,0
S-18339,U-9339,P-1553,214,0.86,7,1,0,0
S-18340,U-9340,P-1795,211,0.67,5,0,0,0
S-18341,U-9341,P-1053,70,0.66,3,1,0,0
S-18342,U-9342,P-1750,71,0.42,8,0,0,0
S-18343,U-9343,P-1564,73,0.48,4,1,1,1
S-18344,U-9344,P-1593,167,0.62,0,0,0,0
S-18345,U-9345,P-1113,151,0.47,0,1,0,0
S-18346,U-9346,P-1830,85,0.43,0,1,0,0
S-18347,U-9347,P-1881,219,0.41,0,0,0,0
S-18348,U-9348,P-1641,138,0.11,9,1,0,0
S-18349,U-9349,P-1334,114,0.83,5,0,1,1
S-18350,U-9350,P-1325,25,0.8,4,1,0,0
S-18351,U-9351,P-1739,277,0.55,4,1,0,0
S-18352,U-9352,P-1444,170,0.21,6,1,0,0
S-18353,U-9353,P-1487,263,0.32,0,0,0,0
S-18354,U-9354,P-1793,39,0.42,9,0,0,0
S-18355,U-9355,P-1933,87,0.29,6,1,0,0
S-18356,U-9356,P-1621,110,0.45,6,1,0,0
S-18357,U-9357,P-1893,10,0.38,3,1,0,0
S-18358,U-9358,P-1066,9,0.86,6,1,1,0
S-18359,U-9359,P-1497,288,0.15,0,1,0,0
S-18360,U-9360,P-1935,169,0.34,2,0,0,0
S-18361,U-9361,P-1861,88,0.84,5,1,0,0
S-18362,U-9362,P-1137,62,0.35,9,1,0,0
S-18363,U-9363,P-1811,241,0.47,5,1,1,1
S-18364,U-9364,P-1303,82,0.53,9,1,0,0
S-18365,U-9365,P-1121,144,0.63,0,0,1,0
S-18366,U-9366,P-1400,3,0.48,1,0,0,0
S-18367,U-9367,P-1882,237,0.57,0,1,1,0
S-18368,U-9368,P-1372,27,0.97,0,1,0,0
S-18369,U-9369,P-1468,17,0.54,5,0,1,0
S-18370,U-9370,P-1764,163,0.42,2,0,0,0
S-18371,U-9371,P-1739,126,0.52,9,0,0,0
S-18372,U-9372,P-1228,53,0.2,0,1,0,0
S-18373,U-9373,P-1758,285,1.0,6,1,0,0
S-18374,U-9374,P-1317,251,0.35,2,1,1,1
S-18375,U-9375,P-1833,110,0.36,7,1,0,0
S-18376,U-9376,P-1576,269,0.27,3,0,0,0
S-18377,U-9377,P-1994,24,0.46,4,0,0,0
S-18378,U-9378,P-1034,83,0.81,5,0,0,0
S-18379,U-9379,P-1560,298,0.29,6,1,0,0
S-18380,U-9380,P-1569,56,0.48,4,1,0,0
S-18381,U-9381,P-1780,57,0.14,5,1,0,0
S-18382,U-9382,P-1355,212,0.13,4,1,0,0
S-18383,U-9383,P-1438,97,0.95,5,0,0,0
S-18384,U-9384,P-1359,104,0.95,2,1,0,0
S-18385,U-9385,P-1570,165,0.2,1,0,0,0
S-18386,U-9386,P-1850,103,0.29,1,0,0,0
S-18387,U-9387,P-1076,287,0.91,6,0,0,0
S-18388,U-9388,P-1809,69,0.3,4,0,0,0
S-18389,U-9389,P-1094,47,0.64,5,0,1,1
S-18390,U-9390,P-1571,54,0.92,4,0,0,0
S-18391,U-9391,P-1760,191,0.87,4,1,0,0
S-18392,U-9392,P-1125,33,0.73,7,1,0,0
S-18393,U-9393,P-1585,31,0.85,7,0,0,0
S-18394,U-9394,P-1178,202,0.38,1,1,0,0
S-18395,U-9395,P-1329,232,0.11,8,0,0,0
S-18396,U-9396,P-1583,69,0.69,0,0,0,0
S-18397,U-9397,P-1407,196,0.25,2,1,0,0
S-18398,U-9398,P-1920,176,0.36,1,1,0,0
S-18399,U-9399,P-1180,252,0.41,4,0,0,0
S-18400,U-9400,P-1060,73,0.69,0,0,0,0
S-18401,U-9401,P-1331,183,0.87,4,1,0,0
S-18402,U-9402,P-1043,293,0.24,6,0,0,0
S-18403,U-9403,P-1795,93,1.0,2,0,0,0
S-18404,U-9404,P-1637,176,0.84,1,0,0,0
S-18405,U-9405,P-1040,110,0.11,6,1,0,0
S-18406,U-9406,P-1075,102,0.82,0,1,0,0
S-18407,U-9407,P-1639,238,0.32,2,1,0,0
S-18408,U-9408,P-1049,112,0.76,2,0,0,0
S-18409,U-9409,P-1750,148,0.53,7,1,0,0
S-18410,U-9410,P-1269,107,0.24,2,0,1,0
S-18411,U-9411,P-1919,247,0.81,6,1,0,0
S-18412,U-9412,P-1758,64,0.94,2,1,1,0
S-18413,U-9413,P-1447,224,0.53,6,0,0,0
S-18414,U-9414,P-1339,282,0.36,8,0,0,0
S-18415,U-9415,P-1975,298,0.66,0,1,1,1
S-18416,U-9416,P-1852,66,0.54,5,0,0,0
S-18417,U-9417,P-1851,57,0.34,5,0,0,0
S-18418,U-9418,P-1403,69,0.75,4,0,0,0
S-18419,U-9419,P-1969,200,0.15,0,0,0,0
S-18420,U-9420,P-1210,185,0.2,6,1,0,0
S-18421,U-9421,P-1410,202,0.68,8,0,0,0
S-18422,U-9422,P-1343,224,0.66,3,1,0,0
S-18423,U-9423,P-1324,130,0.8,9,0,0,0
S-18424,U-9424,P-1144,126,0.42,5,1,0,0
S-18425,U-9425,P-1559,291,0.29,9,0,0,0
S-18426,U-9426,P-1791,15,0.1,0,1,0,0
S-18427,U-9427,P-1088,120,0.86,3,1,1,1
S-18428,U-9428,P-1057,270,0.5,9,0,0,0
S-18429,U-9429,P-1068,223,0.8,5,0,0,0
S-18430,U-9430,P-1817,174,0.86,5,1,0,0
S-18431,U-9431,P-1833,220,0.33,7,0,0,0
S-18432,U-9432,P-1836,174,0.5,5,0,0,0
S-18433,U-9433,P-1376,1,0.48,0,1,0,0
S-18434,U-9434,P-1005,2,0.81,2,0,0,0
S-18435,U-9435,P-1964,114,0.53,8,1,0,0
S-18436,U-9436,P-1732,245,0.58,8,1,0,0
S-18437,U-9437,P-1577,204,0.82,8,0,0,0
S-18438,U-9438,P-1514,203,0.95,3,1,0,0
S-18439,U-9439,P-1193,13,0.3,2,1,0,0
S-18440,U-9440,P-1515,234,0.4,3,1,0,0
S-18441,U-9441,P-1067,235,0.34,3,0,0,0
S-18442,U-9442,P-1869,271,0.28,1,1,0,0
S-18443,U-9443,P-1714,258,0.7,5,1,0,0
S-18444,U-9444,P-1111,148,0.91,9,0,0,0
S-18445,U-9445,P-1592,90,0.43,8,1,0,0
S-18446,U-9446,P-1311,5,0.79,7,1,0,0
S-18447,U-9447,P-1634,82,0.97,4,0,0,0
S-18448,U-9448,P-1686,87,0.78,5,0,0,0
S-18449,U-9449,P-1558,5,0.73,6,0,0,0
S-18450,U-9450,P-1205,102,0.16,3,0,0,0
S-18451,U-9451,P-1034,298,0.54,4,1,0,0
S-18452,U-9452,P-1454,11,0.36,1,1,0,0
S-18453,U-9453,P-1698,149,0.75,9,1,0,0
S-18454,U-9454,P-1865,229,0.53,2,1,0,0
S-18455,U-9455,P-1835,11,0.69,3,0,0,0
S-18456,U-9456,P-1580,281,0.72,6,0,0,0
S-18457,U-9457,P-1873,5,0.8,6,0,0,0
S-18458,U-9458,P-1020,236,0.33,7,0,0,0
S-18459,U-9459,P-1789,72,0.65,8,0,0,0
S-18460,U-9460,P-1158,274,0.56,8,1,0,0
S-18461,U-9461,P-1940,13,0.53,0,1,0,0
S-18462,U-9462,P-1362,90,0.23,6,1,0,0
S-18463,U-9463,P-1207,118,0.89,3,0,0,0
S-18464,U-9464,P-1637,56,0.75,3,0,0,0
S-18465,U-9465,P-1069,133,0.93,9,0,0,0
S-18466,U-9466,P-1349,152,0.91,7,0,0,0
S-18467,U-9467,P-1391,213,0.82,5,0,0,0
S-18468,U-9468,P-1083,262,0.19,6,0,0,0
S-18469,U-9469,P-1947,84,0.43,0,0,0,0
S-18470,U-9470,P-1810,286,0.17,2,0,0,0
S-18471,U-9471,P-1634,83,0.43,2,1,0,0
S-18472,U-9472,P-1025,18,0.47,5,0,0,0
S-18473,U-9473,P-1254,165,0.41,6,0,0,0
S-18474,U-9474,P-1037,256,0.73,3,0,0,0
S-18475,U-9475,P-1287,142,0.14,0,1,0,0
S-18476,U-9476,P-1354,209,0.42,7,1,0,0
S-18477,U-9477,P-1683,120,0.84,3,1,0,0
S-18478,U-9478,P-1470,100,0.66,7,0,0,0
S-18479,U-9479,P-1360,33,0.56,3,1,0,0
S-18480,U-9480,P-1387,285,0.3,8,1,0,0
S-18481,U-9481,P-1939,4,0.14,1,1,0,0
S-18482,U-9482,P-1392,228,0.83,3,0,0,0
S-18483,U-9483,P-1471,127,0.37,8,0,0,0
S-18484,U-9484,P-1661,225,0.21,1,1,0,0
S-18485,U-9485,P-1202,126,0.54,9,1,1,1
S-18486,U-9486,P-1929,151,0.62,4,0,0,0
S-18487,U-9487,P-1429,264,0.72,1,1,0,0
S-18488,U-9488,P-1302,167,0.16,4,0,1,0
S-18489,U-9489,P-1400,284,0.84,3,0,0,0
S-18490,U-9490,P-1217,196,0.49,3,0,0,0
S-18491,U-9491,P-1154,127,0.13,9,0,0,0
S-18492,U-9492,P-1380,83,0.25,9,0,0,0
S-18493,U-9493,P-1291,98,0.67,9,0,0,0
S-18494,U-9494,P-1453,256,0.87,5,1,0,0
S-18495,U-9495,P-1357,255,0.83,7,0,0,0
S-18496,U-9496,P-1484,221,0.74,6,1,1,0
S-18497,U-9497,P-1824,264,0.56,6,0,0,0
S-18498,U-9498,P-1172,138,0.95,2,1,0,0
S-18499,U-9499,P-1076,154,0.56,4,1,0,0
S-18500,U-9500,P-1323,37,0.79,3,0,0,0
S-18501,U-9501,P-1242,53,0.34,2,1,0,0
S-18502,U-9502,P-1377,294,0.35,5,0,0,0
S-18503,U-9503,P-1139,103,0.19,0,0,0,0
S-18504,U-9504,P-1969,76,0.91,0,0,0,0
S-18505,U-9505,P-1796,16,0.54,4,1,0,0
S-18506,U-9506,P-1584,275,0.62,9,1,0,0
S-18507,U-9507,P-1639,66,0.65,3,1,0,0
S-18508,U-9508,P-1158,130,0.47,0,0,0,0
S-18509,U-9509,P-1937,133,0.92,4,0,0,0
S-18510,U-9510,P-1199,177,0.24,8,1,0,0
S-18511,U-9511,P-1247,77,0.63,1,1,0,0
S-18512,U-9512,P-1035,144,0.34,0,0,0,0
S-18513,U-9513,P-1748,44,0.12,4,1,0,0
S-18514,U-9514,P-1500,80,0.95,2,0,0,0
S-18515,U-9515,P-1625,198,0.25,9,0,1,1
S-18516,U-9516,P-1883,103,0.14,6,0,0,0
S-18517,U-9517,P-1411,55,0.42,4,1,0,0
S-18518,U-9518,P-1660,185,0.83,1,0,0,0
S-18519,U-9519,P-1419,57,0.56,8,0,0,0
S-18520,U-9520,P-1843,12,0.82,1,0,0,0
S-18521,U-9521,P-1675,71,0.37,1,1,0,0
S-18522,U-9522,P-1460,26,0.13,3,1,0,0
S-18523,U-9523,P-1496,128,0.9,6,1,0,0
S-18524,U-9524,P-1295,277,0.89,7,0,0,0
S-18525,U-9525,P-1772,92,0.47,8,0,0,0
S-18526,U-9526,P-1324,252,0.64,7,1,0,0
S-18527,U-9527,P-1129,74,0.84,8,0,0,0
S-18528,U-9528,P-1044,72,0.36,9,1,0,0
S-18529,U-9529,P-1473,295,0.95,8,1,0,0
S-18530,U-9530,P-1443,1,0.77,5,1,0,0
S-18531,U-9531,P-1627,273,0.13,2,0,0,0
S-18532,U-9532,P-1698,10,0.96,1,1,0,0
S-18533,U-9533,P-1356,277,0.81,1,1,0,0
S-18534,U-9534,P-1085,3,0.31,7,1,0,0
S-18535,U-9535,P-1197,160,0.51,0,1,0,0
S-18536,U-9536,P-1642,106,1.0,9,1,0,0
S-18537,U-9537,P-1058,183,0.7,5,0,0,0
S-18538,U-9538,P-1261,22,0.24,9,1,0,0
S-18539,U-9539,P-1201,57,0.65,3,0,0,0
S-18540,U-9540,P-1918,157,0.58,0,1,0,0
S-18541,U-9541,P-1666,143,0.18,2,0,0,0
S-18542,U-9542,P-1875,61,0.36,1,1,0,0
S-18543,U-9543,P-1910,196,0.93,7,0,0,0
S-18544,U-9544,P-1996,82,0.46,1,0,0,0
S-18545,U-9545,P-1706,288,0.51,6,0,0,0
S-18546,U-9546,P-1726,103,0.6,0,0,0,0
S-18547,U-9547,P-1262,83,0.21,0,0,0,0
S-18548,U-9548,P-1206,190,0.74,8,0,0,0
S-18549,U-9549,P-1961,148,0.73,0,1,0,0
S-18550,U-9550,P-1435,62,0.58,3,1,0,0
S-18551,U-9551,P-1598,113,0.31,0,1,0,0
S-18552,U-9552,P-1191,271,0.27,8,1,0,0
S-18553,U-9553,P-1118,296,0.23,0,0,0,0
S-18554,U-9554,P-1794,121,0.51,6,1,0,0
S-18555,U-9555,P-1083,70,0.46,5,1,0,0
S-18556,U-9556,P-1737,186,0.77,3,0,0,0
S-18557,U-9557,P-1186,43,0.59,3,0,1,0
S-18558,U-9558,P-1442,146,0.42,4,0,0,0
S-18559,U-9559,P-1278,262,0.97,7,0,0,0
S-18560,U-9560,P-1561,35,0.42,9,0,0,0
S-18561,U-9561,P-1643,188,0.41,3,0,0,0
S-18562,U-9562,P-1376,4,0.45,2,0,0,0
S-18563,U-9563,P-1232,3,0.56,7,1,0,0
S-18564,U-9564,P-1011,70,0.33,5,1,0,0
S-18565,U-9565,P-1790,131,0.46,5,0,0,0
S-18566,U-9566,P-1024,45,0.16,5,1,0,0
S-18567,U-9567,P-1662,167,0.28,1,1,0,0
S-18568,U-9568,P-1733,280,0.8,7,0,0,0
S-18569,U-9569,P-1175,86,0.68,4,0,0,0
S-18570,U-9570,P-1869,288,0.11,5,1,0,0
S-18571,U-9571,P-1458,98,0.61,5,0,0,0
S-18572,U-9572,P-1439,290,0.85,1,1,0,0
S-18573,U-9573,P-1949,85,0.95,1,0,0,0
S-18574,U-9574,P-1791,17,0.16,7,1,0,0
S-18575,U-9575,P-1011,111,0.92,9,0,0,0
S-18576,U-9576,P-1905,169,0.11,3,1,0,0
S-18577,U-9577,P-1826,90,0.75,9,1,0,0
S-18578,U-9578,P-1214,171,0.39,7,0,0,0
S-18579,U-9579,P-1229,119,0.46,2,0,0,0
S-18580,U-9580,P-1095,218,0.29,4,0,0,0
S-18581,U-9581,P-1978,212,0.91,1,0,0,0
S-18582,U-9582,P-1859,32,0.12,8,1,0,0
S-18583,U-9583,P-1196,136,0.84,9,0,0,0
S-18584,U-9584,P-1735,229,0.71,7,1,0,0
S-18585,U-9585,P-1848,178,0.33,9,0,0,0
S-18586,U-9586,P-1648,4,0.58,1,1,0,0
S-18587,U-9587,P-1143,71,0.46,0,0,0,0
S-18588,U-9588,P-1454,63,0.35,7,1,0,0
S-18589,U-9589,P-1996,285,0.33,1,0,0,0
S-18590,U-9590,P-1232,1,0.34,5,1,0,0
S-18591,U-9591,P-1343,13,0.29,6,0,0,0
S-18592,U-9592,P-1915,109,0.92,0,1,0,0
S-18593,U-9593,P-1329,62,0.46,0,0,0,0
S-18594,U-9594,P-1800,142,0.11,4,0,0,0
S-18595,U-9595,P-1771,154,0.3,9,0,0,0
S-18596,U-9596,P-1003,99,0.33,8,0,0,0
S-18597,U-9597,P-1652,7,0.55,6,1,0,0
S-18598,U-9598,P-1539,196,0.11,3,0,0,0
S-18599,U-9599,P-1716,181,0.14,3,1,0,0
S-18600,U-9600,P-1231,68,0.31,4,1,0,0
S-18601,U-9601,P-1118,167,0.11,0,1,0,0
S-18602,U-9602,P-1280,54,0.24,6,1,0,0
S-18603,U-9603,P-1535,228,0.35,6,0,0,0
S-18604,U-9604,P-1287,176,0.54,6,0,0,0
S-18605,U-9605,P-1934,44,0.36,7,1,0,0
S-18606,U-9606,P-1473,55,0.83,7,0,0,0
S-18607,U-9607,P-1476,272,0.65,8,1,0,0
S-18608,U-9608,P-1992,3,0.52,4,0,0,0
S-18609,U-9609,P-1692,29,0.78,6,0,0,0
S-18610,U-9610,P-1911,14,0.96,3,1,0,0
S-18611,U-9611,P-1351,189,0.42,8,1,0,0
S-18612,U-9612,P-1740,5,0.65,1,1,0,0
S-18613,U-9613,P-1885,121,0.31,9,0,0,0
S-18614,U-9614,P-1200,267,0.96,2,1,0,0
S-18615,U-9615,P-1640,177,0.34,8,0,0,0
S-18616,U-9616,P-1672,254,0.75,7,1,0,0
S-18617,U-9617,P-1547,107,0.82,6,1,0,0
S-18618,U-9618,P-1534,175,0.49,5,1,0,0
S-18619,U-9619,P-1074,127,0.39,8,1,0,0
S-18620,U-9620,P-1139,161,0.67,7,1,1,1
S-18621,U-9621,P-1304,79,0.34,9,1,0,0
S-18622,U-9622,P-1481,57,0.22,2,0,1,0
S-18623,U-9623,P-1607,90,0.15,2,1,0,0
S-18624,U-9624,P-1967,91,0.94,7,1,0,0
S-18625,U-9625,P-1963,167,0.13,9,1,0,0
S-18626,U-9626,P-1671,48,0.6,5,0,0,0
S-18627,U-9627,P-1685,293,0.25,9,1,0,0
S-18628,U-9628,P-1474,196,0.42,3,1,0,0
S-18629,U-9629,P-1051,34,0.27,8,0,0,0
S-18630,U-9630,P-1515,45,0.37,8,0,1,1
S-18631,U-9631,P-1162,278,0.9,0,1,0,0
S-18632,U-9632,P-1626,94,0.87,1,0,0,0
S-18633,U-9633,P-1099,61,0.64,1,0,0,0
S-18634,U-9634,P-1728,283,0.67,9,1,0,0
S-18635,U-9635,P-1113,145,0.82,7,1,1,0
S-18636,U-9636,P-1251,212,0.22,9,1,0,0
S-18637,U-9637,P-1737,160,0.31,8,0,0,0
S-18638,U-9638,P-1547,241,0.63,0,1,0,0
S-18639,U-9639,P-1653,174,0.78,3,0,0,0
S-18640,U-9640,P-1319,53,0.48,8,0,0,0
S-18641,U-9641,P-1185,257,0.45,1,0,0,0
S-18642,U-9642,P-1106,126,0.12,6,0,0,0
S-18643,U-9643,P-1651,189,0.17,6,1,0,0
S-18644,U-9644,P-1654,294,0.86,0,0,0,0
S-18645,U-9645,P-1008,100,0.36,2,1,0,0
S-18646,U-9646,P-1918,40,0.2,1,0,0,0
S-18647,U-9647,P-1079,71,0.38,6,1,0,0
S-18648,U-9648,P-1706,149,0.54,3,1,0,0
S-18649,U-9649,P-1311,260,0.82,1,0,0,0
S-18650,U-9650,P-1527,184,0.36,2,0,0,0
S-18651,U-9651,P-1992,3,0.92,6,0,0,0
S-18652,U-9652,P-1165,164,0.69,0,1,0,0
S-18653,U-9653,P-1949,220,0.83,1,1,0,0
S-18654,U-9654,P-1583,253,0.65,4,0,0,0
S-18655,U-9655,P-1311,275,0.74,7,0,0,0
S-18656,U-9656,P-1022,75,0.75,0,1,0,0
S-18657,U-9657,P-1882,156,0.71,9,0,0,0
S-18658,U-9658,P-1438,182,0.14,1,1,0,0
S-18659,U-9659,P-1832,152,0.26,5,1,0,0
S-18660,U-9660,P-1630,1,0.3,7,1,0,0
S-18661,U-9661,P-1200,293,0.14,1,1,0,0
S-18662,U-9662,P-1110,21,0.54,3,0,0,0
S-18663,U-9663,P-1578,169,0.66,7,0,0,0
S-18664,U-9664,P-1900,133,0.46,2,1,0,0
S-18665,U-9665,P-1091,100,0.29,0,1,0,0
S-18666,U-9666,P-1927,179,0.22,7,0,0,0
S-18667,U-9667,P-1772,140,0.2,8,0,0,0
S-18668,U-9668,P-1420,105,0.89,6,0,0,0
S-18669,U-9669,P-1307,120,0.11,6,0,0,0
S-18670,U-9670,P-1433,37,0.42,3,0,0,0
S-18671,U-9671,P-1194,86,0.75,1,0,0,0
S-18672,U-9672,P-1564,127,0.13,5,0,1,1
S-18673,U-9673,P-1045,284,0.57,6,0,0,0
S-18674,U-9674,P-1369,34,0.67,6,0,0,0
S-18675,U-9675,P-1905,89,0.36,6,0,0,0
S-18676,U-9676,P-1932,133,0.26,1,1,0,0
S-18677,U-9677,P-1454,9,0.99,6,1,0,0
S-18678,U-9678,P-1500,158,0.91,5,1,0,0
S-18679,U-9679,P-1499,175,0.8,2,0,0,0
S-18680,U-9680,P-1404,275,0.5,0,1,0,0
S-18681,U-9681,P-1082,186,0.79,4,1,0,0
S-18682,U-9682,P-1269,189,0.75,1,0,0,0
S-18683,U-9683,P-1115,295,0.43,5,0,0,0
S-18684,U-9684,P-1720,152,0.72,7,0,0,0
S-18685,U-9685,P-1082,172,0.78,3,0,0,0
S-18686,U-9686,P-1940,115,0.62,6,1,0,0
S-18687,U-9687,P-1875,32,0.87,9,0,0,0
S-18688,U-9688,P-1128,246,0.76,7,1,0,0
S-18689,U-9689,P-1061,33,0.58,3,0,0,0
S-18690,U-9690,P-1913,202,0.18,6,0,0,0
S-18691,U-9691,P-1413,77,0.3,1,0,0,0
S-18692,U-9692,P-1754,7,0.46,3,1,0,0
S-18693,U-9693,P-1565,223,0.94,2,1,0,0
S-18694,U-9694,P-1054,94,0.52,3,1,0,0
S-18695,U-9695,P-1114,253,0.75,1,0,0,0
S-18696,U-9696,P-1607,109,0.18,2,1,0,0
S-18697,U-9697,P-1872,172,0.51,5,0,0,0
S-18698,U-9698,P-1992,56,0.47,9,0,0,0
S-18699,U-9699,P-1556,147,0.71,7,0,0,0
S-18700,U-9700,P-1297,186,0.79,9,0,0,0
S-18701,U-9701,P-1735,86,0.55,9,0,0,0
S-18702,U-9702,P-1069,127,0.88,7,1,0,0
S-18703,U-9703,P-1233,207,0.9,3,0,0,0
S-18704,U-9704,P-1593,254,0.51,5,1,0,0
S-18705,U-9705,P-1729,140,0.4,3,1,0,0
S-18706,U-9706,P-1245,18,0.77,0,0,0,0
S-18707,U-9707,P-1772,80,0.34,5,1,0,0
S-18708,U-9708,P-1514,176,0.94,0,1,0,0
S-18709,U-9709,P-1867,24,0.2,8,1,0,0
S-18710,U-9710,P-1579,53,0.53,5,0,0,0
S-18711,U-9711,P-1520,197,0.99,9,1,0,0
S-18712,U-9712,P-1610,108,0.98,9,1,0,0
S-18713,U-9713,P-1428,133,0.24,3,1,0,0
S-18714,U-9714,P-1566,41,0.26,1,1,0,0
S-18715,U-9715,P-1326,217,0.65,3,1,0,0
S-18716,U-9716,P-1126,68,0.4,3,0,0,0
S-18717,U-9717,P-1470,127,0.8,6,1,0,0
S-18718,U-9718,P-1301,291,0.91,0,0,0,0
S-18719,U-9719,P-1107,13,0.17,0,0,0,0
S-18720,U-9720,P-1133,188,0.94,2,0,0,0
S-18721,U-9721,P-1279,241,0.84,4,1,0,0
S-18722,U-9722,P-1894,132,0.39,4,1,0,0
S-18723,U-9723,P-1486,122,0.82,2,1,0,0
S-18724,U-9724,P-1617,51,0.88,9,1,0,0
S-18725,U-9725,P-1872,158,0.14,8,1,0,0
S-18726,U-9726,P-1680,43,0.39,1,1,0,0
S-18727,U-9727,P-1853,67,0.65,7,1,0,0
S-18728,U-9728,P-1438,184,0.43,2,0,0,0
S-18729,U-9729,P-1071,238,0.3,7,0,0,0
S-18730,U-9730,P-1990,210,0.86,9,1,0,0
S-18731,U-9731,P-1610,227,0.57,9,1,0,0
S-18732,U-9732,P-1271,248,0.96,2,0,0,0
S-18733,U-9733,P-1482,284,0.71,8,1,0,0
S-18734,U-9734,P-1471,76,0.69,6,0,0,0
S-18735,U-9735,P-1925,136,0.9,1,0,0,0
S-18736,U-9736,P-1235,5,0.87,0,0,0,0
S-18737,U-9737,P-1415,290,0.97,4,0,0,0
S-18738,U-9738,P-1970,236,0.27,5,0,0,0
S-18739,U-9739,P-1915,144,0.83,1,0,0,0
S-18740,U-9740,P-1472,139,0.25,6,1,0,0
S-18741,U-9741,P-1359,266,0.13,5,0,0,0
S-18742,U-9742,P-1993,218,0.5,8,1,0,0
S-18743,U-9743,P-1192,59,0.95,8,0,0,0
S-18744,U-9744,P-1837,128,0.99,9,1,0,0
S-18745,U-9745,P-1570,52,0.35,4,1,0,0
S-18746,U-9746,P-1058,239,0.26,5,1,0,0
S-18747,U-9747,P-1418,272,0.16,1,0,0,0
S-18748,U-9748,P-1103,298,0.67,8,0,1,1
S-18749,U-9749,P-1929,166,0.11,7,1,0,0
S-18750,U-9750,P-1284,271,0.73,5,1,0,0
S-18751,U-9751,P-1804,163,0.23,5,0,0,0
S-18752,U-9752,P-1689,189,0.29,3,1,0,0
S-18753,U-9753,P-1115,276,0.77,6,1,0,0
S-18754,U-9754,P-1636,5,0.34,3,1,0,0
S-18755,U-9755,P-1092,176,0.48,1,1,0,0
S-18756,U-9756,P-1913,116,0.52,6,1,0,0
S-18757,U-9757,P-1664,213,0.87,5,0,0,0
S-18758,U-9758,P-1930,199,0.23,2,0,0,0
S-18759,U-9759,P-1971,25,0.66,1,0,0,0
S-18760,U-9760,P-1599,244,0.14,5,0,0,0
S-18761,U-9761,P-1290,195,0.27,4,1,0,0
S-18762,U-9762,P-1471,105,0.96,7,0,0,0
S-18763,U-9763,P-1442,104,0.15,2,1,0,0
S-18764,U-9764,P-1079,299,0.67,0,1,0,0
S-18765,U-9765,P-1514,95,0.97,7,0,0,0
S-18766,U-9766,P-1493,123,0.68,9,1,0,0
S-18767,U-9767,P-1413,189,0.94,0,1,0,0
S-18768,U-9768,P-1355,91,0.28,1,1,0,0
S-18769,U-9769,P-1736,259,0.4,4,0,0,0
S-18770,U-9770,P-1208,79,0.16,8,0,0,0
S-18771,U-9771,P-1961,225,0.63,9,0,1,1
S-18772,U-9772,P-1854,5,0.53,2,1,0,0
S-18773,U-9773,P-1178,160,0.72,5,0,0,0
S-18774,U-9774,P-1590,181,0.14,8,0,0,0
S-18775,U-9775,P-1120,126,0.82,3,1,0,0
S-18776,U-9776,P-1008,26,0.49,1,0,0,0
S-18777,U-9777,P-1329,83,0.3,7,0,0,0
S-18778,U-9778,P-1861,177,0.91,4,0,0,0
S-18779,U-9779,P-1264,5,0.25,0,1,0,0
S-18780,U-9780,P-1414,36,0.52,7,0,0,0
S-18781,U-9781,P-1868,231,0.98,7,1,0,0
S-18782,U-9782,P-1806,271,0.3,3,1,0,0
S-18783,U-9783,P-1306,2,0.45,6,0,0,0
S-18784,U-9784,P-1633,58,0.45,1,1,0,0
S-18785,U-9785,P-1715,107,0.58,4,0,0,0
S-18786,U-9786,P-1599,113,0.44,2,0,0,0
S-18787,U-9787,P-1632,220,0.7,1,1,1,0
S-18788,U-9788,P-1326,214,0.39,8,0,0,0
S-18789,U-9789,P-1012,72,0.97,4,1,0,0
S-18790,U-9790,P-1958,115,0.95,2,0,0,0
S-18791,U-9791,P-1011,204,0.84,7,0,0,0
S-18792,U-9792,P-1504,222,0.81,4,1,0,0
S-18793,U-9793,P-1084,198,0.1,9,1,0,0
S-18794,U-9794,P-1202,237,0.86,2,1,0,0
S-18795,U-9795,P-1871,232,0.49,0,1,0,0
S-18796,U-9796,P-1692,95,0.75,7,1,0,0
S-18797,U-9797,P-1019,263,0.11,0,0,0,0
S-18798,U-9798,P-1978,100,0.79,0,0,0,0
S-18799,U-9799,P-1626,79,0.55,8,1,0,0
S-18800,U-9800,P-1151,177,0.17,1,0,0,0
S-18801,U-9801,P-1934,154,0.86,4,1,0,0
S-18802,U-9802,P-1758,96,0.28,1,0,0,0
S-18803,U-9803,P-1714,235,0.26,1,0,0,0
S-18804,U-9804,P-1167,245,0.28,1,0,0,0
S-18805,U-9805,P-1357,97,0.71,1,0,0,0
S-18806,U-9806,P-1413,4,0.76,2,1,0,0
S-18807,U-9807,P-1843,199,0.39,1,0,0,0
S-18808,U-9808,P-1979,35,0.54,9,0,0,0
S-18809,U-9809,P-1095,43,0.15,1,1,0,0
S-18810,U-9810,P-1466,202,0.1,1,0,0,0
S-18811,U-9811,P-1262,230,0.59,3,0,0,0
S-18812,U-9812,P-1871,9,0.24,9,0,0,0
S-18813,U-9813,P-1454,120,0.97,2,1,0,0
S-18814,U-9814,P-1566,243,0.91,0,0,0,0
S-18815,U-9815,P-1630,5,0.68,8,1,0,0
S-18816,U-9816,P-1019,290,0.96,4,1,0,0
S-18817,U-9817,P-1815,125,0.43,0,1,0,0
S-18818,U-9818,P-1573,16,0.79,2,1,0,0
S-18819,U-9819,P-1748,219,0.38,9,0,1,1
S-18820,U-9820,P-1692,226,0.35,2,0,0,0
S-18821,U-9821,P-1198,32,0.71,8,1,0,0
S-18822,U-9822,P-1097,247,0.79,1,1,0,0
S-18823,U-9823,P-1647,210,0.45,8,0,0,0
S-18824,U-9824,P-1212,3,0.49,3,1,0,0
S-18825,U-9825,P-1560,49,0.28,3,1,0,0
S-18826,U-9826,P-1528,201,0.17,2,0,0,0
S-18827,U-9827,P-1769,18,0.8,8,0,0,0
S-18828,U-9828,P-1231,164,0.89,1,1,1,0
S-18829,U-9829,P-1269,275,0.64,8,1,0,0
S-18830,U-9830,P-1017,199,0.93,0,1,1,0
S-18831,U-9831,P-1787,276,0.23,4,1,0,0
S-18832,U-9832,P-1217,136,0.2,6,1,0,0
S-18833,U-9833,P-1091,176,0.74,9,0,0,0
S-18834,U-9834,P-1822,162,0.19,1,1,0,0
S-18835,U-9835,P-1259,196,0.32,8,1,0,0
S-18836,U-9836,P-1481,146,0.15,6,1,0,0
S-18837,U-9837,P-1271,244,0.81,4,1,0,0
S-18838,U-9838,P-1422,25,0.71,4,1,0,0
S-18839,U-9839,P-1921,249,0.12,6,1,0,0
S-18840,U-9840,P-1085,4,0.25,5,0,0,0
S-18841,U-9841,P-1610,290,0.58,2,0,0,0
S-18842,U-9842,P-1533,7,0.83,6,0,0,0
S-18843,U-9843,P-1131,251,0.83,2,0,0,0
S-18844,U-9844,P-1316,35,0.32,9,0,0,0
S-18845,U-9845,P-1983,275,0.46,8,1,0,0
S-18846,U-9846,P-1921,209,0.23,7,0,0,0
S-18847,U-9847,P-1650,177,0.68,8,0,0,0
S-18848,U-9848,P-1224,36,0.34,6,0,0,0
S-18849,U-9849,P-1961,90,0.46,1,0,0,0
S-18850,U-9850,P-1231,130,0.48,6,1,0,0
S-18851,U-9851,P-1235,2,0.33,9,1,0,0
S-18852,U-9852,P-1082,62,0.55,4,0,0,0
S-18853,U-9853,P-1041,98,0.89,8,0,0,0
S-18854,U-9854,P-1288,273,0.65,9,1,0,0
S-18855,U-9855,P-1980,66,0.84,3,1,1,1
S-18856,U-9856,P-1965,128,0.29,2,0,0,0
S-18857,U-9857,P-1053,206,0.99,1,1,1,0
S-18858,U-9858,P-1773,221,0.94,0,0,0,0
S-18859,U-9859,P-1506,280,0.97,1,1,0,0
S-18860,U-9860,P-1250,119,0.61,1,0,0,0
S-18861,U-9861,P-1905,201,0.8,3,1,0,0
S-18862,U-9862,P-1711,209,0.48,5,1,0,0
S-18863,U-9863,P-1596,173,0.83,5,1,0,0
S-18864,U-9864,P-1994,192,0.58,7,0,0,0
S-18865,U-9865,P-1273,243,0.92,6,0,0,0
S-18866,U-9866,P-1193,33,0.16,7,1,0,0
S-18867,U-9867,P-1162,66,0.33,0,0,0,0
S-18868,U-9868,P-1810,260,0.77,0,0,1,1
S-18869,U-9869,P-1468,98,0.44,6,1,0,0
S-18870,U-9870,P-1878,143,0.61,8,1,0,0
S-18871,U-9871,P-1375,55,0.28,7,1,0,0
S-18872,U-9872,P-1871,151,0.57,7,1,0,0
S-18873,U-9873,P-1844,142,0.3,3,0,0,0
S-18874,U-9874,P-1918,293,0.79,5,0,0,0
S-18875,U-9875,P-1109,45,0.34,2,0,0,0
S-18876,U-9876,P-1569,259,0.17,1,1,0,0
S-18877,U-9877,P-1822,293,0.37,0,1,0,0
S-18878,U-9878,P-1358,234,0.98,0,0,0,0
S-18879,U-9879,P-1649,145,0.91,7,1,0,0
S-18880,U-9880,P-1433,172,0.38,5,0,0,0
S-18881,U-9881,P-1327,31,0.74,2,0,0,0
S-18882,U-9882,P-1704,192,0.92,0,0,0,0
S-18883,U-9883,P-1561,152,0.65,0,0,0,0
S-18884,U-9884,P-1017,85,0.48,6,0,0,0
S-18885,U-9885,P-1589,61,0.66,7,1,0,0
S-18886,U-9886,P-1886,112,0.2,3,0,0,0
S-18887,U-9887,P-1312,151,0.95,3,1,0,0
S-18888,U-9888,P-1533,296,0.17,4,1,1,1
S-18889,U-9889,P-1175,84,0.2,0,1,0,0
S-18890,U-9890,P-1216,63,0.41,0,1,0,0
S-18891,U-9891,P-1965,29,0.43,6,0,1,1
S-18892,U-9892,P-1283,187,0.23,6,0,0,0
S-18893,U-9893,P-1400,76,0.58,3,1,0,0
S-18894,U-9894,P-1769,230,0.23,6,1,0,0
S-18895,U-9895,P-1324,147,0.95,0,0,0,0
S-18896,U-9896,P-1258,63,0.52,9,1,0,0
S-18897,U-9897,P-1311,250,0.73,0,1,0,0
S-18898,U-9898,P-1536,86,0.29,4,1,0,0
S-18899,U-9899,P-1173,67,0.55,0,0,0,0
S-18900,U-9900,P-1724,254,0.83,2,1,0,0
S-18901,U-9901,P-1314,187,0.88,4,0,0,0
S-18902,U-9902,P-1897,201,0.64,5,1,0,0
S-18903,U-9903,P-1957,138,0.16,4,1,0,0
S-18904,U-9904,P-1789,207,0.21,1,0,0,0
S-18905,U-9905,P-1364,149,0.74,6,0,0,0
S-18906,U-9906,P-1552,285,0.98,5,0,0,0
S-18907,U-9907,P-1883,22,0.77,7,0,1,1
S-18908,U-9908,P-1280,197,0.2,3,1,0,0
S-18909,U-9909,P-1022,15,0.46,1,1,0,0
S-18910,U-9910,P-1486,120,0.55,6,0,0,0
S-18911,U-9911,P-1744,247,0.35,0,1,0,0
S-18912,U-9912,P-1821,57,0.19,4,0,0,0
S-18913,U-9913,P-1653,247,0.9,5,1,0,0
S-18914,U-9914,P-1831,248,0.42,5,1,0,0
S-18915,U-9915,P-1718,201,0.49,0,1,0,0
S-18916,U-9916,P-1134,248,0.35,0,1,0,0
S-18917,U-9917,P-1665,215,0.98,0,0,0,0
S-18918,U-9918,P-1564,112,0.61,5,1,0,0
S-18919,U-9919,P-1362,260,0.49,6,0,0,0
S-18920,U-9920,P-1691,3,0.29,4,0,0,0
S-18921,U-9921,P-1659,176,0.28,6,0,0,0
S-18922,U-9922,P-1158,97,0.11,9,0,0,0
S-18923,U-9923,P-1647,6,0.21,0,1,0,0
S-18924,U-9924,P-1573,263,0.88,5,1,0,0
S-18925,U-9925,P-1490,235,0.86,0,1,0,0
S-18926,U-9926,P-1137,146,0.63,4,0,0,0
S-18927,U-9927,P-1087,212,0.99,6,0,1,0
S-18928,U-9928,P-1909,28,0.87,7,0,0,0
S-18929,U-9929,P-1129,215,0.61,4,0,0,0
S-18930,U-9930,P-1649,255,0.73,1,0,0,0
S-18931,U-9931,P-1642,194,0.74,9,1,0,0
S-18932,U-9932,P-1899,244,0.28,1,0,0,0
S-18933,U-9933,P-1183,167,0.87,1,0,0,0
S-18934,U-9934,P-1714,290,0.49,8,0,0,0
S-18935,U-9935,P-1166,273,0.87,9,1,0,0
S-18936,U-9936,P-1577,251,0.14,7,0,0,0
S-18937,U-9937,P-1707,259,0.56,1,0,0,0
S-18938,U-9938,P-1796,239,0.84,8,1,0,0
S-18939,U-9939,P-1068,201,0.12,8,1,0,0
S-18940,U-9940,P-1276,104,0.51,8,1,0,0
S-18941,U-9941,P-1543,63,0.8,2,1,0,0
S-18942,U-9942,P-1471,270,0.55,3,0,0,0
S-18943,U-9943,P-1235,5,0.36,7,1,0,0
S-18944,U-9944,P-1881,70,0.54,7,1,0,0
S-18945,U-9945,P-1464,106,0.22,6,1,0,0
S-18946,U-9946,P-1547,169,0.44,2,1,0,0
S-18947,U-9947,P-1475,162,0.1,1,0,0,0
S-18948,U-9948,P-1091,262,0.28,5,0,0,0
S-18949,U-9949,P-1892,284,0.48,5,0,0,0
S-18950,U-9950,P-1642,72,0.85,8,0,0,0
S-18951,U-9951,P-1108,299,0.84,4,0,0,0
S-18952,U-9952,P-1927,59,0.36,5,1,1,0
S-18953,U-9953,P-1285,136,0.75,1,1,0,0
S-18954,U-9954,P-1757,84,0.82,1,0,0,0
S-18955,U-9955,P-1917,262,0.38,4,1,0,0
S-18956,U-9956,P-1526,176,0.91,9,0,0,0
S-18957,U-9957,P-1303,14,0.12,8,0,0,0
S-18958,U-9958,P-1166,231,0.3,2,1,0,0
S-18959,U-9959,P-1243,249,0.82,0,1,0,0
S-18960,U-9960,P-1603,121,0.71,8,1,0,0
S-18961,U-9961,P-1533,291,0.29,6,0,0,0
S-18962,U-9962,P-1716,116,0.47,7,1,0,0
S-18963,U-9963,P-1886,54,0.73,6,0,0,0
S-18964,U-9964,P-1853,160,0.44,5,0,0,0
S-18965,U-9965,P-1541,172,0.39,8,0,0,0
S-18966,U-9966,P-1659,267,0.84,6,1,0,0
S-18967,U-9967,P-1100,64,0.71,8,1,0,0
S-18968,U-9968,P-1797,97,0.9,0,1,0,0
S-18969,U-9969,P-1673,271,0.23,8,0,0,0
S-18970,U-9970,P-1561,16,0.85,2,0,1,0
S-18971,U-9971,P-1766,22,0.52,6,0,1,0
S-18972,U-9972,P-1027,54,0.61,5,1,0,0
S-18973,U-9973,P-1463,281,0.27,1,1,0,0
S-18974,U-9974,P-1515,27,0.75,1,1,0,0
S-18975,U-9975,P-1684,54,0.9,6,0,0,0
S-18976,U-9976,P-1806,291,0.33,2,0,0,0
S-18977,U-9977,P-1250,96,0.53,5,0,1,1
S-18978,U-9978,P-1539,102,0.78,2,0,0,0
S-18979,U-9979,P-1139,123,0.88,8,0,0,0
S-18980,U-9980,P-1481,47,0.23,6,1,0,0
S-18981,U-9981,P-1974,136,0.12,6,0,0,0
S-18982,U-9982,P-1774,61,0.28,9,0,0,0
S-18983,U-9983,P-1585,137,0.62,0,0,0,0
S-18984,U-9984,P-1923,93,0.73,5,0,0,0
S-18985,U-9985,P-1695,60,0.9,0,1,0,0
S-18986,U-9986,P-1540,49,0.85,3,0,0,0
S-18987,U-9987,P-1510,121,0.63,7,1,0,0
S-18988,U-9988,P-1269,15,0.36,2,1,0,0
S-18989,U-9989,P-1782,247,0.58,2,1,0,0
S-18990,U-9990,P-1262,103,0.12,8,0,0,0
S-18991,U-9991,P-1710,134,0.66,4,0,0,0
S-18992,U-9992,P-1011,32,0.89,1,0,0,0
S-18993,U-9993,P-1809,101,0.17,3,1,0,0
S-18994,U-9994,P-1195,118,0.84,6,0,0,0
S-18995,U-9995,P-1277,175,0.87,6,0,0,0
S-18996,U-9996,P-1704,133,0.8,3,1,0,0
S-18997,U-9997,P-1577,126,0.2,2,0,0,0
S-18998,U-9998,P-1881,47,0.93,5,1,0,0
S-18999,U-9999,P-1450,200,0.15,2,0,0,0
S-19000,U-10000,P-1434,49,0.61,9,1,0,0
S-19001,U-10001,P-1041,13,0.11,1,0,0,0
S-19002,U-10002,P-1933,279,0.42,8,0,0,0
S-19003,U-10003,P-1160,243,0.39,2,0,0,0
S-19004,U-10004,P-1651,152,0.57,0,1,0,0
S-19005,U-10005,P-1806,149,0.61,1,0,0,0
S-19006,U-10006,P-1647,17,0.7,5,1,1,1
S-19007,U-10007,P-1928,136,0.34,5,0,0,0
S-19008,U-10008,P-1554,42,0.41,6,1,0,0
S-19009,U-10009,P-1102,33,0.64,4,0,0,0
S-19010,U-10010,P-1915,207,0.93,6,1,0,0
S-19011,U-10011,P-1838,87,0.39,6,0,1,0
S-19012,U-10012,P-1652,54,0.62,1,1,0,0
S-19013,U-10013,P-1133,195,0.38,8,1,0,0
S-19014,U-10014,P-1134,86,0.64,3,1,0,0
S-19015,U-10015,P-1307,65,0.6,8,0,0,0
S-19016,U-10016,P-1498,83,0.52,9,0,0,0
S-19017,U-10017,P-1731,179,0.78,3,1,0,0
S-19018,U-10018,P-1272,59,0.86,2,0,0,0
S-19019,U-10019,P-1602,140,0.6,3,0,0,0
S-19020,U-10020,P-1381,179,0.44,6,0,0,0
S-19021,U-10021,P-1331,43,0.77,8,1,0,0
S-19022,U-10022,P-1536,179,0.14,0,0,0,0
S-19023,U-10023,P-1355,271,0.64,6,0,0,0
S-19024,U-10024,P-1676,165,0.97,2,0,0,0
S-19025,U-10025,P-1244,104,0.3,3,1,0,0
S-19026,U-10026,P-1173,133,0.12,2,1,1,1
S-19027,U-10027,P-1040,211,0.93,5,1,0,0
S-19028,U-10028,P-1933,125,0.99,7,1,0,0
S-19029,U-10029,P-1259,28,0.89,8,0,0,0
S-19030,U-10030,P-1006,90,0.38,1,0,0,0
S-19031,U-10031,P-1077,262,0.93,3,1,0,0
S-19032,U-10032,P-1634,180,0.8,3,1,0,0
S-19033,U-10033,P-1858,32,0.26,9,1,0,0
S-19034,U-10034,P-1235,5,0.89,7,1,0,0
S-19035,U-10035,P-1528,223,0.78,2,0,0,0
S-19036,U-10036,P-1561,171,0.68,6,0,0,0
S-19037,U-10037,P-1582,107,0.14,5,0,0,0
S-19038,U-10038,P-1462,148,0.12,9,1,0,0
S-19039,U-10039,P-1301,29,0.41,1,1,0,0
S-19040,U-10040,P-1142,65,0.62,9,0,0,0
S-19041,U-10041,P-1413,1,0.45,2,0,0,0
S-19042,U-10042,P-1272,80,0.16,1,0,0,0
S-19043,U-10043,P-1315,71,0.83,0,1,1,0
S-19044,U-10044,P-1910,235,0.48,9,0,0,0
S-19045,U-10045,P-1761,94,0.23,6,0,0,0
S-19046,U-10046,P-1033,40,0.95,4,0,1,1
S-19047,U-10047,P-1241,162,0.19,6,0,0,0
S-19048,U-10048,P-1162,75,0.77,4,0,0,0
S-19049,U-10049,P-1848,150,0.88,6,1,0,0
S-19050,U-10050,P-1335,101,0.13,7,1,0,0
S-19051,U-10051,P-1915,148,0.46,7,0,0,0
S-19052,U-10052,P-1497,237,0.31,8,1,0,0
S-19053,U-10053,P-1061,281,0.14,2,1,0,0
S-19054,U-10054,P-1006,243,0.26,5,1,0,0
S-19055,U-10055,P-1807,244,0.91,3,0,0,0
S-19056,U-10056,P-1864,5,0.93,4,0,0,0
S-19057,U-10057,P-1836,232,0.81,3,1,0,0
S-19058,U-10058,P-1193,54,0.84,6,0,0,0
S-19059,U-10059,P-1378,7,0.25,9,1,1,1
S-19060,U-10060,P-1075,64,0.5,8,0,0,0
S-19061,U-10061,P-1910,277,0.52,2,0,0,0
S-19062,U-10062,P-1672,295,0.38,8,1,0,0
S-19063,U-10063,P-1436,34,0.67,8,0,0,0
S-19064,U-10064,P-1944,33,0.5,1,0,0,0
S-19065,U-10065,P-1628,256,0.34,2,0,0,0
S-19066,U-10066,P-1626,15,0.63,9,0,0,0
S-19067,U-10067,P-1876,200,0.56,2,0,0,0
S-19068,U-10068,P-1085,120,0.29,2,1,0,0
S-19069,U-10069,P-1561,144,0.13,4,0,0,0
S-19070,U-10070,P-1340,16,0.63,5,0,0,0
S-19071,U-10071,P-1581,176,0.3,3,0,0,0
S-19072,U-10072,P-1351,101,0.63,1,1,0,0
S-19073,U-10073,P-1444,5,0.78,1,1,0,0
S-19074,U-10074,P-1991,290,0.2,7,0,0,0
S-19075,U-10075,P-1253,3,0.64,1,0,0,0
S-19076,U-10076,P-1507,75,0.45,3,1,0,0
S-19077,U-10077,P-1044,38,0.69,7,0,0,0
S-19078,U-10078,P-1191,276,0.65,4,0,0,0
S-19079,U-10079,P-1934,68,0.43,8,1,0,0
S-19080,U-10080,P-1082,25,0.59,0,0,0,0
S-19081,U-10081,P-1410,228,0.87,2,1,0,0
S-19082,U-10082,P-1134,107,0.32,3,0,0,0
S-19083,U-10083,P-1945,18,0.75,4,1,0,0
S-19084,U-10084,P-1682,287,0.58,2,1,0,0
S-19085,U-10085,P-1123,187,0.11,6,1,0,0
S-19086,U-10086,P-1271,226,0.89,4,0,0,0
S-19087,U-10087,P-1408,5,0.47,6,0,0,0
S-19088,U-10088,P-1527,284,0.28,3,1,0,0
S-19089,U-10089,P-1280,247,0.59,9,0,0,0
S-19090,U-10090,P-1992,3,0.55,7,0,0,0
S-19091,U-10091,P-1096,242,0.58,0,1,0,0
S-19092,U-10092,P-1903,143,0.74,6,1,0,0
S-19093,U-10093,P-1733,227,0.17,1,0,0,0
S-19094,U-10094,P-1255,101,0.68,3,0,0,0
S-19095,U-10095,P-1292,87,0.98,7,1,0,0
S-19096,U-10096,P-1432,59,0.13,8,1,0,0
S-19097,U-10097,P-1628,142,0.85,7,1,0,0
S-19098,U-10098,P-1897,106,0.54,8,1,0,0
S-19099,U-10099,P-1493,2,0.26,2,0,0,0
S-19100,U-10100,P-1134,25,0.15,1,0,0,0
S-19101,U-10101,P-1785,299,0.4,8,1,0,0
S-19102,U-10102,P-1163,43,0.83,1,0,0,0
S-19103,U-10103,P-1897,261,0.52,5,1,0,0
S-19104,U-10104,P-1182,117,0.56,5,0,0,0
S-19105,U-10105,P-1945,139,0.41,4,0,0,0
S-19106,U-10106,P-1766,122,0.2,8,0,1,1
S-19107,U-10107,P-1287,100,0.48,5,1,0,0
S-19108,U-10108,P-1487,248,0.5,9,1,1,0
S-19109,U-10109,P-1804,169,0.97,9,1,0,0
S-19110,U-10110,P-1101,134,0.98,7,1,0,0
S-19111,U-10111,P-1799,146,0.65,3,0,0,0
S-19112,U-10112,P-1402,195,0.91,1,1,0,0
S-19113,U-10113,P-1723,283,0.24,6,0,0,0
S-19114,U-10114,P-1724,230,0.22,9,1,0,0
S-19115,U-10115,P-1449,2,0.59,8,1,0,0
S-19116,U-10116,P-1876,142,0.27,5,0,0,0
S-19117,U-10117,P-1832,99,0.93,5,0,0,0
S-19118,U-10118,P-1458,11,0.69,6,0,0,0
S-19119,U-10119,P-1956,69,0.25,4,0,0,0
S-19120,U-10120,P-1599,267,0.98,4,0,0,0
S-19121,U-10121,P-1721,11,0.17,9,0,0,0
S-19122,U-10122,P-1872,290,0.11,0,1,0,0
S-19123,U-10123,P-1757,260,0.92,6,0,0,0
S-19124,U-10124,P-1004,47,0.88,3,0,0,0
S-19125,U-10125,P-1241,43,0.9,4,1,0,0
S-19126,U-10126,P-1651,23,0.71,1,1,0,0
S-19127,U-10127,P-1384,38,0.16,0,1,0,0
S-19128,U-10128,P-1262,174,0.9,1,0,0,0
S-19129,U-10129,P-1527,126,0.65,7,1,0,0
S-19130,U-10130,P-1832,290,0.76,6,1,0,0
S-19131,U-10131,P-1520,210,0.49,4,1,0,0
S-19132,U-10132,P-1381,250,0.16,3,1,0,0
S-19133,U-10133,P-1454,237,0.67,4,1,0,0
S-19134,U-10134,P-1555,198,0.27,8,0,0,0
S-19135,U-10135,P-1045,80,0.2,2,0,0,0
S-19136,U-10136,P-1804,68,0.74,2,1,0,0
S-19137,U-10137,P-1695,126,0.11,7,0,0,0
S-19138,U-10138,P-1799,279,0.79,1,0,0,0
S-19139,U-10139,P-1233,159,0.28,9,1,0,0
S-19140,U-10140,P-1312,167,0.86,1,1,0,0
S-19141,U-10141,P-1831,243,0.18,5,0,0,0
S-19142,U-10142,P-1292,106,0.11,1,1,1,0
S-19143,U-10143,P-1869,235,0.45,7,1,0,0
S-19144,U-10144,P-1741,286,0.31,9,1,0,0
S-19145,U-10145,P-1594,16,0.38,4,0,0,0
S-19146,U-10146,P-1914,1,0.65,6,0,0,0
S-19147,U-10147,P-1161,202,0.18,2,0,0,0
S-19148,U-10148,P-1800,254,0.93,9,1,1,0
S-19149,U-10149,P-1507,60,0.61,7,1,0,0
S-19150,U-10150,P-1431,18,0.63,7,0,0,0
S-19151,U-10151,P-1424,298,0.16,4,1,0,0
S-19152,U-10152,P-1085,64,0.71,3,1,0,0
S-19153,U-10153,P-1230,227,0.46,6,1,0,0
S-19154,U-10154,P-1397,197,0.12,7,1,1,1
S-19155,U-10155,P-1313,9,0.65,0,0,0,0
S-19156,U-10156,P-1285,26,0.55,9,1,0,0
S-19157,U-10157,P-1134,70,0.29,0,0,0,0
S-19158,U-10158,P-1829,272,0.12,7,1,0,0
S-19159,U-10159,P-1982,52,0.5,1,1,0,0
S-19160,U-10160,P-1750,156,0.47,0,0,0,0
S-19161,U-10161,P-1916,117,0.33,2,0,0,0
S-19162,U-10162,P-1069,120,0.96,6,1,0,0
S-19163,U-10163,P-1701,149,0.52,8,0,0,0
S-19164,U-10164,P-1151,196,0.81,8,0,0,0
S-19165,U-10165,P-1288,289,0.58,2,1,0,0
S-19166,U-10166,P-1644,111,0.18,2,1,0,0
S-19167,U-10167,P-1557,276,0.76,9,1,0,0
S-19168,U-10168,P-1234,173,0.74,0,1,1,0
S-19169,U-10169,P-1844,256,0.6,7,1,0,0
S-19170,U-10170,P-1925,225,0.59,6,0,0,0
S-19171,U-10171,P-1599,46,0.23,0,0,0,0
S-19172,U-10172,P-1654,153,0.81,7,0,0,0
S-19173,U-10173,P-1857,211,0.85,6,1,0,0
S-19174,U-10174,P-1796,214,0.49,1,0,0,0
S-19175,U-10175,P-1450,72,0.83,2,0,0,0
S-19176,U-10176,P-1054,183,0.5,8,0,0,0
S-19177,U-10177,P-1429,110,0.62,1,1,0,0
S-19178,U-10178,P-1408,237,0.77,2,1,0,0
S-19179,U-10179,P-1677,296,0.82,4,1,0,0
S-19180,U-10180,P-1714,229,0.32,6,1,0,0
S-19181,U-10181,P-1096,28,1.0,4,1,0,0
S-19182,U-10182,P-1607,65,0.11,8,0,0,0
S-19183,U-10183,P-1829,150,0.6,9,1,0,0
S-19184,U-10184,P-1679,175,0.1,9,1,0,0
S-19185,U-10185,P-1218,123,0.64,4,1,0,0
S-19186,U-10186,P-1247,239,0.81,7,1,0,0
S-19187,U-10187,P-1187,117,0.3,3,0,0,0
S-19188,U-10188,P-1335,90,0.56,1,1,0,0
S-19189,U-10189,P-1981,132,0.45,7,0,0,0
S-19190,U-10190,P-1749,221,0.34,9,0,1,1
S-19191,U-10191,P-1790,183,0.94,8,0,0,0
S-19192,U-10192,P-1788,20,0.76,1,0,0,0
S-19193,U-10193,P-1053,165,0.21,5,0,0,0
S-19194,U-10194,P-1955,298,0.3,8,0,0,0
S-19195,U-10195,P-1568,88,0.81,1,0,0,0
S-19196,U-10196,P-1494,159,0.4,0,0,0,0
S-19197,U-10197,P-1043,95,0.46,7,1,0,0
S-19198,U-10198,P-1935,246,0.67,6,1,0,0
S-19199,U-10199,P-1289,196,0.13,7,0,0,0
S-19200,U-10200,P-1858,105,0.62,9,1,0,0
S-19201,U-10201,P-1513,240,0.62,6,0,0,0
S-19202,U-10202,P-1651,44,0.51,8,0,0,0
S-19203,U-10203,P-1768,151,0.25,5,0,0,0
S-19204,U-10204,P-1810,89,0.4,5,1,0,0
S-19205,U-10205,P-1040,148,0.66,0,0,0,0
S-19206,U-10206,P-1822,269,0.56,8,1,0,0
S-19207,U-10207,P-1989,269,0.69,6,1,0,0
S-19208,U-10208,P-1691,86,0.56,3,0,0,0
S-19209,U-10209,P-1908,292,0.55,7,1,0,0
S-19210,U-10210,P-1174,184,0.51,9,1,0,0
S-19211,U-10211,P-1165,142,0.75,1,0,0,0
S-19212,U-10212,P-1204,231,0.66,9,1,1,1
S-19213,U-10213,P-1965,228,0.22,9,0,0,0
S-19214,U-10214,P-1504,262,0.38,5,0,0,0
S-19215,U-10215,P-1646,142,0.33,9,1,0,0
S-19216,U-10216,P-1685,239,0.19,7,0,0,0
S-19217,U-10217,P-1381,68,0.26,3,1,0,0
S-19218,U-10218,P-1523,5,0.14,8,1,0,0
S-19219,U-10219,P-1567,196,0.48,0,1,0,0
S-19220,U-10220,P-1082,277,0.94,3,0,0,0
S-19221,U-10221,P-1717,219,0.2,9,1,0,0
S-19222,U-10222,P-1663,18,0.47,1,0,0,0
S-19223,U-10223,P-1791,248,0.47,9,1,1,1
S-19224,U-10224,P-1064,3,0.15,1,0,0,0
S-19225,U-10225,P-1641,53,0.76,2,0,0,0
S-19226,U-10226,P-1620,295,0.83,0,0,0,0
S-19227,U-10227,P-1108,234,0.94,5,1,0,0
S-19228,U-10228,P-1368,254,0.58,7,0,0,0
S-19229,U-10229,P-1681,108,0.26,6,0,0,0
S-19230,U-10230,P-1650,295,0.42,2,0,0,0
S-19231,U-10231,P-1129,235,0.38,5,1,0,0
S-19232,U-10232,P-1289,95,0.22,6,1,0,0
S-19233,U-10233,P-1220,1,0.84,8,1,0,0
S-19234,U-10234,P-1219,260,0.72,7,0,0,0
S-19235,U-10235,P-1071,33,0.83,9,1,1,0
S-19236,U-10236,P-1754,262,0.94,2,1,0,0
S-19237,U-10237,P-1776,215,0.37,7,0,0,0
S-19238,U-10238,P-1041,41,0.22,5,1,1,0
S-19239,U-10239,P-1176,92,0.7,5,0,0,0
S-19240,U-10240,P-1884,171,0.58,0,0,0,0
S-19241,U-10241,P-1466,191,0.67,1,0,0,0
S-19242,U-10242,P-1574,120,0.51,9,1,1,1
S-19243,U-10243,P-1649,153,0.21,9,0,0,0
S-19244,U-10244,P-1446,237,0.38,8,1,0,0
S-19245,U-10245,P-1220,5,0.99,0,1,0,0
S-19246,U-10246,P-1646,126,0.5,9,1,1,1
S-19247,U-10247,P-1538,103,0.71,6,0,0,0
S-19248,U-10248,P-1909,48,0.92,2,0,0,0
S-19249,U-10249,P-1161,84,0.26,4,1,0,0
S-19250,U-10250,P-1862,195,0.65,1,1,1,0
S-19251,U-10251,P-1935,158,0.11,2,1,0,0
S-19252,U-10252,P-1561,135,0.53,7,0,0,0
S-19253,U-10253,P-1691,1,0.86,5,1,0,0
S-19254,U-10254,P-1939,4,0.37,3,0,0,0
S-19255,U-10255,P-1522,206,0.67,5,0,0,0
S-19256,U-10256,P-1949,257,0.23,0,1,0,0
S-19257,U-10257,P-1742,110,0.97,7,1,0,0
S-19258,U-10258,P-1936,211,0.36,1,1,0,0
S-19259,U-10259,P-1709,39,0.16,9,1,0,0
S-19260,U-10260,P-1716,199,0.92,9,1,1,1
S-19261,U-10261,P-1872,198,0.93,4,0,0,0
S-19262,U-10262,P-1772,185,0.45,8,1,0,0
S-19263,U-10263,P-1837,54,0.15,0,0,0,0
S-19264,U-10264,P-1339,234,0.81,4,1,0,0
S-19265,U-10265,P-1651,45,0.72,3,0,0,0
S-19266,U-10266,P-1440,39,0.25,2,0,0,0
S-19267,U-10267,P-1416,25,0.43,8,1,0,0
S-19268,U-10268,P-1842,82,0.33,0,0,0,0
S-19269,U-10269,P-1797,176,0.25,9,1,0,0
S-19270,U-10270,P-1824,82,0.97,6,0,0,0
S-19271,U-10271,P-1498,93,0.83,2,1,0,0
S-19272,U-10272,P-1117,123,0.89,9,1,0,0
S-19273,U-10273,P-1337,282,0.97,3,0,0,0
S-19274,U-10274,P-1222,16,0.24,8,1,1,0
S-19275,U-10275,P-1849,217,0.16,3,1,0,0
S-19276,U-10276,P-1575,53,0.92,5,0,0,0
S-19277,U-10277,P-1819,243,0.11,8,0,0,0
S-19278,U-10278,P-1133,205,0.39,6,0,0,0
S-19279,U-10279,P-1340,139,0.8,6,1,0,0
S-19280,U-10280,P-1010,4,0.7,5,1,0,0
S-19281,U-10281,P-1882,265,0.47,7,0,0,0
S-19282,U-10282,P-1449,4,0.43,7,1,0,0
S-19283,U-10283,P-1930,95,0.42,5,1,0,0
S-19284,U-10284,P-1953,200,0.71,3,0,0,0
S-19285,U-10285,P-1242,110,0.11,0,1,0,0
S-19286,U-10286,P-1123,114,0.62,4,1,0,0
S-19287,U-10287,P-1165,102,0.14,3,1,0,0
S-19288,U-10288,P-1509,233,0.18,8,1,0,0
S-19289,U-10289,P-1271,171,0.59,3,0,0,0
S-19290,U-10290,P-1488,108,0.72,5,1,0,0
S-19291,U-10291,P-1853,254,0.54,3,1,0,0
S-19292,U-10292,P-1622,49,0.43,0,1,0,0
S-19293,U-10293,P-1048,218,0.12,0,1,0,0
S-19294,U-10294,P-1724,55,0.91,4,0,0,0
S-19295,U-10295,P-1258,230,0.56,5,0,0,0
S-19296,U-10296,P-1507,93,0.55,6,0,0,0
S-19297,U-10297,P-1800,292,0.11,0,1,0,0
S-19298,U-10298,P-1801,86,0.31,9,1,0,0
S-19299,U-10299,P-1203,48,0.32,9,0,0,0
S-19300,U-10300,P-1250,45,0.9,6,1,0,0
S-19301,U-10301,P-1455,28,0.69,6,1,0,0
S-19302,U-10302,P-1477,201,0.6,8,0,0,0
S-19303,U-10303,P-1004,210,0.99,4,0,0,0
S-19304,U-10304,P-1376,4,0.88,6,1,0,0
S-19305,U-10305,P-1964,163,0.65,2,0,0,0
S-19306,U-10306,P-1283,60,0.35,3,0,0,0
S-19307,U-10307,P-1711,145,0.87,2,0,0,0
S-19308,U-10308,P-1580,226,0.13,9,0,0,0
S-19309,U-10309,P-1901,280,0.24,4,0,0,0
S-19310,U-10310,P-1911,20,0.11,4,0,0,0
S-19311,U-10311,P-1296,79,0.99,2,0,0,0
S-19312,U-10312,P-1325,102,0.72,6,0,0,0
S-19313,U-10313,P-1202,14,0.9,1,0,0,0
S-19314,U-10314,P-1414,38,0.98,3,1,0,0
S-19315,U-10315,P-1152,65,0.86,1,1,0,0
S-19316,U-10316,P-1554,201,0.34,9,0,0,0
S-19317,U-10317,P-1384,83,0.77,7,1,0,0
S-19318,U-10318,P-1434,198,0.69,9,1,0,0
S-19319,U-10319,P-1825,174,0.76,0,0,0,0
S-19320,U-10320,P-1777,244,0.92,7,1,0,0
S-19321,U-10321,P-1241,162,0.52,8,0,0,0
S-19322,U-10322,P-1358,189,0.89,3,1,0,0
S-19323,U-10323,P-1081,122,0.53,2,1,1,0
S-19324,U-10324,P-1254,72,0.82,3,1,0,0
S-19325,U-10325,P-1069,108,0.12,0,0,0,0
S-19326,U-10326,P-1813,244,0.68,0,0,0,0
S-19327,U-10327,P-1093,112,0.51,3,0,0,0
S-19328,U-10328,P-1747,244,0.6,0,1,0,0
S-19329,U-10329,P-1658,173,0.12,3,1,0,0
S-19330,U-10330,P-1547,64,0.49,6,0,0,0
S-19331,U-10331,P-1270,255,0.2,2,1,0,0
S-19332,U-10332,P-1618,270,0.74,0,0,0,0
S-19333,U-10333,P-1550,268,0.16,1,1,0,0
S-19334,U-10334,P-1486,37,0.46,2,1,0,0
S-19335,U-10335,P-1004,81,0.79,4,1,0,0
S-19336,U-10336,P-1014,225,0.32,8,0,1,1
S-19337,U-10337,P-1151,113,0.77,3,0,0,0
S-19338,U-10338,P-1928,190,0.52,1,1,0,0
S-19339,U-10339,P-1926,226,0.12,1,0,0,0
S-19340,U-10340,P-1992,1,0.98,7,1,0,0
S-19341,U-10341,P-1023,79,0.17,1,1,0,0
S-19342,U-10342,P-1846,294,0.87,0,0,0,0
S-19343,U-10343,P-1787,28,0.13,1,0,0,0
S-19344,U-10344,P-1068,250,0.33,5,1,1,1
S-19345,U-10345,P-1739,112,0.77,3,1,0,0
S-19346,U-10346,P-1547,20,0.76,7,0,0,0
S-19347,U-10347,P-1406,210,0.62,8,1,0,0
S-19348,U-10348,P-1202,54,0.92,2,1,0,0
S-19349,U-10349,P-1158,110,0.41,9,1,0,0
S-19350,U-10350,P-1680,185,0.86,1,1,0,0
S-19351,U-10351,P-1460,142,0.71,6,0,0,0
S-19352,U-10352,P-1267,230,0.25,8,0,0,0
S-19353,U-10353,P-1736,70,0.5,6,1,0,0
S-19354,U-10354,P-1860,101,0.17,9,1,0,0
S-19355,U-10355,P-1080,13,0.18,3,0,0,0
S-19356,U-10356,P-1918,196,0.86,2,1,0,0
S-19357,U-10357,P-1306,1,0.33,7,1,0,0
S-19358,U-10358,P-1509,13,0.67,6,0,0,0
S-19359,U-10359,P-1599,37,0.73,2,0,1,0
S-19360,U-10360,P-1418,153,0.45,3,0,0,0
S-19361,U-10361,P-1104,111,0.42,2,0,0,0
S-19362,U-10362,P-1913,32,0.6,9,0,0,0
S-19363,U-10363,P-1176,146,0.18,1,0,0,0
S-19364,U-10364,P-1297,45,0.78,7,1,0,0
S-19365,U-10365,P-1024,249,0.66,3,0,0,0
S-19366,U-10366,P-1459,52,0.14,8,1,0,0
S-19367,U-10367,P-1122,152,0.89,6,0,1,0
S-19368,U-10368,P-1164,225,0.87,1,1,0,0
S-19369,U-10369,P-1381,11,0.43,1,0,0,0
S-19370,U-10370,P-1679,256,0.54,0,0,0,0
S-19371,U-10371,P-1097,103,0.87,6,1,0,0
S-19372,U-10372,P-1075,227,0.92,0,0,0,0
S-19373,U-10373,P-1473,276,0.82,3,0,0,0
S-19374,U-10374,P-1331,174,0.84,6,0,0,0
S-19375,U-10375,P-1311,18,0.87,9,0,0,0
S-19376,U-10376,P-1121,286,0.66,4,0,0,0
S-19377,U-10377,P-1952,263,0.69,6,1,0,0
S-19378,U-10378,P-1736,20,0.15,8,0,0,0
S-19379,U-10379,P-1616,46,0.77,6,0,0,0
S-19380,U-10380,P-1001,181,0.49,6,0,0,0
S-19381,U-10381,P-1281,141,0.15,1,0,0,0
S-19382,U-10382,P-1207,36,0.91,0,1,0,0
S-19383,U-10383,P-1405,126,0.23,0,1,0,0
S-19384,U-10384,P-1708,72,0.19,8,0,0,0
S-19385,U-10385,P-1884,280,0.58,1,1,0,0
S-19386,U-10386,P-1408,143,0.3,4,1,0,0
S-19387,U-10387,P-1596,157,0.15,6,0,0,0
S-19388,U-10388,P-1446,172,0.52,2,1,0,0
S-19389,U-10389,P-1871,250,0.86,5,0,0,0
S-19390,U-10390,P-1888,212,0.97,1,1,0,0
S-19391,U-10391,P-1304,132,0.71,6,0,0,0
S-19392,U-10392,P-1294,44,0.64,4,1,0,0
S-19393,U-10393,P-1716,33,0.68,5,0,0,0
S-19394,U-10394,P-1238,67,0.48,1,0,0,0
S-19395,U-10395,P-1134,180,0.97,3,1,0,0
S-19396,U-10396,P-1915,228,0.17,6,1,0,0
S-19397,U-10397,P-1964,105,0.8,9,0,0,0
S-19398,U-10398,P-1075,277,0.7,7,1,0,0
S-19399,U-10399,P-1700,69,0.57,6,1,0,0
S-19400,U-10400,P-1301,250,0.7,9,0,0,0
S-19401,U-10401,P-1324,222,0.13,5,0,0,0
S-19402,U-10402,P-1138,243,0.1,8,0,0,0
S-19403,U-10403,P-1864,5,0.49,5,0,0,0
S-19404,U-10404,P-1174,173,0.55,9,1,0,0
S-19405,U-10405,P-1569,292,0.87,5,0,0,0
S-19406,U-10406,P-1602,281,0.2,2,0,1,1
S-19407,U-10407,P-1023,284,0.59,9,1,0,0
S-19408,U-10408,P-1549,112,0.99,6,0,0,0
S-19409,U-10409,P-1668,170,1.0,5,0,0,0
S-19410,U-10410,P-1696,283,0.27,7,1,0,0
S-19411,U-10411,P-1772,95,0.77,4,0,0,0
S-19412,U-10412,P-1859,15,0.81,4,0,0,0
S-19413,U-10413,P-1032,51,0.17,4,0,0,0
S-19414,U-10414,P-1398,201,0.61,5,0,0,0
S-19415,U-10415,P-1145,24,0.62,8,0,0,0
S-19416,U-10416,P-1151,137,0.8,1,1,0,0
S-19417,U-10417,P-1424,228,0.4,0,1,0,0
S-19418,U-10418,P-1482,8,0.92,2,0,0,0
S-19419,U-10419,P-1679,198,0.76,8,1,0,0
S-19420,U-10420,P-1723,73,0.49,0,1,0,0
S-19421,U-10421,P-1603,137,0.28,3,1,0,0
S-19422,U-10422,P-1012,284,0.74,4,0,0,0
S-19423,U-10423,P-1088,262,0.52,4,1,0,0
S-19424,U-10424,P-1220,2,0.21,1,1,0,0
S-19425,U-10425,P-1360,24,0.63,6,0,0,0
S-19426,U-10426,P-1057,203,0.95,7,1,0,0
S-19427,U-10427,P-1721,166,0.82,3,0,0,0
S-19428,U-10428,P-1874,95,0.3,3,0,0,0
S-19429,U-10429,P-1991,284,0.16,9,0,0,0
S-19430,U-10430,P-1422,175,0.66,6,0,0,0
S-19431,U-10431,P-1555,151,0.46,0,1,0,0
S-19432,U-10432,P-1926,262,0.49,9,0,0,0
S-19433,U-10433,P-1148,79,0.16,3,1,0,0
S-19434,U-10434,P-1344,179,0.71,2,1,0,0
S-19435,U-10435,P-1396,275,0.72,5,0,0,0
S-19436,U-10436,P-1907,138,0.55,7,1,0,0
S-19437,U-10437,P-1996,262,0.64,1,0,0,0
S-19438,U-10438,P-1215,163,0.32,3,1,0,0
S-19439,U-10439,P-1279,180,0.74,6,0,0,0
S-19440,U-10440,P-1540,188,0.74,9,1,0,0
S-19441,U-10441,P-1525,94,0.34,6,0,0,0
S-19442,U-10442,P-1904,260,0.51,4,1,0,0
S-19443,U-10443,P-1163,98,0.36,7,1,0,0
S-19444,U-10444,P-1498,241,0.23,4,1,0,0
S-19445,U-10445,P-1418,274,0.34,0,0,0,0
S-19446,U-10446,P-1639,78,0.27,6,1,0,0
S-19447,U-10447,P-1664,49,0.95,0,1,0,0
S-19448,U-10448,P-1121,204,0.75,7,1,0,0
S-19449,U-10449,P-1640,49,0.37,7,0,0,0
S-19450,U-10450,P-1304,195,0.39,6,1,0,0
S-19451,U-10451,P-1402,227,0.86,5,0,0,0
S-19452,U-10452,P-1457,38,0.18,8,1,0,0
S-19453,U-10453,P-1398,265,0.43,1,1,0,0
S-19454,U-10454,P-1803,2,0.56,9,1,0,0
S-19455,U-10455,P-1514,6,0.3,3,1,0,0
S-19456,U-10456,P-1025,159,0.45,7,1,0,0
S-19457,U-10457,P-1356,37,0.68,5,1,0,0
S-19458,U-10458,P-1358,67,0.85,8,0,0,0
S-19459,U-10459,P-1180,262,0.53,5,1,1,1
S-19460,U-10460,P-1884,49,0.68,0,1,0,0
S-19461,U-10461,P-1852,267,0.98,8,0,0,0
S-19462,U-10462,P-1418,272,0.56,0,1,0,0
S-19463,U-10463,P-1273,251,0.6,0,1,0,0
S-19464,U-10464,P-1606,6,0.71,5,0,0,0
S-19465,U-10465,P-1577,241,0.7,7,0,0,0
S-19466,U-10466,P-1712,186,0.74,9,0,0,0
S-19467,U-10467,P-1448,210,0.13,4,0,0,0
S-19468,U-10468,P-1353,171,0.77,1,1,1,0
S-19469,U-10469,P-1082,195,0.19,7,1,0,0
S-19470,U-10470,P-1006,174,0.11,1,1,0,0
S-19471,U-10471,P-1832,87,0.23,3,0,0,0
S-19472,U-10472,P-1419,130,0.36,2,0,0,0
S-19473,U-10473,P-1530,180,0.52,1,1,0,0
S-19474,U-10474,P-1692,28,0.25,0,0,0,0
S-19475,U-10475,P-1198,52,0.72,3,1,0,0
S-19476,U-10476,P-1902,237,0.17,7,1,0,0
S-19477,U-10477,P-1400,2,0.46,9,0,0,0
S-19478,U-10478,P-1764,198,0.34,8,0,0,0
S-19479,U-10479,P-1705,228,0.71,7,0,0,0
S-19480,U-10480,P-1325,17,0.98,1,1,0,0
S-19481,U-10481,P-1575,188,0.93,2,0,0,0
S-19482,U-10482,P-1452,38,0.34,7,1,0,0
S-19483,U-10483,P-1846,126,0.33,2,0,0,0
S-19484,U-10484,P-1908,46,0.22,0,0,0,0
S-19485,U-10485,P-1684,132,0.33,4,0,0,0
S-19486,U-10486,P-1509,205,0.61,3,1,0,0
S-19487,U-10487,P-1021,299,0.24,2,1,0,0
S-19488,U-10488,P-1806,59,0.82,4,0,0,0
S-19489,U-10489,P-1832,55,0.93,6,0,0,0
S-19490,U-10490,P-1397,76,0.7,5,0,0,0
S-19491,U-10491,P-1793,131,0.9,3,0,0,0
S-19492,U-10492,P-1869,241,0.97,2,0,0,0
S-19493,U-10493,P-1066,174,0.23,9,0,0,0
S-19494,U-10494,P-1284,34,0.25,1,1,0,0
S-19495,U-10495,P-1896,36,0.21,0,1,0,0
S-19496,U-10496,P-1563,173,0.57,7,0,0,0
S-19497,U-10497,P-1322,118,0.79,9,1,0,0
S-19498,U-10498,P-1837,110,0.18,5,1,0,0
S-19499,U-10499,P-1644,102,0.95,8,0,0,0
S-19500,U-10500,P-1221,197,0.92,5,0,0,0
S-19501,U-10501,P-1121,154,0.76,9,0,0,0
S-19502,U-10502,P-1750,115,0.33,2,0,0,0
S-19503,U-10503,P-1000,160,0.77,9,0,0,0
S-19504,U-10504,P-1149,3,0.95,5,1,0,0
S-19505,U-10505,P-1642,168,0.45,3,0,0,0
S-19506,U-10506,P-1867,118,0.15,0,0,0,0
S-19507,U-10507,P-1428,41,0.25,1,1,0,0
S-19508,U-10508,P-1252,186,0.32,6,0,1,1
S-19509,U-10509,P-1238,170,0.67,1,0,0,0
S-19510,U-10510,P-1615,262,0.82,1,0,0,0
S-19511,U-10511,P-1281,37,0.49,8,0,0,0
S-19512,U-10512,P-1338,117,0.6,8,0,0,0
S-19513,U-10513,P-1385,269,0.98,7,0,0,0
S-19514,U-10514,P-1740,85,0.63,8,1,0,0
S-19515,U-10515,P-1297,39,0.62,3,1,0,0
S-19516,U-10516,P-1752,146,0.71,6,0,1,1
S-19517,U-10517,P-1236,255,0.71,9,1,0,0
S-19518,U-10518,P-1149,1,0.16,6,0,0,0
S-19519,U-10519,P-1130,158,0.61,6,1,0,0
S-19520,U-10520,P-1596,32,0.39,9,1,0,0
S-19521,U-10521,P-1004,177,0.46,8,1,0,0
S-19522,U-10522,P-1921,169,0.69,4,0,0,0
S-19523,U-10523,P-1439,160,0.64,9,1,0,0
S-19524,U-10524,P-1388,200,0.21,0,1,0,0
S-19525,U-10525,P-1116,196,0.62,7,1,0,0
S-19526,U-10526,P-1195,136,0.25,1,1,0,0
S-19527,U-10527,P-1200,55,0.48,4,0,0,0
S-19528,U-10528,P-1655,246,0.93,5,1,0,0
S-19529,U-10529,P-1155,141,0.64,5,1,0,0
S-19530,U-10530,P-1122,95,0.61,4,0,0,0
S-19531,U-10531,P-1850,162,0.21,1,1,0,0
S-19532,U-10532,P-1568,16,0.13,6,1,0,0
S-19533,U-10533,P-1852,28,0.11,3,0,0,0
S-19534,U-10534,P-1455,195,0.44,1,1,0,0
S-19535,U-10535,P-1898,220,0.9,9,0,0,0
S-19536,U-10536,P-1115,68,0.49,9,0,0,0
S-19537,U-10537,P-1535,36,0.96,1,0,0,0
S-19538,U-10538,P-1672,204,0.26,8,0,0,0
S-19539,U-10539,P-1029,1,0.63,1,0,0,0
S-19540,U-10540,P-1541,69,0.39,2,1,0,0
S-19541,U-10541,P-1109,135,0.46,1,0,0,0
S-19542,U-10542,P-1834,292,0.84,5,0,1,0
S-19543,U-10543,P-1862,247,0.53,6,0,0,0
S-19544,U-10544,P-1332,3,0.64,8,0,0,0
S-19545,U-10545,P-1030,61,0.87,1,1,0,0
S-19546,U-10546,P-1537,206,0.62,6,0,0,0
S-19547,U-10547,P-1470,28,0.35,6,0,0,0
S-19548,U-10548,P-1770,150,0.68,7,0,0,0
S-19549,U-10549,P-1668,107,0.8,2,1,0,0
S-19550,U-10550,P-1879,49,0.6,2,1,0,0
S-19551,U-10551,P-1243,88,0.87,8,0,0,0
S-19552,U-10552,P-1982,76,0.51,9,0,0,0
S-19553,U-10553,P-1609,33,0.95,3,1,0,0
S-19554,U-10554,P-1129,155,0.41,0,0,0,0
S-19555,U-10555,P-1792,212,0.98,3,0,0,0
S-19556,U-10556,P-1287,61,0.14,1,1,0,0
S-19557,U-10557,P-1578,215,0.32,7,0,0,0
S-19558,U-10558,P-1981,238,0.14,6,1,0,0
S-19559,U-10559,P-1859,221,0.17,1,1,0,0
S-19560,U-10560,P-1476,112,0.19,7,1,0,0
S-19561,U-10561,P-1252,230,0.57,7,1,0,0
S-19562,U-10562,P-1257,189,0.31,1,1,0,0
S-19563,U-10563,P-1906,48,0.83,2,0,0,0
S-19564,U-10564,P-1105,212,0.8,3,0,0,0
S-19565,U-10565,P-1439,108,0.92,8,0,0,0
S-19566,U-10566,P-1390,239,0.12,9,1,0,0
S-19567,U-10567,P-1738,94,0.74,4,1,0,0
S-19568,U-10568,P-1959,81,0.73,1,0,0,0
S-19569,U-10569,P-1572,244,0.46,8,1,0,0
S-19570,U-10570,P-1581,71,0.15,2,0,0,0
S-19571,U-10571,P-1088,295,0.46,9,1,1,1
S-19572,U-10572,P-1232,1,0.27,7,1,0,0
S-19573,U-10573,P-1007,275,0.19,1,1,0,0
S-19574,U-10574,P-1908,210,0.6,4,0,0,0
S-19575,U-10575,P-1224,150,0.83,7,1,0,0
S-19576,U-10576,P-1180,229,0.48,2,0,0,0
S-19577,U-10577,P-1536,163,0.55,7,1,0,0
S-19578,U-10578,P-1423,59,0.79,1,0,0,0
S-19579,U-10579,P-1537,258,0.2,8,1,0,0
S-19580,U-10580,P-1708,55,0.23,7,1,0,0
S-19581,U-10581,P-1188,5,0.82,9,1,0,0
S-19582,U-10582,P-1589,206,0.97,7,1,0,0
S-19583,U-10583,P-1804,189,0.6,6,1,0,0
S-19584,U-10584,P-1698,42,0.5,9,0,0,0
S-19585,U-10585,P-1438,295,0.78,1,1,0,0
S-19586,U-10586,P-1150,279,0.71,3,0,0,0
S-19587,U-10587,P-1904,48,0.5,7,0,0,0
S-19588,U-10588,P-1958,138,0.77,2,1,0,0
S-19589,U-10589,P-1907,273,0.99,2,0,0,0
S-19590,U-10590,P-1349,130,0.12,7,1,0,0
S-19591,U-10591,P-1204,90,0.49,9,1,0,0
S-19592,U-10592,P-1158,152,0.24,4,0,0,0
S-19593,U-10593,P-1102,168,0.72,1,0,0,0
S-19594,U-10594,P-1866,218,0.57,2,1,0,0
S-19595,U-10595,P-1195,46,0.93,0,1,0,0
S-19596,U-10596,P-1608,279,0.58,9,1,0,0
S-19597,U-10597,P-1768,240,0.86,6,1,0,0
S-19598,U-10598,P-1984,89,0.74,5,1,0,0
S-19599,U-10599,P-1147,241,0.32,7,0,0,0
S-19600,U-10600,P-1077,107,0.25,5,1,0,0
S-19601,U-10601,P-1922,256,0.95,5,1,0,0
S-19602,U-10602,P-1499,186,0.73,1,1,0,0
S-19603,U-10603,P-1049,119,0.33,0,0,0,0
S-19604,U-10604,P-1292,36,0.54,3,0,1,0
S-19605,U-10605,P-1517,189,0.93,1,0,1,1
S-19606,U-10606,P-1422,83,0.99,0,0,0,0
S-19607,U-10607,P-1871,107,0.21,3,0,0,0
S-19608,U-10608,P-1204,36,0.64,9,0,0,0
S-19609,U-10609,P-1325,144,0.28,0,0,0,0
S-19610,U-10610,P-1758,196,0.26,8,0,0,0
S-19611,U-10611,P-1277,258,0.42,6,0,0,0
S-19612,U-10612,P-1598,269,0.22,2,1,0,0
S-19613,U-10613,P-1032,70,0.64,7,0,0,0
S-19614,U-10614,P-1921,180,0.66,5,1,0,0
S-19615,U-10615,P-1970,122,0.51,3,0,0,0
S-19616,U-10616,P-1198,202,0.69,5,0,0,0
S-19617,U-10617,P-1104,207,0.77,4,0,0,0
S-19618,U-10618,P-1530,52,0.85,7,0,0,0
S-19619,U-10619,P-1540,133,0.86,5,1,0,0
S-19620,U-10620,P-1685,285,0.13,9,1,0,0
S-19621,U-10621,P-1085,1,0.38,7,1,0,0
S-19622,U-10622,P-1440,79,0.33,8,1,0,0
S-19623,U-10623,P-1418,97,0.43,1,0,0,0
S-19624,U-10624,P-1062,115,0.43,5,1,0,0
S-19625,U-10625,P-1317,102,0.15,2,1,0,0
S-19626,U-10626,P-1722,167,0.96,8,1,0,0
S-19627,U-10627,P-1790,58,0.47,2,0,0,0
S-19628,U-10628,P-1791,126,0.84,0,1,0,0
S-19629,U-10629,P-1158,274,0.74,5,0,0,0
S-19630,U-10630,P-1890,213,0.54,0,1,1,0
S-19631,U-10631,P-1989,199,0.33,4,1,0,0
S-19632,U-10632,P-1063,100,0.66,4,0,0,0
S-19633,U-10633,P-1957,83,0.37,2,0,0,0
S-19634,U-10634,P-1401,298,0.3,3,1,0,0
S-19635,U-10635,P-1773,189,0.56,2,0,0,0
S-19636,U-10636,P-1687,59,0.91,4,0,0,0
S-19637,U-10637,P-1764,51,0.93,5,0,0,0
S-19638,U-10638,P-1631,225,0.15,8,0,1,1
S-19639,U-10639,P-1088,184,0.64,4,1,0,0
S-19640,U-10640,P-1975,123,0.79,8,1,0,0
S-19641,U-10641,P-1047,161,0.13,2,1,0,0
S-19642,U-10642,P-1959,23,0.39,7,0,0,0
S-19643,U-10643,P-1668,102,0.45,2,0,0,0
S-19644,U-10644,P-1389,46,0.68,6,0,0,0
S-19645,U-10645,P-1035,40,0.12,7,1,0,0
S-19646,U-10646,P-1836,123,0.55,1,0,0,0
S-19647,U-10647,P-1847,66,0.51,1,0,0,0
S-19648,U-10648,P-1648,5,0.77,6,0,0,0
S-19649,U-10649,P-1142,129,0.27,3,0,0,0
S-19650,U-10650,P-1044,13,0.28,5,0,1,0
S-19651,U-10651,P-1675,81,0.83,1,0,0,0
S-19652,U-10652,P-1311,285,0.12,2,1,1,0
S-19653,U-10653,P-1496,50,0.89,0,0,0,0
S-19654,U-10654,P-1518,2,0.34,0,0,0,0
S-19655,U-10655,P-1951,227,0.44,8,0,0,0
S-19656,U-10656,P-1688,4,0.38,8,1,0,0
S-19657,U-10657,P-1428,261,0.47,7,1,0,0
S-19658,U-10658,P-1389,259,0.84,7,1,0,0
S-19659,U-10659,P-1021,174,0.88,2,0,0,0
S-19660,U-10660,P-1872,52,0.48,9,0,0,0
S-19661,U-10661,P-1517,288,0.2,4,0,0,0
S-19662,U-10662,P-1989,33,0.43,6,0,0,0
S-19663,U-10663,P-1684,82,0.44,8,1,0,0
S-19664,U-10664,P-1648,5,0.8,1,0,0,0
S-19665,U-10665,P-1214,109,0.9,7,1,0,0
S-19666,U-10666,P-1354,60,0.38,0,1,0,0
S-19667,U-10667,P-1712,224,0.89,2,1,0,0
S-19668,U-10668,P-1957,39,0.11,5,1,0,0
S-19669,U-10669,P-1862,147,0.96,7,1,0,0
S-19670,U-10670,P-1912,15,0.19,9,1,0,0
S-19671,U-10671,P-1148,101,0.79,4,0,0,0
S-19672,U-10672,P-1871,36,0.9,1,0,0,0
S-19673,U-10673,P-1853,23,0.27,5,0,0,0
S-19674,U-10674,P-1529,297,0.22,4,1,0,0
S-19675,U-10675,P-1779,219,0.9,8,0,0,0
S-19676,U-10676,P-1060,248,0.13,4,0,0,0
S-19677,U-10677,P-1042,112,0.82,3,1,0,0
S-19678,U-10678,P-1031,249,0.71,9,0,0,0
S-19679,U-10679,P-1687,95,0.36,3,0,0,0
S-19680,U-10680,P-1262,83,0.68,2,0,0,0
S-19681,U-10681,P-1451,220,0.76,3,1,0,0
S-19682,U-10682,P-1250,46,0.54,0,0,0,0
S-19683,U-10683,P-1964,148,0.91,3,0,0,0
S-19684,U-10684,P-1395,259,0.69,3,1,0,0
S-19685,U-10685,P-1824,3,0.99,3,1,0,0
S-19686,U-10686,P-1522,114,0.34,2,1,0,0
S-19687,U-10687,P-1748,169,0.25,6,0,0,0
S-19688,U-10688,P-1305,176,0.19,3,0,0,0
S-19689,U-10689,P-1494,154,0.64,7,1,0,0
S-19690,U-10690,P-1448,247,0.73,2,0,0,0
S-19691,U-10691,P-1976,13,0.63,1,1,0,0
S-19692,U-10692,P-1695,165,0.41,4,0,0,0
S-19693,U-10693,P-1130,31,0.2,6,0,0,0
S-19694,U-10694,P-1723,86,0.85,2,0,0,0
S-19695,U-10695,P-1570,228,0.62,8,1,0,0
S-19696,U-10696,P-1194,101,0.12,1,1,0,0
S-19697,U-10697,P-1600,215,0.1,4,1,0,0
S-19698,U-10698,P-1097,25,0.17,3,0,0,0
S-19699,U-10699,P-1157,202,0.86,8,1,0,0
S-19700,U-10700,P-1157,206,0.78,7,1,0,0
S-19701,U-10701,P-1900,80,0.75,6,1,0,0
S-19702,U-10702,P-1894,219,0.57,0,0,0,0
S-19703,U-10703,P-1038,208,0.33,1,1,0,0
S-19704,U-10704,P-1283,294,0.45,1,1,0,0
S-19705,U-10705,P-1583,191,0.71,0,0,1,1
S-19706,U-10706,P-1721,38,0.73,4,1,0,0
S-19707,U-10707,P-1553,236,0.27,9,0,0,0
S-19708,U-10708,P-1374,197,0.59,3,1,0,0
S-19709,U-10709,P-1758,297,0.62,3,1,0,0
S-19710,U-10710,P-1404,19,0.12,5,1,0,0
S-19711,U-10711,P-1642,78,0.54,7,1,0,0
S-19712,U-10712,P-1332,176,0.1,3,1,0,0
S-19713,U-10713,P-1167,297,0.27,3,1,0,0
S-19714,U-10714,P-1700,79,0.8,8,0,0,0
S-19715,U-10715,P-1279,139,0.29,6,1,0,0
S-19716,U-10716,P-1575,83,0.97,9,1,0,0
S-19717,U-10717,P-1606,250,0.25,5,0,0,0
S-19718,U-10718,P-1370,45,0.94,9,1,0,0
S-19719,U-10719,P-1761,54,0.18,9,1,0,0
S-19720,U-10720,P-1580,80,0.46,0,1,0,0
S-19721,U-10721,P-1655,30,0.73,5,1,0,0
S-19722,U-10722,P-1729,139,0.63,4,0,0,0
S-19723,U-10723,P-1619,188,0.28,4,1,0,0
S-19724,U-10724,P-1927,212,0.57,8,1,0,0
S-19725,U-10725,P-1566,47,0.97,0,0,0,0
S-19726,U-10726,P-1436,205,0.86,5,0,0,0
S-19727,U-10727,P-1776,230,0.11,8,1,0,0
S-19728,U-10728,P-1855,255,0.11,1,0,0,0
S-19729,U-10729,P-1175,52,0.73,8,0,0,0
S-19730,U-10730,P-1285,217,0.25,0,1,0,0
S-19731,U-10731,P-1028,138,0.64,7,1,0,0
S-19732,U-10732,P-1228,21,0.36,7,1,0,0
S-19733,U-10733,P-1859,22,0.33,9,1,0,0
S-19734,U-10734,P-1964,206,0.18,8,1,0,0
S-19735,U-10735,P-1259,31,0.27,9,1,0,0
S-19736,U-10736,P-1674,8,0.9,9,1,0,0
S-19737,U-10737,P-1826,236,0.98,8,0,0,0
S-19738,U-10738,P-1246,8,0.98,9,1,0,0
S-19739,U-10739,P-1608,135,0.67,7,1,0,0
S-19740,U-10740,P-1081,108,0.15,4,1,1,0
S-19741,U-10741,P-1575,119,0.51,6,1,0,0
S-19742,U-10742,P-1164,238,0.9,0,1,0,0
S-19743,U-10743,P-1270,46,0.94,2,0,0,0
S-19744,U-10744,P-1690,246,0.47,5,0,0,0
S-19745,U-10745,P-1393,97,0.23,2,0,0,0
S-19746,U-10746,P-1491,121,0.88,7,1,0,0
S-19747,U-10747,P-1419,277,0.7,5,0,0,0
S-19748,U-10748,P-1599,157,0.81,4,0,0,0
S-19749,U-10749,P-1773,38,0.72,3,0,1,1
S-19750,U-10750,P-1377,217,0.66,2,0,0,0
S-19751,U-10751,P-1939,5,0.16,1,0,0,0
S-19752,U-10752,P-1855,79,0.72,2,1,0,0
S-19753,U-10753,P-1092,146,0.61,0,0,0,0
S-19754,U-10754,P-1836,298,0.57,3,0,0,0
S-19755,U-10755,P-1979,116,0.67,7,1,0,0
S-19756,U-10756,P-1989,142,0.24,2,1,0,0
S-19757,U-10757,P-1732,179,0.32,6,0,0,0
S-19758,U-10758,P-1716,69,0.51,9,0,0,0
S-19759,U-10759,P-1226,225,0.91,3,0,1,0
S-19760,U-10760,P-1351,29,0.88,9,1,0,0
S-19761,U-10761,P-1810,71,0.94,6,1,0,0
S-19762,U-10762,P-1521,251,0.65,6,1,0,0
S-19763,U-10763,P-1578,30,0.47,1,0,1,0
S-19764,U-10764,P-1421,288,0.69,5,1,0,0
S-19765,U-10765,P-1977,246,0.63,9,0,0,0
S-19766,U-10766,P-1262,186,0.84,5,1,0,0
S-19767,U-10767,P-1348,136,0.95,4,1,0,0
S-19768,U-10768,P-1496,23,0.92,3,0,0,0
S-19769,U-10769,P-1987,153,0.35,2,0,1,1
S-19770,U-10770,P-1695,14,0.41,2,0,0,0
S-19771,U-10771,P-1912,33,0.66,6,1,0,0
S-19772,U-10772,P-1797,252,0.58,5,0,0,0
S-19773,U-10773,P-1560,8,0.22,5,1,0,0
S-19774,U-10774,P-1972,222,0.71,7,1,0,0
S-19775,U-10775,P-1129,233,0.73,0,1,0,0
S-19776,U-10776,P-1834,162,0.42,8,1,0,0
S-19777,U-10777,P-1369,203,0.41,1,1,1,0
S-19778,U-10778,P-1842,162,0.57,1,1,0,0
S-19779,U-10779,P-1292,190,0.94,5,1,0,0
S-19780,U-10780,P-1100,202,0.35,2,0,0,0
S-19781,U-10781,P-1927,266,0.34,2,0,0,0
S-19782,U-10782,P-1612,68,0.2,9,1,0,0
S-19783,U-10783,P-1228,36,0.23,7,1,0,0
S-19784,U-10784,P-1731,146,0.72,2,1,0,0
S-19785,U-10785,P-1684,254,0.52,2,1,1,1
S-19786,U-10786,P-1776,62,0.85,9,0,0,0
S-19787,U-10787,P-1065,48,0.18,3,0,0,0
S-19788,U-10788,P-1294,128,0.14,7,0,0,0
S-19789,U-10789,P-1061,260,0.65,7,0,0,0
S-19790,U-10790,P-1901,171,0.78,3,1,0,0
S-19791,U-10791,P-1587,280,0.61,3,1,0,0
S-19792,U-10792,P-1516,121,0.35,1,0,0,0
S-19793,U-10793,P-1829,118,0.46,9,0,0,0
S-19794,U-10794,P-1086,226,0.38,9,0,0,0
S-19795,U-10795,P-1903,58,0.97,0,0,0,0
S-19796,U-10796,P-1053,192,0.57,3,0,0,0
S-19797,U-10797,P-1367,220,0.19,8,1,0,0
S-19798,U-10798,P-1908,260,0.38,5,1,0,0
S-19799,U-10799,P-1936,205,0.42,9,1,0,0
S-19800,U-10800,P-1456,207,0.58,0,0,0,0
S-19801,U-10801,P-1545,214,0.66,8,1,0,0
S-19802,U-10802,P-1262,175,0.54,9,0,0,0
S-19803,U-10803,P-1894,175,0.68,8,0,0,0
S-19804,U-10804,P-1305,179,0.51,7,0,0,0
S-19805,U-10805,P-1671,94,0.84,0,0,0,0
S-19806,U-10806,P-1977,31,0.89,6,1,0,0
S-19807,U-10807,P-1752,155,0.61,6,1,0,0
S-19808,U-10808,P-1381,71,0.13,2,1,0,0
S-19809,U-10809,P-1317,93,0.11,8,1,0,0
S-19810,U-10810,P-1493,4,0.82,0,1,0,0
S-19811,U-10811,P-1866,122,0.14,5,1,0,0
S-19812,U-10812,P-1420,63,0.86,6,0,1,1
S-19813,U-10813,P-1507,285,0.97,2,1,0,0
S-19814,U-10814,P-1638,290,0.14,8,0,0,0
S-19815,U-10815,P-1834,28,0.84,4,0,0,0
S-19816,U-10816,P-1010,4,0.79,6,0,0,0
S-19817,U-10817,P-1285,194,0.78,1,1,0,0
S-19818,U-10818,P-1345,119,0.62,5,0,0,0
S-19819,U-10819,P-1583,293,0.67,4,1,0,0
S-19820,U-10820,P-1044,260,0.96,3,0,0,0
S-19821,U-10821,P-1434,154,0.41,8,1,0,0
S-19822,U-10822,P-1927,286,0.21,4,1,0,0
S-19823,U-10823,P-1998,213,0.77,2,0,0,0
S-19824,U-10824,P-1889,131,0.27,7,0,0,0
S-19825,U-10825,P-1876,252,0.91,1,1,0,0
S-19826,U-10826,P-1866,51,0.2,7,0,0,0
S-19827,U-10827,P-1366,147,0.68,1,1,0,0
S-19828,U-10828,P-1550,202,0.76,5,0,0,0
S-19829,U-10829,P-1922,117,0.28,4,1,0,0
S-19830,U-10830,P-1600,278,0.13,1,0,0,0
S-19831,U-10831,P-1537,44,0.9,3,1,0,0
S-19832,U-10832,P-1956,83,0.41,0,0,0,0
S-19833,U-10833,P-1866,112,0.38,6,0,1,1
S-19834,U-10834,P-1458,290,0.37,4,1,0,0
S-19835,U-10835,P-1763,205,0.15,7,0,0,0
S-19836,U-10836,P-1547,160,0.47,5,0,0,0
S-19837,U-10837,P-1827,235,0.55,6,1,1,0
S-19838,U-10838,P-1927,271,0.38,8,0,1,1
S-19839,U-10839,P-1883,165,0.54,4,0,0,0
S-19840,U-10840,P-1027,21,0.77,7,0,0,0
S-19841,U-10841,P-1057,145,0.49,2,0,0,0
S-19842,U-10842,P-1196,21,0.1,8,1,0,0
S-19843,U-10843,P-1312,245,0.38,2,1,0,0
S-19844,U-10844,P-1494,113,0.53,8,0,0,0
S-19845,U-10845,P-1518,1,0.49,0,1,0,0
S-19846,U-10846,P-1933,144,0.54,6,0,0,0
S-19847,U-10847,P-1658,193,0.51,4,1,0,0
S-19848,U-10848,P-1529,199,0.72,4,0,0,0
S-19849,U-10849,P-1163,107,0.57,8,0,0,0
S-19850,U-10850,P-1785,181,0.16,4,1,0,0
S-19851,U-10851,P-1597,285,0.19,1,0,0,0
S-19852,U-10852,P-1170,274,0.44,9,1,0,0
S-19853,U-10853,P-1537,155,0.95,3,1,0,0
S-19854,U-10854,P-1487,141,0.27,3,1,1,1
S-19855,U-10855,P-1267,161,0.65,2,0,0,0
S-19856,U-10856,P-1047,37,0.55,2,1,0,0
S-19857,U-10857,P-1202,104,0.6,1,0,0,0
S-19858,U-10858,P-1219,80,0.39,7,0,0,0
S-19859,U-10859,P-1835,31,0.57,6,1,0,0
S-19860,U-10860,P-1283,40,0.8,5,1,0,0
S-19861,U-10861,P-1987,176,0.78,7,1,0,0
S-19862,U-10862,P-1690,209,0.49,9,0,0,0
S-19863,U-10863,P-1914,2,0.22,0,1,0,0
S-19864,U-10864,P-1307,132,0.25,7,1,0,0
S-19865,U-10865,P-1417,44,0.69,8,0,0,0
S-19866,U-10866,P-1865,56,0.77,7,1,0,0
S-19867,U-10867,P-1154,23,0.2,2,0,1,1
S-19868,U-10868,P-1311,284,0.48,7,1,0,0
S-19869,U-10869,P-1354,67,0.48,5,0,0,0
S-19870,U-10870,P-1181,241,0.41,8,1,0,0
S-19871,U-10871,P-1804,239,0.2,1,1,0,0
S-19872,U-10872,P-1984,45,0.26,2,0,0,0
S-19873,U-10873,P-1898,218,0.7,3,0,0,0
S-19874,U-10874,P-1354,62,0.17,7,0,0,0
S-19875,U-10875,P-1003,197,0.35,3,1,0,0
S-19876,U-10876,P-1196,142,0.79,2,1,0,0
S-19877,U-10877,P-1809,103,0.67,3,1,1,0
S-19878,U-10878,P-1213,142,0.96,6,0,0,0
S-19879,U-10879,P-1088,137,0.8,2,0,0,0
S-19880,U-10880,P-1618,231,0.11,9,0,0,0
S-19881,U-10881,P-1998,144,0.93,6,1,0,0
S-19882,U-10882,P-1872,273,0.99,2,0,0,0
S-19883,U-10883,P-1268,224,0.57,3,0,0,0
S-19884,U-10884,P-1481,299,0.12,2,1,0,0
S-19885,U-10885,P-1507,265,0.91,9,0,0,0
S-19886,U-10886,P-1926,168,0.62,9,0,0,0
S-19887,U-10887,P-1021,286,0.12,0,1,0,0
S-19888,U-10888,P-1988,50,0.15,2,0,0,0
S-19889,U-10889,P-1006,5,0.8,6,1,0,0
S-19890,U-10890,P-1366,191,0.21,2,1,1,0
S-19891,U-10891,P-1424,94,0.34,8,0,0,0
S-19892,U-10892,P-1326,6,0.67,5,1,0,0
S-19893,U-10893,P-1862,60,0.62,8,0,0,0
S-19894,U-10894,P-1773,152,0.75,7,0,0,0
S-19895,U-10895,P-1731,16,0.74,0,1,0,0
S-19896,U-10896,P-1373,42,0.39,7,0,0,0
S-19897,U-10897,P-1394,178,0.96,0,0,1,0
S-19898,U-10898,P-1246,182,0.11,8,1,0,0
S-19899,U-10899,P-1492,128,0.81,4,0,0,0
S-19900,U-10900,P-1691,139,0.3,9,1,0,0
S-19901,U-10901,P-1957,122,0.37,7,0,0,0
S-19902,U-10902,P-1879,52,0.74,7,1,0,0
S-19903,U-10903,P-1260,254,0.48,9,0,0,0
S-19904,U-10904,P-1492,69,0.82,5,0,0,0
S-19905,U-10905,P-1591,95,0.31,6,0,0,0
S-19906,U-10906,P-1704,156,0.6,2,0,0,0
S-19907,U-10907,P-1205,240,0.71,1,1,0,0
S-19908,U-10908,P-1479,295,0.78,1,0,0,0
S-19909,U-10909,P-1149,1,0.62,4,1,0,0
S-19910,U-10910,P-1681,228,0.55,9,1,0,0
S-19911,U-10911,P-1324,42,0.96,0,0,0,0
S-19912,U-10912,P-1268,293,0.63,6,0,0,0
S-19913,U-10913,P-1284,123,0.73,5,0,0,0
S-19914,U-10914,P-1937,172,0.15,1,1,0,0
S-19915,U-10915,P-1396,264,0.22,9,1,0,0
S-19916,U-10916,P-1739,251,0.19,2,0,0,0
S-19917,U-10917,P-1358,127,0.71,1,1,0,0
S-19918,U-10918,P-1237,277,0.23,4,0,0,0
S-19919,U-10919,P-1301,267,0.73,2,0,0,0
S-19920,U-10920,P-1166,241,0.11,7,1,0,0
S-19921,U-10921,P-1683,280,0.7,6,1,1,0
S-19922,U-10922,P-1049,97,0.74,6,1,0,0
S-19923,U-10923,P-1296,16,0.41,9,1,0,0
S-19924,U-10924,P-1574,19,0.13,9,1,0,0
S-19925,U-10925,P-1508,133,0.8,3,0,0,0
S-19926,U-10926,P-1672,219,0.8,2,1,0,0
S-19927,U-10927,P-1382,188,0.29,0,0,0,0
S-19928,U-10928,P-1020,72,0.53,7,1,0,0
S-19929,U-10929,P-1125,168,0.59,1,0,0,0
S-19930,U-10930,P-1488,255,0.33,4,0,0,0
S-19931,U-10931,P-1835,264,0.84,2,0,0,0
S-19932,U-10932,P-1969,130,0.7,9,1,0,0
S-19933,U-10933,P-1995,123,0.32,8,0,0,0
S-19934,U-10934,P-1591,140,0.17,3,0,0,0
S-19935,U-10935,P-1700,35,0.2,9,0,0,0
S-19936,U-10936,P-1118,261,0.7,8,1,0,0
S-19937,U-10937,P-1865,274,0.66,9,1,1,0
S-19938,U-10938,P-1625,191,0.76,6,1,0,0
S-19939,U-10939,P-1918,110,0.29,2,1,0,0
S-19940,U-10940,P-1380,61,0.26,1,1,0,0
S-19941,U-10941,P-1965,244,0.58,7,0,0,0
S-19942,U-10942,P-1911,168,0.86,1,1,0,0
S-19943,U-10943,P-1129,255,0.57,9,0,0,0
S-19944,U-10944,P-1304,122,0.14,2,0,0,0
S-19945,U-10945,P-1752,132,0.85,2,1,0,0
S-19946,U-10946,P-1939,1,0.56,0,0,0,0
S-19947,U-10947,P-1236,119,0.39,5,1,0,0
S-19948,U-10948,P-1317,53,0.49,1,1,0,0
S-19949,U-10949,P-1379,241,0.34,7,1,0,0
S-19950,U-10950,P-1439,236,0.61,8,1,0,0
S-19951,U-10951,P-1345,147,0.11,6,1,1,1
S-19952,U-10952,P-1222,273,0.32,8,0,0,0
S-19953,U-10953,P-1759,279,0.42,1,1,0,0
S-19954,U-10954,P-1499,117,0.24,5,0,0,0
S-19955,U-10955,P-1086,123,0.16,5,0,1,1
S-19956,U-10956,P-1704,274,0.4,8,0,1,1
S-19957,U-10957,P-1865,37,0.16,7,0,0,0
S-19958,U-10958,P-1980,237,0.58,4,1,0,0
S-19959,U-10959,P-1024,19,0.13,6,1,0,0
S-19960,U-10960,P-1495,232,0.29,0,1,0,0
S-19961,U-10961,P-1219,11,0.18,9,1,0,0
S-19962,U-10962,P-1940,258,0.73,9,0,1,1
S-19963,U-10963,P-1338,213,0.59,4,0,0,0
S-19964,U-10964,P-1236,87,0.92,3,0,0,0
S-19965,U-10965,P-1728,70,0.11,2,1,1,0
S-19966,U-10966,P-1563,61,0.76,5,1,0,0
S-19967,U-10967,P-1422,35,0.56,5,0,0,0
S-19968,U-10968,P-1590,159,0.16,3,1,0,0
S-19969,U-10969,P-1771,264,0.96,1,1,0,0
S-19970,U-10970,P-1808,32,0.94,7,1,0,0
S-19971,U-10971,P-1671,288,0.76,2,0,0,0
S-19972,U-10972,P-1129,253,0.61,9,1,0,0
S-19973,U-10973,P-1212,2,0.89,5,1,0,0
S-19974,U-10974,P-1830,284,0.36,0,0,0,0
S-19975,U-10975,P-1254,275,0.89,0,0,0,0
S-19976,U-10976,P-1056,280,0.98,5,1,1,0
S-19977,U-10977,P-1465,79,0.13,2,0,0,0
S-19978,U-10978,P-1207,17,0.43,7,1,0,0
S-19979,U-10979,P-1547,221,0.68,0,1,0,0
S-19980,U-10980,P-1167,81,0.99,4,0,0,0
S-19981,U-10981,P-1883,37,0.2,8,0,0,0
S-19982,U-10982,P-1659,270,0.12,2,1,0,0
S-19983,U-10983,P-1436,46,0.87,8,0,0,0
S-19984,U-10984,P-1009,139,0.17,6,1,1,0
S-19985,U-10985,P-1806,11,0.54,0,0,0,0
S-19986,U-10986,P-1920,59,0.72,7,1,0,0
S-19987,U-10987,P-1494,96,0.14,5,0,0,0
S-19988,U-10988,P-1524,283,0.16,6,1,0,0
S-19989,U-10989,P-1276,145,0.84,9,1,1,1
S-19990,U-10990,P-1817,264,0.72,0,0,0,0
S-19991,U-10991,P-1991,166,0.32,3,1,1,0
S-19992,U-10992,P-1766,292,0.27,9,0,0,0
S-19993,U-10993,P-1525,152,0.78,8,0,0,0
S-19994,U-10994,P-1553,53,0.55,1,1,0,0
S-19995,U-10995,P-1435,215,0.15,9,0,0,0
S-19996,U-10996,P-1769,6,0.14,0,1,0,0
S-19997,U-10997,P-1712,126,0.57,7,1,0,0
S-19998,U-10998,P-1270,184,0.41,8,1,1,0
S-19999,U-10999,P-1226,40,0.15,8,0,1,0
